String Length (l),Initial Detectors (N),Matching Threshold (r),Repetition,Generation,Mean Pathogen Fitness,Mean Protein Score,Unique Detectors,Detector Shannon,Detector Hamming,Unique Pathogens,Pathogen Shannon,Pathogen Hamming,Active Detectors,Average Detector Coverage
5,500,2,1,0,0.0,0.495,13,2.5442781792072076,2.029250501002004,32,3.450143731172746,2.4987127127127127,500,0.5956279999999999
5,500,2,1,1,0.0,0.49620000000000003,13,2.5442781792072076,2.029250501002004,32,3.4508333299214993,2.50191991991992,500,0.592282
5,500,2,1,2,0.0,0.5007999999999999,13,2.5442781792072076,2.029250501002004,32,3.4519799983770167,2.5015775775775775,500,0.593452
5,500,2,1,3,0.0,0.49579999999999996,13,2.5442781792072076,2.029250501002004,32,3.451773092034403,2.5015915915915916,500,0.585412
5,500,2,1,4,0.0,0.49539999999999995,13,2.5442781792072076,2.029250501002004,32,3.452792235822099,2.5014314314314317,500,0.59223
5,500,2,1,5,0.0,0.5014,13,2.5442781792072076,2.029250501002004,32,3.4515106857449602,2.4995415415415416,500,0.60076
5,500,2,1,6,0.0,0.4932,13,2.5442781792072076,2.029250501002004,32,3.4545275594393736,2.501777777777778,500,0.5871899999999999
5,500,2,1,7,0.0,0.4962,13,2.5442781792072076,2.029250501002004,32,3.4473682003987967,2.501215215215215,500,0.5903899999999999
5,500,2,1,8,0.0,0.501,13,2.5442781792072076,2.029250501002004,32,3.45545659382248,2.5017037037037038,500,0.5981199999999999
5,500,2,1,9,0.0,0.49939999999999996,13,2.5442781792072076,2.029250501002004,32,3.452223824800755,2.5004744744744745,500,0.5958199999999999
5,500,2,1,10,0.0,0.5026,13,2.5442781792072076,2.029250501002004,32,3.4478649724737416,2.5007827827827827,500,0.5992439999999999
5,500,2,1,11,0.0,0.5084000000000001,13,2.5442781792072076,2.029250501002004,32,3.4530335604274103,2.5015935935935936,500,0.59988
5,500,2,1,12,0.0,0.49360000000000004,13,2.5442781792072076,2.029250501002004,32,3.4497281888209974,2.5009569569569567,500,0.5898839999999999
5,500,2,1,13,0.0,0.501,13,2.5442781792072076,2.029250501002004,32,3.4527167368018308,2.501315315315315,500,0.5955459999999999
5,500,2,1,14,0.0,0.4882,13,2.5442781792072076,2.029250501002004,32,3.451334995117553,2.498284284284284,500,0.5919079999999999
5,500,2,1,15,0.0,0.49260000000000004,13,2.5442781792072076,2.029250501002004,32,3.4495813651567895,2.500834834834835,500,0.5902399999999998
5,500,2,1,16,0.0,0.5034,13,2.5442781792072076,2.029250501002004,32,3.4540303232572964,2.4997337337337338,500,0.6048920000000001
5,500,2,1,17,0.0,0.502,13,2.5442781792072076,2.029250501002004,32,3.4471196027883266,2.500912912912913,500,0.59949
5,500,2,1,18,0.0,0.503,13,2.5442781792072076,2.029250501002004,32,3.4572854763686585,2.5023803803803806,500,0.594972
5,500,2,1,19,0.0,0.4952,13,2.5442781792072076,2.029250501002004,32,3.4542736710125292,2.500768768768769,500,0.594086
5,500,2,1,20,0.0,0.49660000000000004,13,2.5442781792072076,2.029250501002004,32,3.4506152715286245,2.499925925925926,500,0.588336
5,500,2,1,21,0.0,0.507,13,2.5442781792072076,2.029250501002004,32,3.452223131273868,2.501183183183183,500,0.6006859999999999
5,500,2,1,22,0.0,0.49319999999999997,13,2.5442781792072076,2.029250501002004,32,3.453864913240661,2.5012692692692693,500,0.58746
5,500,2,1,23,0.0,0.5,13,2.5442781792072076,2.029250501002004,32,3.4490458873595875,2.500312312312312,500,0.5946
5,500,2,1,24,0.0,0.5054,13,2.5442781792072076,2.029250501002004,32,3.450813977503047,2.4974354354354356,500,0.6064200000000001
5,500,2,1,25,0.0,0.49660000000000004,13,2.5442781792072076,2.029250501002004,32,3.4533492035185116,2.500174174174174,500,0.5960740000000001
5,500,2,1,26,0.0,0.493,13,2.5442781792072076,2.029250501002004,32,3.4546261324195537,2.5004704704704706,500,0.592598
5,500,2,1,27,0.0,0.5067999999999999,13,2.5442781792072076,2.029250501002004,32,3.4488492709034357,2.4984944944944947,500,0.5973379999999999
5,500,2,1,28,0.0,0.5066,13,2.5442781792072076,2.029250501002004,32,3.456330818965189,2.5015435435435434,500,0.601904
5,500,2,1,29,0.0,0.49260000000000004,13,2.5442781792072076,2.029250501002004,32,3.4448098196784103,2.500142142142142,500,0.5887239999999999
5,500,2,1,30,0.0,0.5022,13,2.5442781792072076,2.029250501002004,32,3.4505016758684404,2.50017017017017,500,0.590318
5,500,2,1,31,0.0,0.4894,13,2.5442781792072076,2.029250501002004,32,3.455579051863859,2.5006906906906905,500,0.591308
5,500,2,1,32,0.0,0.4942,13,2.5442781792072076,2.029250501002004,32,3.4470049036038466,2.4994574574574573,500,0.593558
5,500,2,1,33,0.0,0.5042000000000001,13,2.5442781792072076,2.029250501002004,32,3.44982681939295,2.4993973973973973,500,0.60519
5,500,2,1,34,0.0,0.49679999999999996,13,2.5442781792072076,2.029250501002004,32,3.449545993061794,2.501213213213213,500,0.5950919999999998
5,500,2,1,35,0.0,0.49860000000000004,13,2.5442781792072076,2.029250501002004,32,3.448307912635074,2.501175175175175,500,0.5983740000000001
5,500,2,1,36,0.0,0.5054,13,2.5442781792072076,2.029250501002004,32,3.455391831184911,2.501815815815816,500,0.592652
5,500,2,1,37,0.0,0.5074,13,2.5442781792072076,2.029250501002004,32,3.4507773691192423,2.5014634634634634,500,0.5965840000000001
5,500,2,1,38,0.0,0.5052000000000001,13,2.5442781792072076,2.029250501002004,32,3.4510852613454546,2.5014054054054053,500,0.601564
5,500,2,1,39,0.0,0.4992,13,2.5442781792072076,2.029250501002004,32,3.4483040670552074,2.5023303303303304,500,0.5868760000000001
5,500,2,1,40,0.0,0.4904,13,2.5442781792072076,2.029250501002004,32,3.4483149698766136,2.500196196196196,500,0.594164
5,500,2,1,41,0.0,0.4976,13,2.5442781792072076,2.029250501002004,32,3.4561630019240592,2.5015855855855857,500,0.59813
5,500,2,1,42,0.0,0.49560000000000004,13,2.5442781792072076,2.029250501002004,32,3.4494984749021977,2.5013213213213215,500,0.5936499999999999
5,500,2,1,43,0.0,0.5036,13,2.5442781792072076,2.029250501002004,32,3.4480684408100304,2.500236236236236,500,0.5992419999999999
5,500,2,1,44,0.0,0.5014,13,2.5442781792072076,2.029250501002004,32,3.4572232745767435,2.501867867867868,500,0.5915060000000001
5,500,2,1,45,0.0,0.5027999999999999,13,2.5442781792072076,2.029250501002004,32,3.453399924766857,2.500776776776777,500,0.6004959999999999
5,500,2,1,46,0.0,0.4982,13,2.5442781792072076,2.029250501002004,32,3.4493044562714332,2.5013513513513512,500,0.596166
5,500,2,1,47,0.0,0.499,13,2.5442781792072076,2.029250501002004,32,3.449504478517683,2.5006626626626627,500,0.593656
5,500,2,1,48,0.0,0.492,13,2.5442781792072076,2.029250501002004,32,3.4483954407259265,2.499943943943944,500,0.593166
5,500,2,1,49,0.0,0.5,13,2.5442781792072076,2.029250501002004,32,3.4525238739621376,2.5011291291291293,500,0.598278
5,500,2,1,50,0.0,0.5052000000000001,13,2.5442781792072076,2.029250501002004,32,3.447351003132971,2.499867867867868,500,0.603742
5,500,2,1,51,0.0,0.49739999999999995,13,2.5442781792072076,2.029250501002004,32,3.449676106231797,2.5004584584584584,500,0.593392
5,500,2,1,52,0.0,0.5066,13,2.5442781792072076,2.029250501002004,32,3.450795425777447,2.5014394394394395,500,0.600954
5,500,2,1,53,0.0,0.498,13,2.5442781792072076,2.029250501002004,32,3.44893079065928,2.50201001001001,500,0.591366
5,500,2,1,54,0.0,0.49460000000000004,13,2.5442781792072076,2.029250501002004,32,3.4510754307932676,2.501927927927928,500,0.5896199999999999
5,500,2,1,55,0.0,0.499,13,2.5442781792072076,2.029250501002004,32,3.4499533166003484,2.5012672672672673,500,0.593238
5,500,2,1,56,0.0,0.497,13,2.5442781792072076,2.029250501002004,32,3.4550356872965127,2.5012312312312313,500,0.594322
5,500,2,1,57,0.0,0.49260000000000004,13,2.5442781792072076,2.029250501002004,32,3.449830735156991,2.5007587587587587,500,0.5814819999999999
5,500,2,1,58,0.0,0.497,13,2.5442781792072076,2.029250501002004,32,3.4549859267226646,2.502048048048048,500,0.590564
5,500,2,1,59,0.0,0.5057999999999999,13,2.5442781792072076,2.029250501002004,32,3.4556816919903097,2.501163163163163,500,0.5986079999999999
5,500,2,1,60,0.0,0.5034,13,2.5442781792072076,2.029250501002004,32,3.4465392748052825,2.501983983983984,500,0.5967480000000001
5,500,2,1,61,0.0,0.49960000000000004,13,2.5442781792072076,2.029250501002004,32,3.4498660670881245,2.5000880880880882,500,0.59775
5,500,2,1,62,0.0,0.498,13,2.5442781792072076,2.029250501002004,32,3.450731329374377,2.5017057057057057,500,0.593668
5,500,2,1,63,0.0,0.5027999999999999,13,2.5442781792072076,2.029250501002004,32,3.4488673729004002,2.50014014014014,500,0.6018219999999999
5,500,2,1,64,0.0,0.49539999999999995,13,2.5442781792072076,2.029250501002004,32,3.451083900352111,2.501315315315315,500,0.5917259999999999
5,500,2,1,65,0.0,0.5072000000000001,13,2.5442781792072076,2.029250501002004,32,3.4515939554342037,2.501717717717718,500,0.5996279999999999
5,500,2,1,66,0.0,0.49460000000000004,13,2.5442781792072076,2.029250501002004,32,3.454527946787093,2.5017317317317316,500,0.5835499999999999
5,500,2,1,67,0.0,0.5034,13,2.5442781792072076,2.029250501002004,32,3.4509582953615903,2.501007007007007,500,0.6003099999999999
5,500,2,1,68,0.0,0.5102000000000001,13,2.5442781792072076,2.029250501002004,32,3.4500123964874048,2.49982982982983,500,0.6025320000000001
5,500,2,1,69,0.0,0.495,13,2.5442781792072076,2.029250501002004,32,3.4461895270402723,2.500158158158158,500,0.592654
5,500,2,1,70,0.0,0.5054,13,2.5442781792072076,2.029250501002004,32,3.455173316618362,2.5014714714714716,500,0.6013440000000001
5,500,2,1,71,0.0,0.5056,13,2.5442781792072076,2.029250501002004,32,3.4463022213455607,2.4996476476476475,500,0.60237
5,500,2,1,72,0.0,0.501,13,2.5442781792072076,2.029250501002004,32,3.456431610170881,2.500598598598599,500,0.597502
5,500,2,1,73,0.0,0.49439999999999995,13,2.5442781792072076,2.029250501002004,32,3.455363479281529,2.5015575575575575,500,0.590476
5,500,2,1,74,0.0,0.49660000000000004,13,2.5442781792072076,2.029250501002004,32,3.455011924262359,2.50035035035035,500,0.5940339999999998
5,500,2,1,75,0.0,0.501,13,2.5442781792072076,2.029250501002004,32,3.4481404780630727,2.501215215215215,500,0.594996
5,500,2,1,76,0.0,0.49960000000000004,13,2.5442781792072076,2.029250501002004,32,3.4488746822855707,2.500212212212212,500,0.5961839999999999
5,500,2,1,77,0.0,0.502,13,2.5442781792072076,2.029250501002004,32,3.4540714134863255,2.501833833833834,500,0.5980840000000001
5,500,2,1,78,0.0,0.49920000000000003,13,2.5442781792072076,2.029250501002004,32,3.446736110870371,2.5020780780780782,500,0.5953879999999999
5,500,2,1,79,0.0,0.5038,13,2.5442781792072076,2.029250501002004,32,3.4531522864976454,2.5004784784784784,500,0.6000519999999999
5,500,2,1,80,0.0,0.5022,13,2.5442781792072076,2.029250501002004,32,3.4520884368585563,2.5001461461461463,500,0.597164
5,500,2,1,81,0.0,0.5006,13,2.5442781792072076,2.029250501002004,32,3.4554660193315647,2.5003583583583584,500,0.597742
5,500,2,1,82,0.0,0.5012,13,2.5442781792072076,2.029250501002004,32,3.4529862515095457,2.5019219219219218,500,0.597072
5,500,2,1,83,0.0,0.4978000000000001,13,2.5442781792072076,2.029250501002004,32,3.4484064354108224,2.501931931931932,500,0.59175
5,500,2,1,84,0.0,0.49539999999999995,13,2.5442781792072076,2.029250501002004,32,3.454621270062184,2.500870870870871,500,0.5939739999999999
5,500,2,1,85,0.0,0.49839999999999995,13,2.5442781792072076,2.029250501002004,32,3.448951750508108,2.4998718718718718,500,0.5925799999999999
5,500,2,1,86,0.0,0.5022,13,2.5442781792072076,2.029250501002004,32,3.453630455851767,2.50208008008008,500,0.594828
5,500,2,1,87,0.0,0.497,13,2.5442781792072076,2.029250501002004,32,3.453727250437587,2.5017837837837837,500,0.5909939999999999
5,500,2,1,88,0.0,0.5036,13,2.5442781792072076,2.029250501002004,32,3.4506568808508455,2.5014414414414414,500,0.5995280000000001
5,500,2,1,89,0.0,0.5025999999999999,13,2.5442781792072076,2.029250501002004,32,3.449841471087443,2.501075075075075,500,0.5965519999999999
5,500,2,1,90,0.0,0.5016,13,2.5442781792072076,2.029250501002004,32,3.4526657796549287,2.5014814814814814,500,0.601332
5,500,2,1,91,0.0,0.5057999999999999,13,2.5442781792072076,2.029250501002004,32,3.453527830052448,2.5008428428428426,500,0.599812
5,500,2,1,92,0.0,0.502,13,2.5442781792072076,2.029250501002004,32,3.454650656878942,2.502242242242242,500,0.596012
5,500,2,1,93,0.0,0.49939999999999996,13,2.5442781792072076,2.029250501002004,32,3.4446955570723343,2.5012312312312313,500,0.598074
5,500,2,1,94,0.0,0.49960000000000004,13,2.5442781792072076,2.029250501002004,32,3.447951467152498,2.501837837837838,500,0.5896019999999998
5,500,2,1,95,0.0,0.49920000000000003,13,2.5442781792072076,2.029250501002004,32,3.4519603963876606,2.5015535535535536,500,0.597232
5,500,2,1,96,0.0,0.5048,13,2.5442781792072076,2.029250501002004,32,3.4561248438806436,2.5012252252252254,500,0.599474
5,500,2,1,97,0.0,0.5076,13,2.5442781792072076,2.029250501002004,32,3.450793515564606,2.4994154154154153,500,0.6069019999999999
5,500,2,1,98,0.0,0.5108,13,2.5442781792072076,2.029250501002004,32,3.4476611955534313,2.498766766766767,500,0.603952
5,500,2,1,99,0.0,0.49539999999999995,13,2.5442781792072076,2.029250501002004,32,3.4492296510889893,2.501935935935936,500,0.586382
5,500,2,2,0,0.0,0.5008,13,2.5524310513074857,2.064609218436874,32,3.4514279023564978,2.5,500,0.5906039999999999
5,500,2,2,1,0.0,0.498,13,2.5524310513074857,2.064609218436874,32,3.453395331042893,2.4999519519519517,500,0.594908
5,500,2,2,2,0.0,0.4948,13,2.5524310513074857,2.064609218436874,32,3.446190533950949,2.499987987987988,500,0.589788
5,500,2,2,3,0.0,0.5018,13,2.5524310513074857,2.064609218436874,32,3.449235877572379,2.5014394394394395,500,0.594994
5,500,2,2,4,0.0,0.5062,13,2.5524310513074857,2.064609218436874,32,3.4497555673078644,2.50035035035035,500,0.593376
5,500,2,2,5,0.0,0.5062,13,2.5524310513074857,2.064609218436874,32,3.4511742299215507,2.4995295295295294,500,0.599634
5,500,2,2,6,0.0,0.5022000000000001,13,2.5524310513074857,2.064609218436874,32,3.450210867360319,2.501391391391391,500,0.5980759999999998
5,500,2,2,7,0.0,0.5022,13,2.5524310513074857,2.064609218436874,32,3.4479300726254305,2.4996456456456455,500,0.595194
5,500,2,2,8,0.0,0.5014,13,2.5524310513074857,2.064609218436874,32,3.4460637757730357,2.5007627627627627,500,0.600164
5,500,2,2,9,0.0,0.5022000000000001,13,2.5524310513074857,2.064609218436874,32,3.447304404832323,2.501983983983984,500,0.600576
5,500,2,2,10,0.0,0.49920000000000003,13,2.5524310513074857,2.064609218436874,32,3.446912599967586,2.502202202202202,500,0.5940460000000001
5,500,2,2,11,0.0,0.5062000000000001,13,2.5524310513074857,2.064609218436874,32,3.448832983287326,2.499805805805806,500,0.595606
5,500,2,2,12,0.0,0.498,13,2.5524310513074857,2.064609218436874,32,3.450842282883169,2.5015375375375375,500,0.592212
5,500,2,2,13,0.0,0.5137999999999999,13,2.5524310513074857,2.064609218436874,32,3.443920336360237,2.499973973973974,500,0.604108
5,500,2,2,14,0.0,0.5058,13,2.5524310513074857,2.064609218436874,32,3.447647852145355,2.4953973973973973,500,0.600522
5,500,2,2,15,0.0,0.5002,13,2.5524310513074857,2.064609218436874,32,3.4482887485898237,2.500794794794795,500,0.5950080000000001
5,500,2,2,16,0.0,0.4882,13,2.5524310513074857,2.064609218436874,32,3.4431979833003084,2.4965505505505505,500,0.5932860000000001
5,500,2,2,17,0.0,0.49620000000000003,13,2.5524310513074857,2.064609218436874,32,3.446907394779098,2.501219219219219,500,0.593348
5,500,2,2,18,0.0,0.496,13,2.5524310513074857,2.064609218436874,32,3.451836545101832,2.5015935935935936,500,0.592386
5,500,2,2,19,0.0,0.5036,13,2.5524310513074857,2.064609218436874,32,3.4473083464991894,2.5005485485485486,500,0.5987680000000001
5,500,2,2,20,0.0,0.495,13,2.5524310513074857,2.064609218436874,32,3.4407475228842315,2.5004624624624623,500,0.591406
5,500,2,2,21,0.0,0.5004000000000001,13,2.5524310513074857,2.064609218436874,32,3.449132562241251,2.499807807807808,500,0.5930179999999999
5,500,2,2,22,0.0,0.49839999999999995,13,2.5524310513074857,2.064609218436874,32,3.450327141977061,2.5012892892892893,500,0.5905359999999998
5,500,2,2,23,0.0,0.499,13,2.5524310513074857,2.064609218436874,32,3.4450242776852775,2.49826026026026,500,0.60065
5,500,2,2,24,0.0,0.5036,13,2.5524310513074857,2.064609218436874,32,3.4513526930115095,2.500952952952953,500,0.596948
5,500,2,2,25,0.0,0.5006,13,2.5524310513074857,2.064609218436874,32,3.449864494674952,2.5003743743743745,500,0.5950840000000001
5,500,2,2,26,0.0,0.4974,13,2.5524310513074857,2.064609218436874,32,3.4479134666275257,2.5006226226226227,500,0.5936959999999999
5,500,2,2,27,0.0,0.49820000000000003,13,2.5524310513074857,2.064609218436874,32,3.4498427279613013,2.5016276276276277,500,0.5963579999999999
5,500,2,2,28,0.0,0.5088,13,2.5524310513074857,2.064609218436874,32,3.4499575340944344,2.50014014014014,500,0.600222
5,500,2,2,29,0.0,0.49960000000000004,13,2.5524310513074857,2.064609218436874,32,3.442599023377226,2.500248248248248,500,0.5946719999999999
5,500,2,2,30,0.0,0.49260000000000004,13,2.5524310513074857,2.064609218436874,32,3.447742880821729,2.4995095095095095,500,0.5921859999999999
5,500,2,2,31,0.0,0.5008,13,2.5524310513074857,2.064609218436874,32,3.449216470273967,2.499055055055055,500,0.594328
5,500,2,2,32,0.0,0.5068,13,2.5524310513074857,2.064609218436874,32,3.452051927655597,2.5008048048048046,500,0.599646
5,500,2,2,33,0.0,0.503,13,2.5524310513074857,2.064609218436874,32,3.4494769089939195,2.4995815815815816,500,0.6034919999999999
5,500,2,2,34,0.0,0.489,13,2.5524310513074857,2.064609218436874,32,3.4425763002541023,2.4972992992992995,500,0.590354
5,500,2,2,35,0.0,0.49960000000000004,13,2.5524310513074857,2.064609218436874,32,3.4461493354239296,2.4973093093093093,500,0.59246
5,500,2,2,36,0.0,0.5038,13,2.5524310513074857,2.064609218436874,32,3.4442863019954166,2.4962262262262263,500,0.6007160000000001
5,500,2,2,37,0.0,0.5052,13,2.5524310513074857,2.064609218436874,32,3.4487605677305426,2.5013853853853854,500,0.59825
5,500,2,2,38,0.0,0.49920000000000003,13,2.5524310513074857,2.064609218436874,32,3.450739331432439,2.500016016016016,500,0.596114
5,500,2,2,39,0.0,0.5046,13,2.5524310513074857,2.064609218436874,32,3.4512899287455276,2.4998378378378376,500,0.5958419999999999
5,500,2,2,40,0.0,0.5004000000000001,13,2.5524310513074857,2.064609218436874,32,3.443309899730444,2.498702702702703,500,0.597576
5,500,2,2,41,0.0,0.49960000000000004,13,2.5524310513074857,2.064609218436874,32,3.4488620046610556,2.496964964964965,500,0.5919220000000001
5,500,2,2,42,0.0,0.5056,13,2.5524310513074857,2.064609218436874,32,3.4424994625094723,2.498706706706707,500,0.600786
5,500,2,2,43,0.0,0.5,13,2.5524310513074857,2.064609218436874,32,3.4547660225383314,2.5013293293293293,500,0.593168
5,500,2,2,44,0.0,0.5066,13,2.5524310513074857,2.064609218436874,32,3.452311594502448,2.4986206206206205,500,0.602236
5,500,2,2,45,0.0,0.5,13,2.5524310513074857,2.064609218436874,32,3.4467004281076488,2.501857857857858,500,0.593234
5,500,2,2,46,0.0,0.5028,13,2.5524310513074857,2.064609218436874,32,3.4472232961485583,2.5003523523523525,500,0.599292
5,500,2,2,47,0.0,0.5062,13,2.5524310513074857,2.064609218436874,32,3.4457404155383005,2.5005545545545544,500,0.598616
5,500,2,2,48,0.0,0.5008,13,2.5524310513074857,2.064609218436874,32,3.445442262191006,2.4983983983983986,500,0.589204
5,500,2,2,49,0.0,0.5002000000000001,13,2.5524310513074857,2.064609218436874,32,3.4477409173523763,2.4981561561561563,500,0.59563
5,500,2,2,50,0.0,0.5052,13,2.5524310513074857,2.064609218436874,32,3.4478080753304297,2.5015535535535536,500,0.600578
5,500,2,2,51,0.0,0.5012,13,2.5524310513074857,2.064609218436874,32,3.44515146351997,2.4995035035035036,500,0.5950859999999999
5,500,2,2,52,0.0,0.5002000000000001,13,2.5524310513074857,2.064609218436874,32,3.4472567398713414,2.4996296296296294,500,0.5939500000000001
5,500,2,2,53,0.0,0.4964,13,2.5524310513074857,2.064609218436874,32,3.445478403923399,2.5006726726726725,500,0.5915799999999999
5,500,2,2,54,0.0,0.5032000000000001,13,2.5524310513074857,2.064609218436874,32,3.4399469890927774,2.50016016016016,500,0.59332
5,500,2,2,55,0.0,0.5042000000000001,13,2.5524310513074857,2.064609218436874,32,3.4523183983370505,2.5004624624624623,500,0.59869
5,500,2,2,56,0.0,0.4948,13,2.5524310513074857,2.064609218436874,32,3.4480930454760252,2.5005765765765764,500,0.5932719999999999
5,500,2,2,57,0.0,0.496,13,2.5524310513074857,2.064609218436874,32,3.446940315281692,2.5002962962962965,500,0.5941799999999999
5,500,2,2,58,0.0,0.5114000000000001,13,2.5524310513074857,2.064609218436874,32,3.453157944696718,2.4983643643643645,500,0.6035
5,500,2,2,59,0.0,0.49920000000000003,13,2.5524310513074857,2.064609218436874,32,3.449023422249093,2.4984464464464464,500,0.5915920000000001
5,500,2,2,60,0.0,0.5004000000000001,13,2.5524310513074857,2.064609218436874,32,3.4527790127256415,2.500996996996997,500,0.595
5,500,2,2,61,0.0,0.506,13,2.5524310513074857,2.064609218436874,32,3.4430935134167524,2.501041041041041,500,0.6021859999999999
5,500,2,2,62,0.0,0.5078,13,2.5524310513074857,2.064609218436874,32,3.4494285737792683,2.5011911911911913,500,0.5983599999999999
5,500,2,2,63,0.0,0.5024000000000001,13,2.5524310513074857,2.064609218436874,32,3.4476718679353806,2.50004004004004,500,0.6011899999999999
5,500,2,2,64,0.0,0.49900000000000005,13,2.5524310513074857,2.064609218436874,32,3.447752256727559,2.5004704704704706,500,0.597634
5,500,2,2,65,0.0,0.5024000000000001,13,2.5524310513074857,2.064609218436874,32,3.4479210269845333,2.5006246246246246,500,0.596576
5,500,2,2,66,0.0,0.5064000000000001,13,2.5524310513074857,2.064609218436874,32,3.441287945116041,2.4998998998999,500,0.605694
5,500,2,2,67,0.0,0.49060000000000004,13,2.5524310513074857,2.064609218436874,32,3.4473980929907704,2.5006026026026027,500,0.585894
5,500,2,2,68,0.0,0.5028,13,2.5524310513074857,2.064609218436874,32,3.4430045712534065,2.4986706706706707,500,0.594728
5,500,2,2,69,0.0,0.49360000000000004,13,2.5524310513074857,2.064609218436874,32,3.446898085937457,2.498018018018018,500,0.587142
5,500,2,2,70,0.0,0.4988,13,2.5524310513074857,2.064609218436874,32,3.4490924668809098,2.4995955955955957,500,0.601668
5,500,2,2,71,0.0,0.5058,13,2.5524310513074857,2.064609218436874,32,3.444938349076053,2.500998998998999,500,0.601316
5,500,2,2,72,0.0,0.5002000000000001,13,2.5524310513074857,2.064609218436874,32,3.4547230823303012,2.502016016016016,500,0.592626
5,500,2,2,73,0.0,0.4954,13,2.5524310513074857,2.064609218436874,32,3.4494952462906405,2.49974974974975,500,0.5948720000000001
5,500,2,2,74,0.0,0.5018,13,2.5524310513074857,2.064609218436874,32,3.4480306559819365,2.5013833833833834,500,0.597348
5,500,2,2,75,0.0,0.5026,13,2.5524310513074857,2.064609218436874,32,3.4482184582453854,2.49992992992993,500,0.60232
5,500,2,2,76,0.0,0.5026,13,2.5524310513074857,2.064609218436874,32,3.4500669605401972,2.5014794794794795,500,0.600982
5,500,2,2,77,0.0,0.5094000000000001,13,2.5524310513074857,2.064609218436874,32,3.4450432900818453,2.4957537537537537,500,0.6045280000000001
5,500,2,2,78,0.0,0.5032,13,2.5524310513074857,2.064609218436874,32,3.446824675577004,2.5014934934934936,500,0.599354
5,500,2,2,79,0.0,0.4928,13,2.5524310513074857,2.064609218436874,32,3.4465213599899758,2.501237237237237,500,0.5912999999999999
5,500,2,2,80,0.0,0.5055999999999999,13,2.5524310513074857,2.064609218436874,32,3.4515568294754244,2.5006406406406407,500,0.5995039999999999
5,500,2,2,81,0.0,0.5038,13,2.5524310513074857,2.064609218436874,32,3.4481309879552926,2.5018998998999,500,0.59666
5,500,2,2,82,0.0,0.502,13,2.5524310513074857,2.064609218436874,32,3.4494534391572227,2.5001001001001,500,0.598756
5,500,2,2,83,0.0,0.4908,13,2.5524310513074857,2.064609218436874,32,3.4502287032083903,2.5013613613613614,500,0.5910420000000001
5,500,2,2,84,0.0,0.5016,13,2.5524310513074857,2.064609218436874,32,3.4543478851773814,2.5002002002002004,500,0.597994
5,500,2,2,85,0.0,0.5034000000000001,13,2.5524310513074857,2.064609218436874,32,3.4462838017920756,2.4992532532532534,500,0.5958159999999999
5,500,2,2,86,0.0,0.49340000000000006,13,2.5524310513074857,2.064609218436874,32,3.4460114558809947,2.499905905905906,500,0.588934
5,500,2,2,87,0.0,0.506,13,2.5524310513074857,2.064609218436874,32,3.4403246375411127,2.4975935935935936,500,0.5980979999999999
5,500,2,2,88,0.0,0.5016,13,2.5524310513074857,2.064609218436874,32,3.449096161813345,2.4994314314314314,500,0.6027079999999999
5,500,2,2,89,0.0,0.501,13,2.5524310513074857,2.064609218436874,32,3.452487248692913,2.502016016016016,500,0.597286
5,500,2,2,90,0.0,0.5034,13,2.5524310513074857,2.064609218436874,32,3.4467195802000035,2.4974154154154156,500,0.600386
5,500,2,2,91,0.0,0.5036,13,2.5524310513074857,2.064609218436874,32,3.4454323572069123,2.5004564564564564,500,0.596034
5,500,2,2,92,0.0,0.49920000000000003,13,2.5524310513074857,2.064609218436874,32,3.442630650036304,2.4996076076076075,500,0.592494
5,500,2,2,93,0.0,0.5074000000000001,13,2.5524310513074857,2.064609218436874,32,3.451535900497931,2.5007467467467466,500,0.601246
5,500,2,2,94,0.0,0.5062000000000001,13,2.5524310513074857,2.064609218436874,32,3.4468990219446334,2.4986886886886888,500,0.597698
5,500,2,2,95,0.0,0.5048,13,2.5524310513074857,2.064609218436874,32,3.449125089035682,2.498666666666667,500,0.6011920000000001
5,500,2,2,96,0.0,0.5,13,2.5524310513074857,2.064609218436874,32,3.4526129439943607,2.5017137137137135,500,0.5965919999999999
5,500,2,2,97,0.0,0.5078,13,2.5524310513074857,2.064609218436874,32,3.448717674945816,2.5012312312312313,500,0.605578
5,500,2,2,98,0.0,0.5102,13,2.5524310513074857,2.064609218436874,32,3.450363446794899,2.497335335335335,500,0.601244
5,500,2,2,99,0.0,0.49760000000000004,13,2.5524310513074857,2.064609218436874,32,3.444929556260128,2.5014174174174175,500,0.5986119999999999
5,500,2,3,0,0.0,0.5046,13,2.554795342985593,2.1087134268537073,32,3.4541637331170367,2.4995615615615616,500,0.596828
5,500,2,3,1,0.0,0.506,13,2.554795342985593,2.1087134268537073,32,3.449492900859478,2.500828828828829,500,0.6021259999999999
5,500,2,3,2,0.0,0.49920000000000003,13,2.554795342985593,2.1087134268537073,32,3.4469232589712844,2.5005005005005003,500,0.594968
5,500,2,3,3,0.0,0.49080000000000007,13,2.554795342985593,2.1087134268537073,32,3.4542591719897446,2.4997397397397396,500,0.586962
5,500,2,3,4,0.0,0.5038,13,2.554795342985593,2.1087134268537073,32,3.4503923525882496,2.500930930930931,500,0.599722
5,500,2,3,5,0.0,0.506,13,2.554795342985593,2.1087134268537073,32,3.4488693691498025,2.4986506506506507,500,0.5947939999999998
5,500,2,3,6,0.0,0.5098,13,2.554795342985593,2.1087134268537073,32,3.4466220259077547,2.49982982982983,500,0.6013400000000001
5,500,2,3,7,0.0,0.49660000000000004,13,2.554795342985593,2.1087134268537073,32,3.4471852374837857,2.4988128128128126,500,0.589812
5,500,2,3,8,0.0,0.49760000000000004,13,2.554795342985593,2.1087134268537073,32,3.454575019399181,2.5008768768768768,500,0.5930139999999999
5,500,2,3,9,0.0,0.5008,13,2.554795342985593,2.1087134268537073,32,3.4468894888414248,2.500656656656657,500,0.591376
5,500,2,3,10,0.0,0.49820000000000003,13,2.554795342985593,2.1087134268537073,32,3.451715849068542,2.5004464464464466,500,0.593776
5,500,2,3,11,0.0,0.492,13,2.554795342985593,2.1087134268537073,32,3.4459620695437954,2.499767767767768,500,0.585846
5,500,2,3,12,0.0,0.5048,13,2.554795342985593,2.1087134268537073,32,3.4430801557690556,2.500116116116116,500,0.5997899999999999
5,500,2,3,13,0.0,0.4988,13,2.554795342985593,2.1087134268537073,32,3.451678689766818,2.5014374374374375,500,0.5954019999999998
5,500,2,3,14,0.0,0.4974,13,2.554795342985593,2.1087134268537073,32,3.4427013079891964,2.500958958958959,500,0.5983580000000001
5,500,2,3,15,0.0,0.502,13,2.554795342985593,2.1087134268537073,32,3.448645557045444,2.5004804804804803,500,0.5947080000000001
5,500,2,3,16,0.0,0.5038,13,2.554795342985593,2.1087134268537073,32,3.447526199004689,2.500118118118118,500,0.594026
5,500,2,3,17,0.0,0.4978000000000001,13,2.554795342985593,2.1087134268537073,32,3.447947334462187,2.4956536536536538,500,0.590386
5,500,2,3,18,0.0,0.502,13,2.554795342985593,2.1087134268537073,32,3.444687705127908,2.50188988988989,500,0.600026
5,500,2,3,19,0.0,0.49620000000000003,13,2.554795342985593,2.1087134268537073,32,3.4346382409168426,2.4952172172172173,500,0.595344
5,500,2,3,20,0.0,0.49760000000000004,13,2.554795342985593,2.1087134268537073,32,3.4480354896307093,2.4985785785785786,500,0.590302
5,500,2,3,21,0.0,0.49720000000000003,13,2.554795342985593,2.1087134268537073,32,3.4471403816567356,2.501161161161161,500,0.594718
5,500,2,3,22,0.0,0.497,13,2.554795342985593,2.1087134268537073,32,3.454135927484055,2.50017017017017,500,0.5893120000000001
5,500,2,3,23,0.0,0.49920000000000003,13,2.554795342985593,2.1087134268537073,32,3.452003159555353,2.501197197197197,500,0.595896
5,500,2,3,24,0.0,0.5032000000000001,13,2.554795342985593,2.1087134268537073,32,3.436852139864977,2.499155155155155,500,0.59924
5,500,2,3,25,0.0,0.49920000000000003,13,2.554795342985593,2.1087134268537073,32,3.4434088091713404,2.5016176176176175,500,0.5947739999999999
5,500,2,3,26,0.0,0.5028,13,2.554795342985593,2.1087134268537073,32,3.4452327060972614,2.496892892892893,500,0.596924
5,500,2,3,27,0.0,0.5028,13,2.554795342985593,2.1087134268537073,32,3.4464648587662996,2.5001081081081082,500,0.59488
5,500,2,3,28,0.0,0.506,13,2.554795342985593,2.1087134268537073,32,3.4458493359437603,2.5007847847847846,500,0.59873
5,500,2,3,29,0.0,0.5022000000000001,13,2.554795342985593,2.1087134268537073,32,3.4519377129852007,2.5016636636636638,500,0.6009399999999999
5,500,2,3,30,0.0,0.49360000000000004,13,2.554795342985593,2.1087134268537073,32,3.4431445420920648,2.5012692692692693,500,0.594074
5,500,2,3,31,0.0,0.5058,13,2.554795342985593,2.1087134268537073,32,3.4492013459251276,2.50033033033033,500,0.595412
5,500,2,3,32,0.0,0.5024000000000001,13,2.554795342985593,2.1087134268537073,32,3.4458985777939874,2.5006326326326325,500,0.5934859999999998
5,500,2,3,33,0.0,0.5048,13,2.554795342985593,2.1087134268537073,32,3.4443556221757627,2.498682682682683,500,0.5935119999999999
5,500,2,3,34,0.0,0.4988000000000001,13,2.554795342985593,2.1087134268537073,32,3.4565647004015068,2.501973973973974,500,0.5946199999999999
5,500,2,3,35,0.0,0.5034000000000001,13,2.554795342985593,2.1087134268537073,32,3.4450453517013155,2.4986806806806805,500,0.594774
5,500,2,3,36,0.0,0.5022000000000001,13,2.554795342985593,2.1087134268537073,32,3.450026963944011,2.5004104104104106,500,0.5938340000000001
5,500,2,3,37,0.0,0.505,13,2.554795342985593,2.1087134268537073,32,3.4533421725084636,2.499957957957958,500,0.5989079999999999
5,500,2,3,38,0.0,0.49500000000000005,13,2.554795342985593,2.1087134268537073,32,3.439994998434333,2.496886886886887,500,0.585166
5,500,2,3,39,0.0,0.4954,13,2.554795342985593,2.1087134268537073,32,3.447080110973142,2.4992572572572573,500,0.587692
5,500,2,3,40,0.0,0.49160000000000004,13,2.554795342985593,2.1087134268537073,32,3.448037747343218,2.499091091091091,500,0.589266
5,500,2,3,41,0.0,0.4908,13,2.554795342985593,2.1087134268537073,32,3.452196907820636,2.5009369369369367,500,0.5899659999999999
5,500,2,3,42,0.0,0.496,13,2.554795342985593,2.1087134268537073,32,3.449119096330496,2.5004724724724725,500,0.58905
5,500,2,3,43,0.0,0.49180000000000007,13,2.554795342985593,2.1087134268537073,32,3.4481937361214454,2.4987487487487487,500,0.58996
5,500,2,3,44,0.0,0.4994,13,2.554795342985593,2.1087134268537073,32,3.454268137041309,2.5015755755755755,500,0.5981559999999999
5,500,2,3,45,0.0,0.4984,13,2.554795342985593,2.1087134268537073,32,3.4524248233870782,2.499051051051051,500,0.59287
5,500,2,3,46,0.0,0.4978,13,2.554795342985593,2.1087134268537073,32,3.451653081268443,2.501079079079079,500,0.59856
5,500,2,3,47,0.0,0.5062000000000001,13,2.554795342985593,2.1087134268537073,32,3.4476245756049293,2.500042042042042,500,0.595542
5,500,2,3,48,0.0,0.49620000000000003,13,2.554795342985593,2.1087134268537073,32,3.4491634994971747,2.5007187187187188,500,0.5890919999999998
5,500,2,3,49,0.0,0.4988,13,2.554795342985593,2.1087134268537073,32,3.445708854158045,2.5007807807807807,500,0.598582
5,500,2,3,50,0.0,0.49820000000000003,13,2.554795342985593,2.1087134268537073,32,3.441386728946515,2.499957957957958,500,0.5940039999999999
5,500,2,3,51,0.0,0.5042000000000001,13,2.554795342985593,2.1087134268537073,32,3.4438292463170033,2.497095095095095,500,0.5958699999999999
5,500,2,3,52,0.0,0.5022000000000001,13,2.554795342985593,2.1087134268537073,32,3.4460987555205302,2.4983803803803806,500,0.5976879999999999
5,500,2,3,53,0.0,0.5066,13,2.554795342985593,2.1087134268537073,32,3.4459184781826417,2.5002062062062063,500,0.5947180000000001
5,500,2,3,54,0.0,0.5072000000000001,13,2.554795342985593,2.1087134268537073,32,3.4413777964768446,2.4995435435435436,500,0.5979960000000001
5,500,2,3,55,0.0,0.5008,13,2.554795342985593,2.1087134268537073,32,3.453884998538096,2.5005925925925925,500,0.5949979999999998
5,500,2,3,56,0.0,0.49760000000000004,13,2.554795342985593,2.1087134268537073,32,3.4462770733855654,2.4992952952952954,500,0.590976
5,500,2,3,57,0.0,0.49860000000000004,13,2.554795342985593,2.1087134268537073,32,3.4530446950796048,2.5004464464464466,500,0.5927919999999999
5,500,2,3,58,0.0,0.5034000000000001,13,2.554795342985593,2.1087134268537073,32,3.451751770687,2.49972972972973,500,0.5972839999999999
5,500,2,3,59,0.0,0.4998000000000001,13,2.554795342985593,2.1087134268537073,32,3.448386599842702,2.5016636636636638,500,0.59351
5,500,2,3,60,0.0,0.49920000000000003,13,2.554795342985593,2.1087134268537073,32,3.4488347131952017,2.4985185185185186,500,0.593288
5,500,2,3,61,0.0,0.5008,13,2.554795342985593,2.1087134268537073,32,3.4501357512338044,2.5004524524524525,500,0.594772
5,500,2,3,62,0.0,0.49760000000000004,13,2.554795342985593,2.1087134268537073,32,3.4448896361571206,2.498910910910911,500,0.5893379999999999
5,500,2,3,63,0.0,0.49920000000000003,13,2.554795342985593,2.1087134268537073,32,3.449327235548119,2.4986146146146146,500,0.5920219999999999
5,500,2,3,64,0.0,0.5078,13,2.554795342985593,2.1087134268537073,32,3.450650995360938,2.4995615615615616,500,0.597912
5,500,2,3,65,0.0,0.491,13,2.554795342985593,2.1087134268537073,32,3.4442252739261328,2.498028028028028,500,0.5865440000000001
5,500,2,3,66,0.0,0.51,13,2.554795342985593,2.1087134268537073,32,3.4481205552943903,2.4995595595595597,500,0.603108
5,500,2,3,67,0.0,0.5004000000000001,13,2.554795342985593,2.1087134268537073,32,3.446770604081954,2.4981141141141143,500,0.5924100000000001
5,500,2,3,68,0.0,0.508,13,2.554795342985593,2.1087134268537073,32,3.4474343285601643,2.496904904904905,500,0.600814
5,500,2,3,69,0.0,0.4954000000000001,13,2.554795342985593,2.1087134268537073,32,3.447277362525483,2.4985125125125127,500,0.5890519999999999
5,500,2,3,70,0.0,0.4964,13,2.554795342985593,2.1087134268537073,32,3.445996144669598,2.498682682682683,500,0.590982
5,500,2,3,71,0.0,0.499,13,2.554795342985593,2.1087134268537073,32,3.4472773768148457,2.5003183183183184,500,0.595588
5,500,2,3,72,0.0,0.5008,13,2.554795342985593,2.1087134268537073,32,3.4533129568951226,2.500980980980981,500,0.593078
5,500,2,3,73,0.0,0.4994,13,2.554795342985593,2.1087134268537073,32,3.446115504841606,2.499269269269269,500,0.5935
5,500,2,3,74,0.0,0.4932,13,2.554795342985593,2.1087134268537073,32,3.443022454440235,2.4986506506506507,500,0.58896
5,500,2,3,75,0.0,0.49820000000000003,13,2.554795342985593,2.1087134268537073,32,3.450710784283417,2.498032032032032,500,0.588632
5,500,2,3,76,0.0,0.49920000000000003,13,2.554795342985593,2.1087134268537073,32,3.4422699246320643,2.499947947947948,500,0.591642
5,500,2,3,77,0.0,0.4922,13,2.554795342985593,2.1087134268537073,32,3.447674667763895,2.5003343343343345,500,0.5873039999999999
5,500,2,3,78,0.0,0.5008,13,2.554795342985593,2.1087134268537073,32,3.448697422156701,2.500368368368368,500,0.590382
5,500,2,3,79,0.0,0.49620000000000003,13,2.554795342985593,2.1087134268537073,32,3.4491409283449057,2.4996176176176177,500,0.58967
5,500,2,3,80,0.0,0.4898,13,2.554795342985593,2.1087134268537073,32,3.44793534056324,2.497851851851852,500,0.5838319999999999
5,500,2,3,81,0.0,0.5074000000000001,13,2.554795342985593,2.1087134268537073,32,3.4507571057661877,2.4995535535535534,500,0.6013119999999998
5,500,2,3,82,0.0,0.4912,13,2.554795342985593,2.1087134268537073,32,3.447657943109856,2.4983903903903903,500,0.588228
5,500,2,3,83,0.0,0.5044,13,2.554795342985593,2.1087134268537073,32,3.443006586642275,2.496976976976977,500,0.599178
5,500,2,3,84,0.0,0.5026,13,2.554795342985593,2.1087134268537073,32,3.450058955099381,2.4993213213213212,500,0.5976699999999999
5,500,2,3,85,0.0,0.48760000000000003,13,2.554795342985593,2.1087134268537073,32,3.44358099935217,2.4995995995995997,500,0.585128
5,500,2,3,86,0.0,0.5032000000000001,13,2.554795342985593,2.1087134268537073,32,3.4438098348676647,2.497117117117117,500,0.59773
5,500,2,3,87,0.0,0.4958000000000001,13,2.554795342985593,2.1087134268537073,32,3.445408288941409,2.501175175175175,500,0.5947380000000001
5,500,2,3,88,0.0,0.5034000000000001,13,2.554795342985593,2.1087134268537073,32,3.4519488555587707,2.4977877877877877,500,0.5946139999999999
5,500,2,3,89,0.0,0.4842,13,2.554795342985593,2.1087134268537073,32,3.4472889351378377,2.4986926926926927,500,0.586942
5,500,2,3,90,0.0,0.49240000000000006,13,2.554795342985593,2.1087134268537073,32,3.451651485139208,2.499107107107107,500,0.585838
5,500,2,3,91,0.0,0.5,13,2.554795342985593,2.1087134268537073,32,3.4476425634417924,2.4977497497497496,500,0.5932459999999999
5,500,2,3,92,0.0,0.5056,13,2.554795342985593,2.1087134268537073,32,3.449256023055317,2.4990830830830832,500,0.601018
5,500,2,3,93,0.0,0.497,13,2.554795342985593,2.1087134268537073,32,3.4518486330773195,2.4976916916916916,500,0.5880299999999999
5,500,2,3,94,0.0,0.5006,13,2.554795342985593,2.1087134268537073,32,3.448427133691659,2.497755755755756,500,0.6005219999999999
5,500,2,3,95,0.0,0.4922,13,2.554795342985593,2.1087134268537073,32,3.447670105467864,2.495861861861862,500,0.585948
5,500,2,3,96,0.0,0.5096,13,2.554795342985593,2.1087134268537073,32,3.4436227431140836,2.4971891891891893,500,0.597914
5,500,2,3,97,0.0,0.4974,13,2.554795342985593,2.1087134268537073,32,3.442242133380212,2.49966966966967,500,0.59766
5,500,2,3,98,0.0,0.49920000000000003,13,2.554795342985593,2.1087134268537073,32,3.446363348506556,2.4966046046046046,500,0.596424
5,500,2,3,99,0.0,0.49800000000000005,13,2.554795342985593,2.1087134268537073,32,3.4477538177619023,2.500900900900901,500,0.5946079999999999
5,500,3,1,0,0.0,0.49460000000000004,24,3.1426761506828513,2.4083366733466933,32,3.440654152650956,2.495857857857858,500,0.25114800000000004
5,500,3,1,1,0.0,0.492,24,3.1426761506828513,2.4083366733466933,32,3.451083455617586,2.50016016016016,500,0.24949400000000002
5,500,3,1,2,0.0,0.49,24,3.1426761506828513,2.4083366733466933,32,3.4465866529686373,2.4977657657657657,500,0.249418
5,500,3,1,3,0.0,0.49439999999999995,24,3.1426761506828513,2.4083366733466933,32,3.443488433429604,2.4954234234234236,500,0.252896
5,500,3,1,4,0.0,0.5026,24,3.1426761506828513,2.4083366733466933,32,3.439131766958314,2.493975975975976,500,0.255846
5,500,3,1,5,0.0,0.4926,24,3.1426761506828513,2.4083366733466933,32,3.445729484385626,2.4955695695695694,500,0.25190799999999997
5,500,3,1,6,0.0,0.4942,24,3.1426761506828513,2.4083366733466933,32,3.4480310970507766,2.500914914914915,500,0.24885199999999996
5,500,3,1,7,0.0,0.495,24,3.1426761506828513,2.4083366733466933,32,3.4471848940995136,2.500042042042042,500,0.247688
5,500,3,1,8,0.0,0.4892,24,3.1426761506828513,2.4083366733466933,32,3.4522149877537585,2.500104104104104,500,0.24827000000000002
5,500,3,1,9,0.0,0.4808,24,3.1426761506828513,2.4083366733466933,32,3.4386309810039952,2.4945785785785786,500,0.24739999999999998
5,500,3,1,10,0.0,0.48860000000000003,24,3.1426761506828513,2.4083366733466933,32,3.4462527504358436,2.500094094094094,500,0.24724600000000005
5,500,3,1,11,0.0,0.491,24,3.1426761506828513,2.4083366733466933,32,3.4470287437438634,2.497995995995996,500,0.249702
5,500,3,1,12,0.0,0.49,24,3.1426761506828513,2.4083366733466933,32,3.447702505143994,2.4991431431431432,500,0.24967599999999998
5,500,3,1,13,0.0,0.49560000000000004,24,3.1426761506828513,2.4083366733466933,32,3.4486176816650547,2.498686686686687,500,0.25152800000000003
5,500,3,1,14,0.0,0.49460000000000004,24,3.1426761506828513,2.4083366733466933,32,3.4414034066411854,2.4982002002002,500,0.24906199999999998
5,500,3,1,15,0.0,0.4924,24,3.1426761506828513,2.4083366733466933,32,3.4526811391420384,2.4997397397397396,500,0.251444
5,500,3,1,16,0.0,0.49,24,3.1426761506828513,2.4083366733466933,32,3.442646886793189,2.495283283283283,500,0.250014
5,500,3,1,17,0.0,0.4952,24,3.1426761506828513,2.4083366733466933,32,3.445349331655911,2.497777777777778,500,0.25230400000000003
5,500,3,1,18,0.0,0.49660000000000004,24,3.1426761506828513,2.4083366733466933,32,3.4453674613596927,2.4974874874874873,500,0.24926600000000002
5,500,3,1,19,0.0,0.4978,24,3.1426761506828513,2.4083366733466933,32,3.452459082302433,2.4997737737737737,500,0.25144
5,500,3,1,20,0.0,0.4978,24,3.1426761506828513,2.4083366733466933,32,3.449318573365577,2.4996256256256255,500,0.24782800000000002
5,500,3,1,21,0.0,0.49660000000000004,24,3.1426761506828513,2.4083366733466933,32,3.446291725621021,2.4971671671671674,500,0.251908
5,500,3,1,22,0.0,0.5007999999999999,24,3.1426761506828513,2.4083366733466933,32,3.4457127843506745,2.4984664664664664,500,0.25248600000000004
5,500,3,1,23,0.0,0.48960000000000004,24,3.1426761506828513,2.4083366733466933,32,3.4471956723385118,2.498882882882883,500,0.249988
5,500,3,1,24,0.0,0.4912,24,3.1426761506828513,2.4083366733466933,32,3.4474819210851324,2.4963203203203204,500,0.25081400000000004
5,500,3,1,25,0.0,0.49319999999999997,24,3.1426761506828513,2.4083366733466933,32,3.441106887899396,2.4984824824824825,500,0.24840999999999996
5,500,3,1,26,0.0,0.48960000000000004,24,3.1426761506828513,2.4083366733466933,32,3.445375481540078,2.49790990990991,500,0.25042000000000003
5,500,3,1,27,0.0,0.4924,24,3.1426761506828513,2.4083366733466933,32,3.446254862088002,2.496032032032032,500,0.25214800000000004
5,500,3,1,28,0.0,0.5002000000000001,24,3.1426761506828513,2.4083366733466933,32,3.4461195943991654,2.5003983983983984,500,0.253248
5,500,3,1,29,0.0,0.49460000000000004,24,3.1426761506828513,2.4083366733466933,32,3.4438036961152454,2.4968988988988987,500,0.252966
5,500,3,1,30,0.0,0.49739999999999995,24,3.1426761506828513,2.4083366733466933,32,3.4435952800412886,2.497811811811812,500,0.25285
5,500,3,1,31,0.0,0.4948,24,3.1426761506828513,2.4083366733466933,32,3.4426607388419255,2.499039039039039,500,0.24927200000000002
5,500,3,1,32,0.0,0.4918,24,3.1426761506828513,2.4083366733466933,32,3.4430143903243025,2.499009009009009,500,0.24737199999999998
5,500,3,1,33,0.0,0.4958,24,3.1426761506828513,2.4083366733466933,32,3.4475259311691793,2.4994254254254256,500,0.250888
5,500,3,1,34,0.0,0.478,24,3.1426761506828513,2.4083366733466933,32,3.4426579111218825,2.494142142142142,500,0.24708999999999998
5,500,3,1,35,0.0,0.49560000000000004,24,3.1426761506828513,2.4083366733466933,32,3.4469418113183883,2.497049049049049,500,0.25016000000000005
5,500,3,1,36,0.0,0.49,24,3.1426761506828513,2.4083366733466933,32,3.4500059374249985,2.4971291291291293,500,0.249978
5,500,3,1,37,0.0,0.487,24,3.1426761506828513,2.4083366733466933,32,3.450345024339757,2.4992932932932934,500,0.247036
5,500,3,1,38,0.0,0.48519999999999996,24,3.1426761506828513,2.4083366733466933,32,3.444617057927698,2.497173173173173,500,0.247532
5,500,3,1,39,0.0,0.4958,24,3.1426761506828513,2.4083366733466933,32,3.438504833068764,2.4966506506506505,500,0.255546
5,500,3,1,40,0.0,0.5024,24,3.1426761506828513,2.4083366733466933,32,3.4444163971470374,2.4973293293293293,500,0.255038
5,500,3,1,41,0.0,0.4908,24,3.1426761506828513,2.4083366733466933,32,3.441398640516899,2.4953313313313314,500,0.250692
5,500,3,1,42,0.0,0.4858,24,3.1426761506828513,2.4083366733466933,32,3.446562192514601,2.4965465465465466,500,0.24820800000000004
5,500,3,1,43,0.0,0.49660000000000004,24,3.1426761506828513,2.4083366733466933,32,3.4469809989091935,2.4987327327327327,500,0.249654
5,500,3,1,44,0.0,0.484,24,3.1426761506828513,2.4083366733466933,32,3.4488106785421633,2.4961001001001,500,0.24815199999999998
5,500,3,1,45,0.0,0.49639999999999995,24,3.1426761506828513,2.4083366733466933,32,3.450111915754913,2.4975575575575575,500,0.2525
5,500,3,1,46,0.0,0.4914,24,3.1426761506828513,2.4083366733466933,32,3.4465390641846203,2.49765965965966,500,0.247434
5,500,3,1,47,0.0,0.4884,24,3.1426761506828513,2.4083366733466933,32,3.4484311007104953,2.4964924924924925,500,0.250368
5,500,3,1,48,0.0,0.491,24,3.1426761506828513,2.4083366733466933,32,3.4474790858522883,2.4975195195195194,500,0.25074799999999997
5,500,3,1,49,0.0,0.493,24,3.1426761506828513,2.4083366733466933,32,3.4493797992546087,2.4965665665665666,500,0.251572
5,500,3,1,50,0.0,0.4928,24,3.1426761506828513,2.4083366733466933,32,3.4477836263157817,2.497089089089089,500,0.251556
5,500,3,1,51,0.0,0.4888,24,3.1426761506828513,2.4083366733466933,32,3.4475498115615535,2.500008008008008,500,0.24786399999999997
5,500,3,1,52,0.0,0.489,24,3.1426761506828513,2.4083366733466933,32,3.4453637956005716,2.4975155155155155,500,0.250256
5,500,3,1,53,0.0,0.49339999999999995,24,3.1426761506828513,2.4083366733466933,32,3.4443339556313206,2.4946966966966966,500,0.25043
5,500,3,1,54,0.0,0.49720000000000003,24,3.1426761506828513,2.4083366733466933,32,3.438456387666731,2.4932892892892893,500,0.250086
5,500,3,1,55,0.0,0.49720000000000003,24,3.1426761506828513,2.4083366733466933,32,3.4545414770375347,2.5000680680680682,500,0.25231400000000004
5,500,3,1,56,0.0,0.493,24,3.1426761506828513,2.4083366733466933,32,3.440234491705618,2.4962422422422423,500,0.25093
5,500,3,1,57,0.0,0.48960000000000004,24,3.1426761506828513,2.4083366733466933,32,3.4457898133260585,2.4995715715715714,500,0.24732799999999996
5,500,3,1,58,0.0,0.48120000000000007,24,3.1426761506828513,2.4083366733466933,32,3.4502282932268282,2.496712712712713,500,0.24785000000000001
5,500,3,1,59,0.0,0.5012,24,3.1426761506828513,2.4083366733466933,32,3.4504896368096185,2.4985905905905907,500,0.251778
5,500,3,1,60,0.0,0.4938,24,3.1426761506828513,2.4083366733466933,32,3.4505137539544357,2.5006066066066066,500,0.24881600000000004
5,500,3,1,61,0.0,0.49040000000000006,24,3.1426761506828513,2.4083366733466933,32,3.4426400169570313,2.497045045045045,500,0.24990800000000002
5,500,3,1,62,0.0,0.491,24,3.1426761506828513,2.4083366733466933,32,3.443504454106277,2.493371371371371,500,0.248582
5,500,3,1,63,0.0,0.4958,24,3.1426761506828513,2.4083366733466933,32,3.4476306509837116,2.5006666666666666,500,0.249042
5,500,3,1,64,0.0,0.4932,24,3.1426761506828513,2.4083366733466933,32,3.437648684678316,2.495171171171171,500,0.24903199999999998
5,500,3,1,65,0.0,0.4958,24,3.1426761506828513,2.4083366733466933,32,3.4451492645987556,2.4991411411411413,500,0.24975799999999998
5,500,3,1,66,0.0,0.49520000000000003,24,3.1426761506828513,2.4083366733466933,32,3.4443075625432065,2.4970930930930932,500,0.248728
5,500,3,1,67,0.0,0.489,24,3.1426761506828513,2.4083366733466933,32,3.4402226857571545,2.496870870870871,500,0.24881999999999999
5,500,3,1,68,0.0,0.495,24,3.1426761506828513,2.4083366733466933,32,3.444518334228185,2.497275275275275,500,0.25014400000000003
5,500,3,1,69,0.0,0.4908,24,3.1426761506828513,2.4083366733466933,32,3.4492402706200873,2.499023023023023,500,0.250004
5,500,3,1,70,0.0,0.491,24,3.1426761506828513,2.4083366733466933,32,3.4482500850617246,2.498,500,0.24981800000000004
5,500,3,1,71,0.0,0.497,24,3.1426761506828513,2.4083366733466933,32,3.447954435040594,2.4996976976976977,500,0.252046
5,500,3,1,72,0.0,0.49339999999999995,24,3.1426761506828513,2.4083366733466933,32,3.44852013878441,2.4966826826826827,500,0.248892
5,500,3,1,73,0.0,0.505,24,3.1426761506828513,2.4083366733466933,32,3.4512756258575537,2.501183183183183,500,0.252226
5,500,3,1,74,0.0,0.49260000000000004,24,3.1426761506828513,2.4083366733466933,32,3.4460985344632746,2.498132132132132,500,0.247096
5,500,3,1,75,0.0,0.49460000000000004,24,3.1426761506828513,2.4083366733466933,32,3.4385954722932364,2.500174174174174,500,0.247038
5,500,3,1,76,0.0,0.48960000000000004,24,3.1426761506828513,2.4083366733466933,32,3.4457450449895153,2.498686686686687,500,0.25027000000000005
5,500,3,1,77,0.0,0.4958,24,3.1426761506828513,2.4083366733466933,32,3.4538451765847635,2.49834034034034,500,0.250714
5,500,3,1,78,0.0,0.499,24,3.1426761506828513,2.4083366733466933,32,3.450524144646649,2.501371371371371,500,0.250792
5,500,3,1,79,0.0,0.5046,24,3.1426761506828513,2.4083366733466933,32,3.442699085168271,2.496022022022022,500,0.252276
5,500,3,1,80,0.0,0.4894,24,3.1426761506828513,2.4083366733466933,32,3.445848740529108,2.5004224224224223,500,0.24823199999999998
5,500,3,1,81,0.0,0.5037999999999999,24,3.1426761506828513,2.4083366733466933,32,3.446408950247043,2.500770770770771,500,0.250906
5,500,3,1,82,0.0,0.4894,24,3.1426761506828513,2.4083366733466933,32,3.4452986843270006,2.500254254254254,500,0.24593
5,500,3,1,83,0.0,0.49379999999999996,24,3.1426761506828513,2.4083366733466933,32,3.4484291408633903,2.4968188188188187,500,0.254658
5,500,3,1,84,0.0,0.49319999999999997,24,3.1426761506828513,2.4083366733466933,32,3.4455958720104984,2.4971691691691693,500,0.250348
5,500,3,1,85,0.0,0.4932,24,3.1426761506828513,2.4083366733466933,32,3.4459289391848755,2.49390990990991,500,0.25550799999999996
5,500,3,1,86,0.0,0.4928,24,3.1426761506828513,2.4083366733466933,32,3.450748084145448,2.49983983983984,500,0.249396
5,500,3,1,87,0.0,0.49460000000000004,24,3.1426761506828513,2.4083366733466933,32,3.443371028002982,2.498092092092092,500,0.248652
5,500,3,1,88,0.0,0.495,24,3.1426761506828513,2.4083366733466933,32,3.4422607270798826,2.498928928928929,500,0.25073399999999996
5,500,3,1,89,0.0,0.49739999999999995,24,3.1426761506828513,2.4083366733466933,32,3.444162245120955,2.5002062062062063,500,0.25233
5,500,3,1,90,0.0,0.4882,24,3.1426761506828513,2.4083366733466933,32,3.4462669359378597,2.4967787787787787,500,0.251126
5,500,3,1,91,0.0,0.498,24,3.1426761506828513,2.4083366733466933,32,3.434406735979591,2.493937937937938,500,0.250034
5,500,3,1,92,0.0,0.4904,24,3.1426761506828513,2.4083366733466933,32,3.4484816009027695,2.497793793793794,500,0.24721600000000002
5,500,3,1,93,0.0,0.49560000000000004,24,3.1426761506828513,2.4083366733466933,32,3.455411243061203,2.497333333333333,500,0.251284
5,500,3,1,94,0.0,0.48960000000000004,24,3.1426761506828513,2.4083366733466933,32,3.448110762157939,2.499823823823824,500,0.25132800000000005
5,500,3,1,95,0.0,0.5002,24,3.1426761506828513,2.4083366733466933,32,3.4544945091838644,2.497947947947948,500,0.25227200000000005
5,500,3,1,96,0.0,0.4962,24,3.1426761506828513,2.4083366733466933,32,3.4519140175865193,2.4995175175175177,500,0.252216
5,500,3,1,97,0.0,0.4972,24,3.1426761506828513,2.4083366733466933,32,3.4439834030278025,2.4977337337337335,500,0.25087200000000004
5,500,3,1,98,0.0,0.49660000000000004,24,3.1426761506828513,2.4083366733466933,32,3.446028748140252,2.498644644644645,500,0.250686
5,500,3,1,99,0.0,0.5002000000000001,24,3.1426761506828513,2.4083366733466933,32,3.447200404780315,2.498072072072072,500,0.25381400000000004
5,500,3,2,0,0.0,0.508,24,3.1566590445043943,2.419695390781563,32,3.452843550673493,2.4996356356356357,500,0.250982
5,500,3,2,1,0.0,0.5074,24,3.1566590445043943,2.419695390781563,32,3.4514945631948453,2.496366366366366,500,0.25517399999999996
5,500,3,2,2,0.0,0.5037999999999999,24,3.1566590445043943,2.419695390781563,32,3.4490761957818785,2.5011911911911913,500,0.24927000000000002
5,500,3,2,3,0.0,0.505,24,3.1566590445043943,2.419695390781563,32,3.454238621492731,2.5006586586586588,500,0.250238
5,500,3,2,4,0.0,0.499,24,3.1566590445043943,2.419695390781563,32,3.4493355502471097,2.498204204204204,500,0.24614
5,500,3,2,5,0.0,0.495,24,3.1566590445043943,2.419695390781563,32,3.4532108410130817,2.499957957957958,500,0.245894
5,500,3,2,6,0.0,0.5056,24,3.1566590445043943,2.419695390781563,32,3.455571810726919,2.5007607607607607,500,0.25253200000000003
5,500,3,2,7,0.0,0.5076,24,3.1566590445043943,2.419695390781563,32,3.454202809882319,2.49815015015015,500,0.249684
5,500,3,2,8,0.0,0.505,24,3.1566590445043943,2.419695390781563,32,3.458039779823338,2.5015115115115116,500,0.24978999999999998
5,500,3,2,9,0.0,0.49939999999999996,24,3.1566590445043943,2.419695390781563,32,3.4488584402563816,2.4985525525525527,500,0.250152
5,500,3,2,10,0.0,0.5094,24,3.1566590445043943,2.419695390781563,32,3.4526897245408383,2.4970710710710713,500,0.250818
5,500,3,2,11,0.0,0.5054,24,3.1566590445043943,2.419695390781563,32,3.4594526765407494,2.5016996996997,500,0.251778
5,500,3,2,12,0.0,0.509,24,3.1566590445043943,2.419695390781563,32,3.456798625925026,2.5013193193193195,500,0.25441800000000003
5,500,3,2,13,0.0,0.5016,24,3.1566590445043943,2.419695390781563,32,3.453334193802619,2.4995515515515514,500,0.24892
5,500,3,2,14,0.0,0.504,24,3.1566590445043943,2.419695390781563,32,3.4500185643509544,2.4984064064064064,500,0.25302600000000003
5,500,3,2,15,0.0,0.5027999999999999,24,3.1566590445043943,2.419695390781563,32,3.453607669711344,2.498834834834835,500,0.25278
5,500,3,2,16,0.0,0.5034,24,3.1566590445043943,2.419695390781563,32,3.4539228874685017,2.4994934934934934,500,0.252668
5,500,3,2,17,0.0,0.5037999999999999,24,3.1566590445043943,2.419695390781563,32,3.4485506492314344,2.4976436436436438,500,0.25048800000000004
5,500,3,2,18,0.0,0.49579999999999996,24,3.1566590445043943,2.419695390781563,32,3.449796265650394,2.4986726726726727,500,0.252126
5,500,3,2,19,0.0,0.49660000000000004,24,3.1566590445043943,2.419695390781563,32,3.453728368188216,2.4993493493493495,500,0.24780200000000002
5,500,3,2,20,0.0,0.502,24,3.1566590445043943,2.419695390781563,32,3.4571990331937776,2.5004004004004003,500,0.251824
5,500,3,2,21,0.0,0.4904,24,3.1566590445043943,2.419695390781563,32,3.451584935711729,2.498054054054054,500,0.24839999999999998
5,500,3,2,22,0.0,0.5,24,3.1566590445043943,2.419695390781563,32,3.4522442848058135,2.501897897897898,500,0.25017
5,500,3,2,23,0.0,0.5027999999999999,24,3.1566590445043943,2.419695390781563,32,3.454352738943922,2.5005645645645647,500,0.251822
5,500,3,2,24,0.0,0.5102000000000001,24,3.1566590445043943,2.419695390781563,32,3.450810269247639,2.494992992992993,500,0.250002
5,500,3,2,25,0.0,0.5026,24,3.1566590445043943,2.419695390781563,32,3.4544514429581437,2.501735735735736,500,0.24870799999999998
5,500,3,2,26,0.0,0.503,24,3.1566590445043943,2.419695390781563,32,3.4529909965805112,2.500906906906907,500,0.24850999999999998
5,500,3,2,27,0.0,0.5022000000000001,24,3.1566590445043943,2.419695390781563,32,3.4512129707300723,2.5007107107107105,500,0.247894
5,500,3,2,28,0.0,0.5057999999999999,24,3.1566590445043943,2.419695390781563,32,3.452152971970621,2.5002382382382384,500,0.251588
5,500,3,2,29,0.0,0.5042,24,3.1566590445043943,2.419695390781563,32,3.453042960521559,2.49996996996997,500,0.249584
5,500,3,2,30,0.0,0.51,24,3.1566590445043943,2.419695390781563,32,3.454158861139255,2.5004244244244243,500,0.251142
5,500,3,2,31,0.0,0.4972,24,3.1566590445043943,2.419695390781563,32,3.4503899014068624,2.5005045045045047,500,0.24959800000000001
5,500,3,2,32,0.0,0.49839999999999995,24,3.1566590445043943,2.419695390781563,32,3.4528819103169512,2.5013653653653654,500,0.250134
5,500,3,2,33,0.0,0.4998,24,3.1566590445043943,2.419695390781563,32,3.4542177764708706,2.500654654654655,500,0.250672
5,500,3,2,34,0.0,0.49479999999999996,24,3.1566590445043943,2.419695390781563,32,3.445642547255912,2.5011531531531532,500,0.24887800000000002
5,500,3,2,35,0.0,0.5064,24,3.1566590445043943,2.419695390781563,32,3.4565924431257944,2.500172172172172,500,0.249998
5,500,3,2,36,0.0,0.5012000000000001,24,3.1566590445043943,2.419695390781563,32,3.4539341664178065,2.500952952952953,500,0.25228
5,500,3,2,37,0.0,0.5038,24,3.1566590445043943,2.419695390781563,32,3.4516801476849124,2.4994734734734734,500,0.24962
5,500,3,2,38,0.0,0.4968,24,3.1566590445043943,2.419695390781563,32,3.454319115854765,2.5007607607607607,500,0.25135399999999997
5,500,3,2,39,0.0,0.49760000000000004,24,3.1566590445043943,2.419695390781563,32,3.4534761455096,2.498626626626627,500,0.25052
5,500,3,2,40,0.0,0.5047999999999999,24,3.1566590445043943,2.419695390781563,32,3.4500410355035767,2.499303303303303,500,0.250476
5,500,3,2,41,0.0,0.48860000000000003,24,3.1566590445043943,2.419695390781563,32,3.455366217813884,2.500118118118118,500,0.244584
5,500,3,2,42,0.0,0.4948,24,3.1566590445043943,2.419695390781563,32,3.4506736672544616,2.4998718718718718,500,0.249068
5,500,3,2,43,0.0,0.4842,24,3.1566590445043943,2.419695390781563,32,3.4486594238157995,2.4977317317317316,500,0.246704
5,500,3,2,44,0.0,0.501,24,3.1566590445043943,2.419695390781563,32,3.454122538851883,2.501931931931932,500,0.252726
5,500,3,2,45,0.0,0.505,24,3.1566590445043943,2.419695390781563,32,3.4534797636959556,2.499065065065065,500,0.250278
5,500,3,2,46,0.0,0.49960000000000004,24,3.1566590445043943,2.419695390781563,32,3.4508883753839203,2.5,500,0.246958
5,500,3,2,47,0.0,0.5082,24,3.1566590445043943,2.419695390781563,32,3.4533947010976593,2.500066066066066,500,0.251796
5,500,3,2,48,0.0,0.49939999999999996,24,3.1566590445043943,2.419695390781563,32,3.4526382001641895,2.499125125125125,500,0.24869000000000002
5,500,3,2,49,0.0,0.504,24,3.1566590445043943,2.419695390781563,32,3.4578875307885886,2.5013293293293293,500,0.25141
5,500,3,2,50,0.0,0.5012,24,3.1566590445043943,2.419695390781563,32,3.44442324559247,2.498014014014014,500,0.24891000000000002
5,500,3,2,51,0.0,0.5012,24,3.1566590445043943,2.419695390781563,32,3.449651164195455,2.498842842842843,500,0.25060600000000005
5,500,3,2,52,0.0,0.49420000000000003,24,3.1566590445043943,2.419695390781563,32,3.4506091598047437,2.4993333333333334,500,0.24774999999999997
5,500,3,2,53,0.0,0.5036,24,3.1566590445043943,2.419695390781563,32,3.4537168705385355,2.4994234234234236,500,0.249908
5,500,3,2,54,0.0,0.4882,24,3.1566590445043943,2.419695390781563,32,3.4470079699874843,2.49814014014014,500,0.247162
5,500,3,2,55,0.0,0.5002000000000001,24,3.1566590445043943,2.419695390781563,32,3.4538574601183925,2.5018238238238237,500,0.249832
5,500,3,2,56,0.0,0.5042000000000001,24,3.1566590445043943,2.419695390781563,32,3.4480919464957296,2.497875875875876,500,0.24983800000000003
5,500,3,2,57,0.0,0.49939999999999996,24,3.1566590445043943,2.419695390781563,32,3.451991614144665,2.5014794794794795,500,0.24934199999999998
5,500,3,2,58,0.0,0.5007999999999999,24,3.1566590445043943,2.419695390781563,32,3.4549127825329515,2.5005605605605608,500,0.251576
5,500,3,2,59,0.0,0.49579999999999996,24,3.1566590445043943,2.419695390781563,32,3.455108099528482,2.5007467467467466,500,0.24931599999999998
5,500,3,2,60,0.0,0.502,24,3.1566590445043943,2.419695390781563,32,3.4520451079566143,2.501009009009009,500,0.248392
5,500,3,2,61,0.0,0.499,24,3.1566590445043943,2.419695390781563,32,3.446734862445507,2.500406406406406,500,0.250702
5,500,3,2,62,0.0,0.5087999999999999,24,3.1566590445043943,2.419695390781563,32,3.4566925493051825,2.5003963963963964,500,0.25183
5,500,3,2,63,0.0,0.5084,24,3.1566590445043943,2.419695390781563,32,3.4562648205018514,2.5007047047047046,500,0.25346199999999997
5,500,3,2,64,0.0,0.5006,24,3.1566590445043943,2.419695390781563,32,3.4518908333775062,2.5006026026026027,500,0.25101999999999997
5,500,3,2,65,0.0,0.5044,24,3.1566590445043943,2.419695390781563,32,3.4507359566122977,2.4996676676676675,500,0.25114600000000004
5,500,3,2,66,0.0,0.4982,24,3.1566590445043943,2.419695390781563,32,3.454857979403246,2.5002462462462463,500,0.24950999999999998
5,500,3,2,67,0.0,0.4988000000000001,24,3.1566590445043943,2.419695390781563,32,3.4565724289463904,2.5017897897897896,500,0.24867399999999998
5,500,3,2,68,0.0,0.4942,24,3.1566590445043943,2.419695390781563,32,3.4545176188419022,2.5006266266266266,500,0.24757400000000002
5,500,3,2,69,0.0,0.502,24,3.1566590445043943,2.419695390781563,32,3.453645907890273,2.500076076076076,500,0.250534
5,500,3,2,70,0.0,0.5084,24,3.1566590445043943,2.419695390781563,32,3.453731266328195,2.50008008008008,500,0.252104
5,500,3,2,71,0.0,0.5044,24,3.1566590445043943,2.419695390781563,32,3.449207376270252,2.496980980980981,500,0.250334
5,500,3,2,72,0.0,0.49439999999999995,24,3.1566590445043943,2.419695390781563,32,3.45541353100741,2.501317317317317,500,0.24911200000000003
5,500,3,2,73,0.0,0.5,24,3.1566590445043943,2.419695390781563,32,3.456956949421803,2.5004204204204203,500,0.248078
5,500,3,2,74,0.0,0.5036,24,3.1566590445043943,2.419695390781563,32,3.448500111372887,2.5005565565565564,500,0.251178
5,500,3,2,75,0.0,0.5017999999999999,24,3.1566590445043943,2.419695390781563,32,3.4519379745441974,2.49984984984985,500,0.25055600000000006
5,500,3,2,76,0.0,0.49360000000000004,24,3.1566590445043943,2.419695390781563,32,3.4547361424415217,2.5003523523523525,500,0.24957200000000002
5,500,3,2,77,0.0,0.5117999999999999,24,3.1566590445043943,2.419695390781563,32,3.45431806532549,2.5002382382382384,500,0.252854
5,500,3,2,78,0.0,0.503,24,3.1566590445043943,2.419695390781563,32,3.450439121493456,2.498876876876877,500,0.25072000000000005
5,500,3,2,79,0.0,0.5056,24,3.1566590445043943,2.419695390781563,32,3.449967648505986,2.5007047047047046,500,0.252706
5,500,3,2,80,0.0,0.5002,24,3.1566590445043943,2.419695390781563,32,3.453617092412208,2.5017997997998,500,0.249728
5,500,3,2,81,0.0,0.5036,24,3.1566590445043943,2.419695390781563,32,3.452310182151871,2.498762762762763,500,0.25027400000000005
5,500,3,2,82,0.0,0.5016,24,3.1566590445043943,2.419695390781563,32,3.4563581776069885,2.5020780780780782,500,0.25058199999999997
5,500,3,2,83,0.0,0.49560000000000004,24,3.1566590445043943,2.419695390781563,32,3.45778905973594,2.500112112112112,500,0.250632
5,500,3,2,84,0.0,0.5052000000000001,24,3.1566590445043943,2.419695390781563,32,3.455298891387105,2.5008008008008007,500,0.250514
5,500,3,2,85,0.0,0.5047999999999999,24,3.1566590445043943,2.419695390781563,32,3.4480909208015618,2.500768768768769,500,0.25208800000000003
5,500,3,2,86,0.0,0.5007999999999999,24,3.1566590445043943,2.419695390781563,32,3.4548717910098183,2.502046046046046,500,0.250788
5,500,3,2,87,0.0,0.49779999999999996,24,3.1566590445043943,2.419695390781563,32,3.45042958050937,2.50031031031031,500,0.25148000000000004
5,500,3,2,88,0.0,0.4924,24,3.1566590445043943,2.419695390781563,32,3.4444793459939835,2.5001481481481482,500,0.24766199999999997
5,500,3,2,89,0.0,0.5064,24,3.1566590445043943,2.419695390781563,32,3.4493045778096256,2.500028028028028,500,0.250382
5,500,3,2,90,0.0,0.49439999999999995,24,3.1566590445043943,2.419695390781563,32,3.453475774038481,2.5004164164164164,500,0.24712
5,500,3,2,91,0.0,0.5022,24,3.1566590445043943,2.419695390781563,32,3.4543026855926913,2.499249249249249,500,0.25198000000000004
5,500,3,2,92,0.0,0.505,24,3.1566590445043943,2.419695390781563,32,3.451391767334906,2.4982122122122123,500,0.254274
5,500,3,2,93,0.0,0.5022,24,3.1566590445043943,2.419695390781563,32,3.445665415034336,2.500750750750751,500,0.248788
5,500,3,2,94,0.0,0.49319999999999997,24,3.1566590445043943,2.419695390781563,32,3.454361546493481,2.501041041041041,500,0.24702600000000005
5,500,3,2,95,0.0,0.5062000000000001,24,3.1566590445043943,2.419695390781563,32,3.447754371766412,2.4993773773773773,500,0.251668
5,500,3,2,96,0.0,0.5037999999999999,24,3.1566590445043943,2.419695390781563,32,3.455180279518819,2.5014434434434434,500,0.25080600000000003
5,500,3,2,97,0.0,0.5008,24,3.1566590445043943,2.419695390781563,32,3.456949458979709,2.5018058058058057,500,0.24993400000000002
5,500,3,2,98,0.0,0.5006,24,3.1566590445043943,2.419695390781563,32,3.4499462158913863,2.4981161161161163,500,0.24857
5,500,3,2,99,0.0,0.49960000000000004,24,3.1566590445043943,2.419695390781563,32,3.4506080830334462,2.5003763763763764,500,0.250852
5,500,3,3,0,0.0,0.49979999999999997,24,3.1523039720652646,2.4246412825651302,32,3.4448870644140763,2.499109109109109,500,0.25325400000000003
5,500,3,3,1,0.0,0.5075999999999999,24,3.1523039720652646,2.4246412825651302,32,3.450821135357154,2.5007847847847846,500,0.252118
5,500,3,3,2,0.0,0.5077999999999999,24,3.1523039720652646,2.4246412825651302,32,3.44890075788592,2.499917917917918,500,0.25197800000000004
5,500,3,3,3,0.0,0.5049999999999999,24,3.1523039720652646,2.4246412825651302,32,3.4430715712019886,2.4993973973973973,500,0.253404
5,500,3,3,4,0.0,0.5064,24,3.1523039720652646,2.4246412825651302,32,3.452897680892489,2.501233233233233,500,0.25125400000000003
5,500,3,3,5,0.0,0.5067999999999999,24,3.1523039720652646,2.4246412825651302,32,3.4430922830578137,2.499167167167167,500,0.25498600000000005
5,500,3,3,6,0.0,0.5072,24,3.1523039720652646,2.4246412825651302,32,3.450328504751632,2.5005725725725725,500,0.253208
5,500,3,3,7,0.0,0.5136,24,3.1523039720652646,2.4246412825651302,32,3.4542143323833083,2.4989269269269268,500,0.25433
5,500,3,3,8,0.0,0.5121999999999999,24,3.1523039720652646,2.4246412825651302,32,3.452100785811318,2.50031031031031,500,0.253608
5,500,3,3,9,0.0,0.49599999999999994,24,3.1523039720652646,2.4246412825651302,32,3.451405750762027,2.5014814814814814,500,0.24765399999999999
5,500,3,3,10,0.0,0.5085999999999999,24,3.1523039720652646,2.4246412825651302,32,3.443189677050003,2.4964304304304306,500,0.256898
5,500,3,3,11,0.0,0.5037999999999999,24,3.1523039720652646,2.4246412825651302,32,3.452598310937552,2.5015035035035034,500,0.251894
5,500,3,3,12,0.0,0.5035999999999999,24,3.1523039720652646,2.4246412825651302,32,3.4462538719615825,2.501101101101101,500,0.251106
5,500,3,3,13,0.0,0.5077999999999999,24,3.1523039720652646,2.4246412825651302,32,3.4504308056784843,2.501295295295295,500,0.25143
5,500,3,3,14,0.0,0.5089999999999999,24,3.1523039720652646,2.4246412825651302,32,3.448266433597105,2.4996056056056055,500,0.253336
5,500,3,3,15,0.0,0.5042,24,3.1523039720652646,2.4246412825651302,32,3.448326793870908,2.5015995995995994,500,0.25223399999999996
5,500,3,3,16,0.0,0.5052,24,3.1523039720652646,2.4246412825651302,32,3.453547815323791,2.4998358358358357,500,0.253892
5,500,3,3,17,0.0,0.5024,24,3.1523039720652646,2.4246412825651302,32,3.449409043256874,2.501761761761762,500,0.24956199999999998
5,500,3,3,18,0.0,0.5114,24,3.1523039720652646,2.4246412825651302,32,3.4535229619138823,2.5005945945945944,500,0.25394
5,500,3,3,19,0.0,0.5115999999999999,24,3.1523039720652646,2.4246412825651302,32,3.450100950397472,2.5006246246246246,500,0.25224599999999997
5,500,3,3,20,0.0,0.517,24,3.1523039720652646,2.4246412825651302,32,3.4468183174261333,2.4986046046046044,500,0.252852
5,500,3,3,21,0.0,0.5137999999999999,24,3.1523039720652646,2.4246412825651302,32,3.450380261980265,2.4992332332332334,500,0.251996
5,500,3,3,22,0.0,0.5162,24,3.1523039720652646,2.4246412825651302,32,3.445964352680501,2.498108108108108,500,0.25380400000000003
5,500,3,3,23,0.0,0.5077999999999999,24,3.1523039720652646,2.4246412825651302,32,3.4503770496277464,2.49990990990991,500,0.251656
5,500,3,3,24,0.0,0.5094,24,3.1523039720652646,2.4246412825651302,32,3.443689311842724,2.4996936936936938,500,0.252952
5,500,3,3,25,0.0,0.505,24,3.1523039720652646,2.4246412825651302,32,3.4471279116760587,2.49988988988989,500,0.25178
5,500,3,3,26,0.0,0.501,24,3.1523039720652646,2.4246412825651302,32,3.454358227609101,2.50187987987988,500,0.251608
5,500,3,3,27,0.0,0.5147999999999999,24,3.1523039720652646,2.4246412825651302,32,3.4525399114153514,2.498922922922923,500,0.25456
5,500,3,3,28,0.0,0.5074,24,3.1523039720652646,2.4246412825651302,32,3.444539407547043,2.500694694694695,500,0.251514
5,500,3,3,29,0.0,0.5002,24,3.1523039720652646,2.4246412825651302,32,3.4504812724891316,2.50005005005005,500,0.247706
5,500,3,3,30,0.0,0.5069999999999999,24,3.1523039720652646,2.4246412825651302,32,3.4465126372066823,2.498980980980981,500,0.253478
5,500,3,3,31,0.0,0.5127999999999999,24,3.1523039720652646,2.4246412825651302,32,3.44527965461001,2.499751751751752,500,0.25193
5,500,3,3,32,0.0,0.508,24,3.1523039720652646,2.4246412825651302,32,3.4493149076918392,2.500232232232232,500,0.252508
5,500,3,3,33,0.0,0.5065999999999999,24,3.1523039720652646,2.4246412825651302,32,3.4425780162666184,2.501623623623624,500,0.25188
5,500,3,3,34,0.0,0.5084,24,3.1523039720652646,2.4246412825651302,32,3.4503917654136536,2.498646646646647,500,0.251282
5,500,3,3,35,0.0,0.4946,24,3.1523039720652646,2.4246412825651302,32,3.444742564137481,2.5013593593593595,500,0.25157999999999997
5,500,3,3,36,0.0,0.5117999999999999,24,3.1523039720652646,2.4246412825651302,32,3.4480753166093856,2.500042042042042,500,0.253902
5,500,3,3,37,0.0,0.5029999999999999,24,3.1523039720652646,2.4246412825651302,32,3.4446250919135446,2.49990990990991,500,0.250218
5,500,3,3,38,0.0,0.5012,24,3.1523039720652646,2.4246412825651302,32,3.453120862357077,2.501021021021021,500,0.25002800000000003
5,500,3,3,39,0.0,0.5029999999999999,24,3.1523039720652646,2.4246412825651302,32,3.445979960171477,2.4983163163163162,500,0.24874600000000005
5,500,3,3,40,0.0,0.5065999999999999,24,3.1523039720652646,2.4246412825651302,32,3.4456153451426115,2.5013113113113112,500,0.252624
5,500,3,3,41,0.0,0.514,24,3.1523039720652646,2.4246412825651302,32,3.447914246032396,2.499807807807808,500,0.25614800000000004
5,500,3,3,42,0.0,0.5022,24,3.1523039720652646,2.4246412825651302,32,3.4495501118943754,2.500386386386386,500,0.249786
5,500,3,3,43,0.0,0.5084,24,3.1523039720652646,2.4246412825651302,32,3.450364099090617,2.499087087087087,500,0.250592
5,500,3,3,44,0.0,0.5074,24,3.1523039720652646,2.4246412825651302,32,3.4486621787851623,2.498964964964965,500,0.25577799999999995
5,500,3,3,45,0.0,0.5089999999999999,24,3.1523039720652646,2.4246412825651302,32,3.4451926800757313,2.498628628628629,500,0.252392
5,500,3,3,46,0.0,0.5065999999999999,24,3.1523039720652646,2.4246412825651302,32,3.453246818087778,2.50003003003003,500,0.25017
5,500,3,3,47,0.0,0.5094,24,3.1523039720652646,2.4246412825651302,32,3.452701311236121,2.500730730730731,500,0.252738
5,500,3,3,48,0.0,0.5024,24,3.1523039720652646,2.4246412825651302,32,3.4486132702161862,2.5016096096096097,500,0.24953200000000003
5,500,3,3,49,0.0,0.5107999999999999,24,3.1523039720652646,2.4246412825651302,32,3.4474056157572566,2.5004244244244243,500,0.25418599999999997
5,500,3,3,50,0.0,0.5114,24,3.1523039720652646,2.4246412825651302,32,3.4479757852011543,2.5006866866866866,500,0.252842
5,500,3,3,51,0.0,0.5092,24,3.1523039720652646,2.4246412825651302,32,3.441454518164107,2.5012292292292293,500,0.252264
5,500,3,3,52,0.0,0.5095999999999999,24,3.1523039720652646,2.4246412825651302,32,3.4498046755925063,2.500248248248248,500,0.252858
5,500,3,3,53,0.0,0.4996,24,3.1523039720652646,2.4246412825651302,32,3.4510884376923,2.4981341341341343,500,0.254654
5,500,3,3,54,0.0,0.5114,24,3.1523039720652646,2.4246412825651302,32,3.4497271730415493,2.4994574574574573,500,0.25452600000000003
5,500,3,3,55,0.0,0.5069999999999999,24,3.1523039720652646,2.4246412825651302,32,3.448885539178531,2.500934934934935,500,0.2524040000000001
5,500,3,3,56,0.0,0.5137999999999999,24,3.1523039720652646,2.4246412825651302,32,3.4498147377229573,2.4991811811811813,500,0.252824
5,500,3,3,57,0.0,0.5065999999999999,24,3.1523039720652646,2.4246412825651302,32,3.4483586617884354,2.5007267267267266,500,0.250724
5,500,3,3,58,0.0,0.5194,24,3.1523039720652646,2.4246412825651302,32,3.448678445160837,2.498044044044044,500,0.255174
5,500,3,3,59,0.0,0.5,24,3.1523039720652646,2.4246412825651302,32,3.453978333989728,2.5015695695695697,500,0.25382
5,500,3,3,60,0.0,0.509,24,3.1523039720652646,2.4246412825651302,32,3.4484811581470747,2.496862862862863,500,0.255214
5,500,3,3,61,0.0,0.5104,24,3.1523039720652646,2.4246412825651302,32,3.449455922968143,2.5004084084084086,500,0.251014
5,500,3,3,62,0.0,0.5025999999999999,24,3.1523039720652646,2.4246412825651302,32,3.4468829562468555,2.500598598598599,500,0.248598
5,500,3,3,63,0.0,0.5092,24,3.1523039720652646,2.4246412825651302,32,3.4500953434023036,2.5005285285285286,500,0.25392000000000003
5,500,3,3,64,0.0,0.5052,24,3.1523039720652646,2.4246412825651302,32,3.448036601929349,2.499247247247247,500,0.24960200000000005
5,500,3,3,65,0.0,0.504,24,3.1523039720652646,2.4246412825651302,32,3.453370064117855,2.5010530530530533,500,0.249396
5,500,3,3,66,0.0,0.5035999999999999,24,3.1523039720652646,2.4246412825651302,32,3.4450897866346133,2.501257257257257,500,0.250332
5,500,3,3,67,0.0,0.5119999999999999,24,3.1523039720652646,2.4246412825651302,32,3.4488754154311305,2.4998158158158157,500,0.252852
5,500,3,3,68,0.0,0.509,24,3.1523039720652646,2.4246412825651302,32,3.4481957662151563,2.4995095095095095,500,0.254428
5,500,3,3,69,0.0,0.5105999999999999,24,3.1523039720652646,2.4246412825651302,32,3.450584735749492,2.4975515515515516,500,0.25772800000000007
5,500,3,3,70,0.0,0.5094,24,3.1523039720652646,2.4246412825651302,32,3.4481267257435455,2.5012472472472473,500,0.251422
5,500,3,3,71,0.0,0.5034,24,3.1523039720652646,2.4246412825651302,32,3.4501172271747507,2.501715715715716,500,0.250404
5,500,3,3,72,0.0,0.5157999999999999,24,3.1523039720652646,2.4246412825651302,32,3.4502550428744225,2.498892892892893,500,0.255112
5,500,3,3,73,0.0,0.5067999999999999,24,3.1523039720652646,2.4246412825651302,32,3.4491548334069053,2.501177177177177,500,0.25378200000000006
5,500,3,3,74,0.0,0.5095999999999999,24,3.1523039720652646,2.4246412825651302,32,3.449159817304821,2.4999519519519517,500,0.25610399999999994
5,500,3,3,75,0.0,0.5092,24,3.1523039720652646,2.4246412825651302,32,3.4479571009749375,2.5003443443443443,500,0.251358
5,500,3,3,76,0.0,0.5106,24,3.1523039720652646,2.4246412825651302,32,3.4467213828402627,2.50017017017017,500,0.255336
5,500,3,3,77,0.0,0.5075999999999999,24,3.1523039720652646,2.4246412825651302,32,3.454427092032656,2.501137137137137,500,0.254076
5,500,3,3,78,0.0,0.5075999999999999,24,3.1523039720652646,2.4246412825651302,32,3.4500419475389332,2.4996076076076075,500,0.252364
5,500,3,3,79,0.0,0.5062,24,3.1523039720652646,2.4246412825651302,32,3.445540137719335,2.499109109109109,500,0.24952200000000002
5,500,3,3,80,0.0,0.5085999999999999,24,3.1523039720652646,2.4246412825651302,32,3.447604323324571,2.5016116116116116,500,0.251896
5,500,3,3,81,0.0,0.506,24,3.1523039720652646,2.4246412825651302,32,3.445992135409009,2.5,500,0.25417
5,500,3,3,82,0.0,0.5062,24,3.1523039720652646,2.4246412825651302,32,3.446743074127255,2.5015635635635634,500,0.249512
5,500,3,3,83,0.0,0.5117999999999999,24,3.1523039720652646,2.4246412825651302,32,3.4468780952618543,2.499129129129129,500,0.25237200000000004
5,500,3,3,84,0.0,0.5079999999999999,24,3.1523039720652646,2.4246412825651302,32,3.4505633316196107,2.5015695695695697,500,0.252798
5,500,3,3,85,0.0,0.514,24,3.1523039720652646,2.4246412825651302,32,3.449987841655787,2.500172172172172,500,0.25342800000000004
5,500,3,3,86,0.0,0.514,24,3.1523039720652646,2.4246412825651302,32,3.4472859532013818,2.500032032032032,500,0.255854
5,500,3,3,87,0.0,0.5144,24,3.1523039720652646,2.4246412825651302,32,3.445562322674194,2.497837837837838,500,0.257184
5,500,3,3,88,0.0,0.5146,24,3.1523039720652646,2.4246412825651302,32,3.44730663093548,2.499421421421421,500,0.25469200000000003
5,500,3,3,89,0.0,0.5055999999999999,24,3.1523039720652646,2.4246412825651302,32,3.447815073113592,2.4986226226226225,500,0.24956
5,500,3,3,90,0.0,0.5094,24,3.1523039720652646,2.4246412825651302,32,3.444975585824719,2.501003003003003,500,0.254512
5,500,3,3,91,0.0,0.5085999999999999,24,3.1523039720652646,2.4246412825651302,32,3.441014181943796,2.497055055055055,500,0.25481000000000004
5,500,3,3,92,0.0,0.5039999999999999,24,3.1523039720652646,2.4246412825651302,32,3.4515918493250703,2.500036036036036,500,0.25438
5,500,3,3,93,0.0,0.5156,24,3.1523039720652646,2.4246412825651302,32,3.442909226669652,2.4974854854854853,500,0.253962
5,500,3,3,94,0.0,0.511,24,3.1523039720652646,2.4246412825651302,32,3.4465048975941133,2.4991771771771774,500,0.251618
5,500,3,3,95,0.0,0.4971999999999999,24,3.1523039720652646,2.4246412825651302,32,3.449277680401533,2.5015535535535536,500,0.251494
5,500,3,3,96,0.0,0.516,24,3.1523039720652646,2.4246412825651302,32,3.4477340938215018,2.4991031031031032,500,0.255264
5,500,3,3,97,0.0,0.5166,24,3.1523039720652646,2.4246412825651302,32,3.440496670480882,2.499421421421421,500,0.25423399999999996
5,500,3,3,98,0.0,0.5057999999999999,24,3.1523039720652646,2.4246412825651302,32,3.449287650681324,2.500934934934935,500,0.250488
5,500,3,3,99,0.0,0.5186,24,3.1523039720652646,2.4246412825651302,32,3.450003664925473,2.4961621621621624,500,0.254006
5,1000,2,1,0,0.0,0.4988,13,2.5603899762810682,2.1004084084084083,32,3.4462500061282633,2.499903903903904,1000,0.597423
5,1000,2,1,1,0.0,0.5016,13,2.5603899762810682,2.1004084084084083,32,3.4460465307979664,2.5015535535535536,1000,0.5988140000000001
5,1000,2,1,2,0.0,0.5114000000000001,13,2.5603899762810682,2.1004084084084083,32,3.450994055892969,2.5006146146146144,1000,0.603001
5,1000,2,1,3,0.0,0.5017999999999999,13,2.5603899762810682,2.1004084084084083,32,3.444889815499222,2.500874874874875,1000,0.5989079999999999
5,1000,2,1,4,0.0,0.5004,13,2.5603899762810682,2.1004084084084083,32,3.4416130508996767,2.499287287287287,1000,0.593424
5,1000,2,1,5,0.0,0.4912,13,2.5603899762810682,2.1004084084084083,32,3.4469228396949063,2.499883883883884,1000,0.585356
5,1000,2,1,6,0.0,0.49879999999999997,13,2.5603899762810682,2.1004084084084083,32,3.4455592965330406,2.500092092092092,1000,0.59837
5,1000,2,1,7,0.0,0.5002,13,2.5603899762810682,2.1004084084084083,32,3.4465731083432707,2.501119119119119,1000,0.5938129999999999
5,1000,2,1,8,0.0,0.5054,13,2.5603899762810682,2.1004084084084083,32,3.4501698987022102,2.4999139139139137,1000,0.598231
5,1000,2,1,9,0.0,0.4918,13,2.5603899762810682,2.1004084084084083,32,3.454127753957472,2.5007227227227227,1000,0.5906659999999999
5,1000,2,1,10,0.0,0.5044,13,2.5603899762810682,2.1004084084084083,32,3.4487824695127296,2.5015775775775775,1000,0.599795
5,1000,2,1,11,0.0,0.502,13,2.5603899762810682,2.1004084084084083,32,3.450389243881112,2.500736736736737,1000,0.596989
5,1000,2,1,12,0.0,0.4978,13,2.5603899762810682,2.1004084084084083,32,3.4510871995376906,2.500934934934935,1000,0.5915179999999999
5,1000,2,1,13,0.0,0.4928,13,2.5603899762810682,2.1004084084084083,32,3.444369723077743,2.5006006006006007,1000,0.593793
5,1000,2,1,14,0.0,0.49920000000000003,13,2.5603899762810682,2.1004084084084083,32,3.4532549854290244,2.5015415415415414,1000,0.593436
5,1000,2,1,15,0.0,0.4988,13,2.5603899762810682,2.1004084084084083,32,3.4508626487651126,2.5008208208208207,1000,0.5911230000000001
5,1000,2,1,16,0.0,0.504,13,2.5603899762810682,2.1004084084084083,32,3.449134382550885,2.497717717717718,1000,0.596459
5,1000,2,1,17,0.0,0.5028,13,2.5603899762810682,2.1004084084084083,32,3.442251924627138,2.501121121121121,1000,0.599194
5,1000,2,1,18,0.0,0.495,13,2.5603899762810682,2.1004084084084083,32,3.445910986530091,2.5004304304304306,1000,0.5916569999999999
5,1000,2,1,19,0.0,0.4924,13,2.5603899762810682,2.1004084084084083,32,3.4453870062860767,2.4999319319319318,1000,0.581511
5,1000,2,1,20,0.0,0.501,13,2.5603899762810682,2.1004084084084083,32,3.447834246002804,2.4998338338338337,1000,0.597548
5,1000,2,1,21,0.0,0.5056,13,2.5603899762810682,2.1004084084084083,32,3.4479328806366345,2.5012892892892893,1000,0.597708
5,1000,2,1,22,0.0,0.5012000000000001,13,2.5603899762810682,2.1004084084084083,32,3.44951570046074,2.5007847847847846,1000,0.5953390000000001
5,1000,2,1,23,0.0,0.49760000000000004,13,2.5603899762810682,2.1004084084084083,32,3.448463305649996,2.500824824824825,1000,0.5910489999999999
5,1000,2,1,24,0.0,0.49560000000000004,13,2.5603899762810682,2.1004084084084083,32,3.451148005116604,2.501041041041041,1000,0.588345
5,1000,2,1,25,0.0,0.5066,13,2.5603899762810682,2.1004084084084083,32,3.4497750946405263,2.500938938938939,1000,0.600273
5,1000,2,1,26,0.0,0.5052000000000001,13,2.5603899762810682,2.1004084084084083,32,3.4501025782289902,2.501161161161161,1000,0.596667
5,1000,2,1,27,0.0,0.504,13,2.5603899762810682,2.1004084084084083,32,3.452369600391375,2.5003243243243243,1000,0.5969169999999999
5,1000,2,1,28,0.0,0.5052,13,2.5603899762810682,2.1004084084084083,32,3.4487428004586107,2.4987947947947946,1000,0.602603
5,1000,2,1,29,0.0,0.493,13,2.5603899762810682,2.1004084084084083,32,3.4429819675260642,2.500790790790791,1000,0.593487
5,1000,2,1,30,0.0,0.49620000000000003,13,2.5603899762810682,2.1004084084084083,32,3.45211104984049,2.5013593593593595,1000,0.593237
5,1000,2,1,31,0.0,0.49820000000000003,13,2.5603899762810682,2.1004084084084083,32,3.4510530896312126,2.5007627627627627,1000,0.5988709999999998
5,1000,2,1,32,0.0,0.497,13,2.5603899762810682,2.1004084084084083,32,3.4420622814177513,2.501159159159159,1000,0.5909860000000001
5,1000,2,1,33,0.0,0.504,13,2.5603899762810682,2.1004084084084083,32,3.4459283280795576,2.5019419419419417,1000,0.597371
5,1000,2,1,34,0.0,0.5007999999999999,13,2.5603899762810682,2.1004084084084083,32,3.449859656025589,2.5012052052052054,1000,0.591193
5,1000,2,1,35,0.0,0.5096,13,2.5603899762810682,2.1004084084084083,32,3.444404746593667,2.4976176176176175,1000,0.59677
5,1000,2,1,36,0.0,0.49860000000000004,13,2.5603899762810682,2.1004084084084083,32,3.449877154329731,2.4976676676676677,1000,0.596254
5,1000,2,1,37,0.0,0.5054000000000001,13,2.5603899762810682,2.1004084084084083,32,3.450537796244018,2.5011671671671674,1000,0.601816
5,1000,2,1,38,0.0,0.49340000000000006,13,2.5603899762810682,2.1004084084084083,32,3.444608335935347,2.499765765765766,1000,0.5859079999999999
5,1000,2,1,39,0.0,0.4958,13,2.5603899762810682,2.1004084084084083,32,3.449898208424566,2.49984984984985,1000,0.5968910000000001
5,1000,2,1,40,0.0,0.505,13,2.5603899762810682,2.1004084084084083,32,3.4464095800976775,2.500082082082082,1000,0.602719
5,1000,2,1,41,0.0,0.49560000000000004,13,2.5603899762810682,2.1004084084084083,32,3.4469724010649485,2.4993913913913914,1000,0.589541
5,1000,2,1,42,0.0,0.49339999999999995,13,2.5603899762810682,2.1004084084084083,32,3.4483479278581566,2.500942942942943,1000,0.5932079999999998
5,1000,2,1,43,0.0,0.5004000000000001,13,2.5603899762810682,2.1004084084084083,32,3.4473036121472904,2.5016296296296296,1000,0.594673
5,1000,2,1,44,0.0,0.5068,13,2.5603899762810682,2.1004084084084083,32,3.44887524564264,2.4999119119119118,1000,0.599798
5,1000,2,1,45,0.0,0.5004,13,2.5603899762810682,2.1004084084084083,32,3.4502039815437198,2.499907907907908,1000,0.595817
5,1000,2,1,46,0.0,0.4998,13,2.5603899762810682,2.1004084084084083,32,3.4496024440671516,2.5015315315315316,1000,0.595602
5,1000,2,1,47,0.0,0.506,13,2.5603899762810682,2.1004084084084083,32,3.4519441249389002,2.5005925925925925,1000,0.6026739999999999
5,1000,2,1,48,0.0,0.49360000000000004,13,2.5603899762810682,2.1004084084084083,32,3.4452341641620885,2.4996396396396396,1000,0.592414
5,1000,2,1,49,0.0,0.49960000000000004,13,2.5603899762810682,2.1004084084084083,32,3.4509586004928368,2.5003523523523525,1000,0.596383
5,1000,2,1,50,0.0,0.5004000000000001,13,2.5603899762810682,2.1004084084084083,32,3.448447246754492,2.499967967967968,1000,0.5943890000000001
5,1000,2,1,51,0.0,0.4988,13,2.5603899762810682,2.1004084084084083,32,3.4466563624881443,2.5001481481481482,1000,0.593966
5,1000,2,1,52,0.0,0.49779999999999996,13,2.5603899762810682,2.1004084084084083,32,3.446829064454624,2.501951951951952,1000,0.5929909999999999
5,1000,2,1,53,0.0,0.5015999999999999,13,2.5603899762810682,2.1004084084084083,32,3.449261040593706,2.4976856856856857,1000,0.5931519999999998
5,1000,2,1,54,0.0,0.504,13,2.5603899762810682,2.1004084084084083,32,3.4387845390234935,2.497097097097097,1000,0.5993710000000001
5,1000,2,1,55,0.0,0.5038,13,2.5603899762810682,2.1004084084084083,32,3.4463785585366242,2.5002662662662662,1000,0.59694
5,1000,2,1,56,0.0,0.49760000000000004,13,2.5603899762810682,2.1004084084084083,32,3.4477345294193587,2.5008608608608607,1000,0.595799
5,1000,2,1,57,0.0,0.5028,13,2.5603899762810682,2.1004084084084083,32,3.4514303464093588,2.4980580580580583,1000,0.591978
5,1000,2,1,58,0.0,0.49920000000000003,13,2.5603899762810682,2.1004084084084083,32,3.4488869505889057,2.498086086086086,1000,0.5977100000000001
5,1000,2,1,59,0.0,0.4978,13,2.5603899762810682,2.1004084084084083,32,3.4496384555143926,2.502092092092092,1000,0.593539
5,1000,2,1,60,0.0,0.5122000000000001,13,2.5603899762810682,2.1004084084084083,32,3.4480258936054486,2.4954734734734734,1000,0.604215
5,1000,2,1,61,0.0,0.5084,13,2.5603899762810682,2.1004084084084083,32,3.445731401575906,2.500776776776777,1000,0.6022799999999999
5,1000,2,1,62,0.0,0.49739999999999995,13,2.5603899762810682,2.1004084084084083,32,3.4525747328477925,2.5002022022022024,1000,0.592161
5,1000,2,1,63,0.0,0.5012,13,2.5603899762810682,2.1004084084084083,32,3.4566185606615902,2.501145145145145,1000,0.595761
5,1000,2,1,64,0.0,0.4972,13,2.5603899762810682,2.1004084084084083,32,3.4493657996298785,2.501005005005005,1000,0.5895360000000001
5,1000,2,1,65,0.0,0.49760000000000004,13,2.5603899762810682,2.1004084084084083,32,3.44726268283656,2.4998998998999,1000,0.59356
5,1000,2,1,66,0.0,0.5022,13,2.5603899762810682,2.1004084084084083,32,3.4510706259077626,2.5003583583583584,1000,0.6001249999999999
5,1000,2,1,67,0.0,0.5036,13,2.5603899762810682,2.1004084084084083,32,3.4488840256912825,2.500980980980981,1000,0.5942909999999999
5,1000,2,1,68,0.0,0.48960000000000004,13,2.5603899762810682,2.1004084084084083,32,3.445916517859629,2.501081081081081,1000,0.589778
5,1000,2,1,69,0.0,0.5048,13,2.5603899762810682,2.1004084084084083,32,3.4405913007991304,2.4995715715715714,1000,0.600962
5,1000,2,1,70,0.0,0.5076,13,2.5603899762810682,2.1004084084084083,32,3.4457444315904047,2.5013853853853854,1000,0.6020899999999999
5,1000,2,1,71,0.0,0.49460000000000004,13,2.5603899762810682,2.1004084084084083,32,3.4499361472818215,2.5004824824824823,1000,0.5918539999999999
5,1000,2,1,72,0.0,0.49219999999999997,13,2.5603899762810682,2.1004084084084083,32,3.44897778362421,2.5014714714714716,1000,0.5875840000000001
5,1000,2,1,73,0.0,0.5026,13,2.5603899762810682,2.1004084084084083,32,3.448284260672721,2.501239239239239,1000,0.5931609999999999
5,1000,2,1,74,0.0,0.5026,13,2.5603899762810682,2.1004084084084083,32,3.4539468840585537,2.502104104104104,1000,0.596346
5,1000,2,1,75,0.0,0.503,13,2.5603899762810682,2.1004084084084083,32,3.4516598350766667,2.5007587587587587,1000,0.596459
5,1000,2,1,76,0.0,0.499,13,2.5603899762810682,2.1004084084084083,32,3.4518498861566527,2.500786786786787,1000,0.5952
5,1000,2,1,77,0.0,0.5064,13,2.5603899762810682,2.1004084084084083,32,3.4449949257442527,2.501065065065065,1000,0.5984960000000001
5,1000,2,1,78,0.0,0.49560000000000004,13,2.5603899762810682,2.1004084084084083,32,3.445919888032974,2.5017897897897896,1000,0.5935969999999999
5,1000,2,1,79,0.0,0.5042000000000001,13,2.5603899762810682,2.1004084084084083,32,3.4449456044793267,2.4983883883883884,1000,0.598295
5,1000,2,1,80,0.0,0.4962,13,2.5603899762810682,2.1004084084084083,32,3.44892521105299,2.5011511511511513,1000,0.591673
5,1000,2,1,81,0.0,0.5056,13,2.5603899762810682,2.1004084084084083,32,3.444186935708986,2.5013893893893893,1000,0.594613
5,1000,2,1,82,0.0,0.4972,13,2.5603899762810682,2.1004084084084083,32,3.451310908761723,2.5013293293293293,1000,0.5945699999999999
5,1000,2,1,83,0.0,0.5078,13,2.5603899762810682,2.1004084084084083,32,3.450444957548899,2.499977977977978,1000,0.60056
5,1000,2,1,84,0.0,0.5008,13,2.5603899762810682,2.1004084084084083,32,3.451201271053743,2.499071071071071,1000,0.596656
5,1000,2,1,85,0.0,0.5077999999999999,13,2.5603899762810682,2.1004084084084083,32,3.450551222349132,2.5001461461461463,1000,0.595294
5,1000,2,1,86,0.0,0.5026,13,2.5603899762810682,2.1004084084084083,32,3.4430816513361138,2.5015555555555555,1000,0.5960779999999999
5,1000,2,1,87,0.0,0.4954,13,2.5603899762810682,2.1004084084084083,32,3.447844674718427,2.500034034034034,1000,0.592866
5,1000,2,1,88,0.0,0.513,13,2.5603899762810682,2.1004084084084083,32,3.4484025062728696,2.5004464464464466,1000,0.6053509999999999
5,1000,2,1,89,0.0,0.506,13,2.5603899762810682,2.1004084084084083,32,3.443303032878936,2.497069069069069,1000,0.595814
5,1000,2,1,90,0.0,0.507,13,2.5603899762810682,2.1004084084084083,32,3.448104506873521,2.499993993993994,1000,0.6007509999999999
5,1000,2,1,91,0.0,0.5047999999999999,13,2.5603899762810682,2.1004084084084083,32,3.45063464894164,2.5003043043043043,1000,0.59559
5,1000,2,1,92,0.0,0.4968,13,2.5603899762810682,2.1004084084084083,32,3.4495115069206475,2.5016336336336336,1000,0.5935929999999999
5,1000,2,1,93,0.0,0.502,13,2.5603899762810682,2.1004084084084083,32,3.4554248055170316,2.501877877877878,1000,0.59372
5,1000,2,1,94,0.0,0.506,13,2.5603899762810682,2.1004084084084083,32,3.447117709620169,2.499895895895896,1000,0.599011
5,1000,2,1,95,0.0,0.502,13,2.5603899762810682,2.1004084084084083,32,3.4498828628242357,2.5014214214214214,1000,0.5975240000000002
5,1000,2,1,96,0.0,0.5037999999999999,13,2.5603899762810682,2.1004084084084083,32,3.444710816365605,2.5012872872872873,1000,0.598523
5,1000,2,1,97,0.0,0.49939999999999996,13,2.5603899762810682,2.1004084084084083,32,3.449172417094652,2.50005005005005,1000,0.5969030000000001
5,1000,2,1,98,0.0,0.5037999999999999,13,2.5603899762810682,2.1004084084084083,32,3.4460524066894056,2.4994494494494495,1000,0.5949829999999999
5,1000,2,1,99,0.0,0.49539999999999995,13,2.5603899762810682,2.1004084084084083,32,3.4549080276255704,2.500938938938939,1000,0.592929
5,1000,2,2,0,0.0,0.5084000000000001,13,2.552438848173076,2.0339819819819818,32,3.4473336022053687,2.500864864864865,1000,0.6003440000000001
5,1000,2,2,1,0.0,0.49180000000000007,13,2.552438848173076,2.0339819819819818,32,3.44746916657963,2.499961961961962,1000,0.5837459999999999
5,1000,2,2,2,0.0,0.49400000000000005,13,2.552438848173076,2.0339819819819818,32,3.4482213473534844,2.5013813813813814,1000,0.59173
5,1000,2,2,3,0.0,0.49920000000000003,13,2.552438848173076,2.0339819819819818,32,3.450099725400277,2.501717717717718,1000,0.5919709999999999
5,1000,2,2,4,0.0,0.48940000000000006,13,2.552438848173076,2.0339819819819818,32,3.4501646355540396,2.5005865865865866,1000,0.5848469999999999
5,1000,2,2,5,0.0,0.5004000000000001,13,2.552438848173076,2.0339819819819818,32,3.4536918269493584,2.5021741741741743,1000,0.5937739999999999
5,1000,2,2,6,0.0,0.49400000000000005,13,2.552438848173076,2.0339819819819818,32,3.450957411853574,2.5014414414414414,1000,0.581753
5,1000,2,2,7,0.0,0.49539999999999995,13,2.552438848173076,2.0339819819819818,32,3.447801928719099,2.5016356356356355,1000,0.58894
5,1000,2,2,8,0.0,0.49240000000000006,13,2.552438848173076,2.0339819819819818,32,3.453141142964732,2.5005685685685686,1000,0.588962
5,1000,2,2,9,0.0,0.5094000000000001,13,2.552438848173076,2.0339819819819818,32,3.4536005442716142,2.501007007007007,1000,0.600705
5,1000,2,2,10,0.0,0.49200000000000005,13,2.552438848173076,2.0339819819819818,32,3.4504371969944447,2.500980980980981,1000,0.581807
5,1000,2,2,11,0.0,0.5006,13,2.552438848173076,2.0339819819819818,32,3.4435861857028973,2.5016436436436438,1000,0.593205
5,1000,2,2,12,0.0,0.49620000000000003,13,2.552438848173076,2.0339819819819818,32,3.451731032896041,2.5014954954954955,1000,0.5930700000000001
5,1000,2,2,13,0.0,0.499,13,2.552438848173076,2.0339819819819818,32,3.4556363627801545,2.5014754754754756,1000,0.5913630000000001
5,1000,2,2,14,0.0,0.49380000000000007,13,2.552438848173076,2.0339819819819818,32,3.4566256034689347,2.500950950950951,1000,0.5859389999999999
5,1000,2,2,15,0.0,0.49960000000000004,13,2.552438848173076,2.0339819819819818,32,3.4513645750719966,2.50186986986987,1000,0.591359
5,1000,2,2,16,0.0,0.49820000000000003,13,2.552438848173076,2.0339819819819818,32,3.450094203525463,2.50175975975976,1000,0.590123
5,1000,2,2,17,0.0,0.4948000000000001,13,2.552438848173076,2.0339819819819818,32,3.4468139123732024,2.4996596596596596,1000,0.5895199999999999
5,1000,2,2,18,0.0,0.5002000000000001,13,2.552438848173076,2.0339819819819818,32,3.4512102107592426,2.502032032032032,1000,0.5954469999999998
5,1000,2,2,19,0.0,0.5024000000000001,13,2.552438848173076,2.0339819819819818,32,3.4539841419391895,2.5021941941941943,1000,0.5958719999999998
5,1000,2,2,20,0.0,0.5008,13,2.552438848173076,2.0339819819819818,32,3.4542900630432296,2.5023063063063065,1000,0.5949599999999999
5,1000,2,2,21,0.0,0.5018,13,2.552438848173076,2.0339819819819818,32,3.4480393678438124,2.4986686686686688,1000,0.5915309999999999
5,1000,2,2,22,0.0,0.49560000000000004,13,2.552438848173076,2.0339819819819818,32,3.450732403052789,2.5011731731731732,1000,0.585553
5,1000,2,2,23,0.0,0.487,13,2.552438848173076,2.0339819819819818,32,3.4479916575747422,2.498904904904905,1000,0.576703
5,1000,2,2,24,0.0,0.49560000000000004,13,2.552438848173076,2.0339819819819818,32,3.4476682598995696,2.50188988988989,1000,0.586116
5,1000,2,2,25,0.0,0.5008,13,2.552438848173076,2.0339819819819818,32,3.452075033884304,2.5016176176176175,1000,0.597675
5,1000,2,2,26,0.0,0.4984,13,2.552438848173076,2.0339819819819818,32,3.447684372245522,2.5014654654654653,1000,0.5934200000000001
5,1000,2,2,27,0.0,0.4902,13,2.552438848173076,2.0339819819819818,32,3.449205434911966,2.5003983983983984,1000,0.582976
5,1000,2,2,28,0.0,0.48760000000000003,13,2.552438848173076,2.0339819819819818,32,3.44810972102093,2.5004724724724725,1000,0.584414
5,1000,2,2,29,0.0,0.4912,13,2.552438848173076,2.0339819819819818,32,3.453577864560602,2.500904904904905,1000,0.5850240000000001
5,1000,2,2,30,0.0,0.49340000000000006,13,2.552438848173076,2.0339819819819818,32,3.455514950932062,2.5015915915915916,1000,0.5902079999999998
5,1000,2,2,31,0.0,0.5024000000000001,13,2.552438848173076,2.0339819819819818,32,3.457924071768207,2.502322322322322,1000,0.594117
5,1000,2,2,32,0.0,0.49460000000000004,13,2.552438848173076,2.0339819819819818,32,3.449726957686068,2.5014554554554556,1000,0.592951
5,1000,2,2,33,0.0,0.49340000000000006,13,2.552438848173076,2.0339819819819818,32,3.4518083134067217,2.5014954954954955,1000,0.588603
5,1000,2,2,34,0.0,0.49440000000000006,13,2.552438848173076,2.0339819819819818,32,3.4441406218424158,2.501893893893894,1000,0.586289
5,1000,2,2,35,0.0,0.4994,13,2.552438848173076,2.0339819819819818,32,3.4509678425936388,2.5004104104104106,1000,0.5938239999999999
5,1000,2,2,36,0.0,0.5032000000000001,13,2.552438848173076,2.0339819819819818,32,3.450415231733306,2.5002602602602604,1000,0.59038
5,1000,2,2,37,0.0,0.49360000000000004,13,2.552438848173076,2.0339819819819818,32,3.448459130493115,2.4997597597597596,1000,0.585809
5,1000,2,2,38,0.0,0.4988,13,2.552438848173076,2.0339819819819818,32,3.449639622093432,2.500716716716717,1000,0.5928730000000001
5,1000,2,2,39,0.0,0.49560000000000004,13,2.552438848173076,2.0339819819819818,32,3.4518069877443796,2.499099099099099,1000,0.584012
5,1000,2,2,40,0.0,0.5018,13,2.552438848173076,2.0339819819819818,32,3.4523562922684348,2.50185985985986,1000,0.59077
5,1000,2,2,41,0.0,0.505,13,2.552438848173076,2.0339819819819818,32,3.4568183986800554,2.5015355355355355,1000,0.5940529999999999
5,1000,2,2,42,0.0,0.49160000000000004,13,2.552438848173076,2.0339819819819818,32,3.4520485129221723,2.5015415415415414,1000,0.5880089999999999
5,1000,2,2,43,0.0,0.5026,13,2.552438848173076,2.0339819819819818,32,3.4507796081991304,2.502128128128128,1000,0.590136
5,1000,2,2,44,0.0,0.5028,13,2.552438848173076,2.0339819819819818,32,3.454618452886537,2.5003923923923925,1000,0.592125
5,1000,2,2,45,0.0,0.4898,13,2.552438848173076,2.0339819819819818,32,3.4483274504562456,2.501255255255255,1000,0.588029
5,1000,2,2,46,0.0,0.4968000000000001,13,2.552438848173076,2.0339819819819818,32,3.450998515382528,2.5020980980980982,1000,0.590012
5,1000,2,2,47,0.0,0.49700000000000005,13,2.552438848173076,2.0339819819819818,32,3.4479044098403953,2.500906906906907,1000,0.5881399999999999
5,1000,2,2,48,0.0,0.49520000000000003,13,2.552438848173076,2.0339819819819818,32,3.4466578021365013,2.5007087087087085,1000,0.5858669999999999
5,1000,2,2,49,0.0,0.49440000000000006,13,2.552438848173076,2.0339819819819818,32,3.449573405636961,2.500696696696697,1000,0.587617
5,1000,2,2,50,0.0,0.48440000000000005,13,2.552438848173076,2.0339819819819818,32,3.447231334064317,2.497917917917918,1000,0.577974
5,1000,2,2,51,0.0,0.499,13,2.552438848173076,2.0339819819819818,32,3.4542856814082006,2.5024364364364367,1000,0.592984
5,1000,2,2,52,0.0,0.4928,13,2.552438848173076,2.0339819819819818,32,3.450717874333545,2.5014094094094093,1000,0.589237
5,1000,2,2,53,0.0,0.49260000000000004,13,2.552438848173076,2.0339819819819818,32,3.4424100402384066,2.501159159159159,1000,0.591422
5,1000,2,2,54,0.0,0.4964,13,2.552438848173076,2.0339819819819818,32,3.45360238234623,2.5012892892892893,1000,0.5894959999999999
5,1000,2,2,55,0.0,0.49040000000000006,13,2.552438848173076,2.0339819819819818,32,3.452601218933606,2.5005045045045047,1000,0.5843499999999999
5,1000,2,2,56,0.0,0.4892,13,2.552438848173076,2.0339819819819818,32,3.451132089969006,2.4998318318318318,1000,0.586298
5,1000,2,2,57,0.0,0.5002,13,2.552438848173076,2.0339819819819818,32,3.452497734000955,2.50214014014014,1000,0.591504
5,1000,2,2,58,0.0,0.49140000000000006,13,2.552438848173076,2.0339819819819818,32,3.447505805695058,2.5015155155155155,1000,0.59024
5,1000,2,2,59,0.0,0.4984,13,2.552438848173076,2.0339819819819818,32,3.4482064472633907,2.50014014014014,1000,0.587932
5,1000,2,2,60,0.0,0.499,13,2.552438848173076,2.0339819819819818,32,3.4500837495246066,2.5018238238238237,1000,0.58522
5,1000,2,2,61,0.0,0.49060000000000004,13,2.552438848173076,2.0339819819819818,32,3.446832908721572,2.499961961961962,1000,0.5775699999999999
5,1000,2,2,62,0.0,0.49760000000000004,13,2.552438848173076,2.0339819819819818,32,3.4492071748969675,2.5020980980980982,1000,0.594606
5,1000,2,2,63,0.0,0.5078,13,2.552438848173076,2.0339819819819818,32,3.448561910636676,2.499085085085085,1000,0.590392
5,1000,2,2,64,0.0,0.49280000000000007,13,2.552438848173076,2.0339819819819818,32,3.4477616691156565,2.501737737737738,1000,0.589351
5,1000,2,2,65,0.0,0.5000000000000001,13,2.552438848173076,2.0339819819819818,32,3.447761187699374,2.50203003003003,1000,0.5957380000000001
5,1000,2,2,66,0.0,0.49520000000000003,13,2.552438848173076,2.0339819819819818,32,3.4520704460781357,2.502066066066066,1000,0.593651
5,1000,2,2,67,0.0,0.49360000000000004,13,2.552438848173076,2.0339819819819818,32,3.445859960649417,2.5000880880880882,1000,0.584001
5,1000,2,2,68,0.0,0.5054000000000001,13,2.552438848173076,2.0339819819819818,32,3.4503261256800846,2.5007467467467466,1000,0.600409
5,1000,2,2,69,0.0,0.5014000000000001,13,2.552438848173076,2.0339819819819818,32,3.4508540303274806,2.5005945945945944,1000,0.594621
5,1000,2,2,70,0.0,0.49939999999999996,13,2.552438848173076,2.0339819819819818,32,3.4469514479483476,2.501099099099099,1000,0.5853579999999999
5,1000,2,2,71,0.0,0.492,13,2.552438848173076,2.0339819819819818,32,3.451235052518446,2.500752752752753,1000,0.58166
5,1000,2,2,72,0.0,0.49660000000000004,13,2.552438848173076,2.0339819819819818,32,3.452436893788323,2.5013593593593595,1000,0.5896429999999999
5,1000,2,2,73,0.0,0.4964,13,2.552438848173076,2.0339819819819818,32,3.451388818694837,2.500920920920921,1000,0.586751
5,1000,2,2,74,0.0,0.5034000000000001,13,2.552438848173076,2.0339819819819818,32,3.446928067629555,2.5014674674674673,1000,0.5975889999999999
5,1000,2,2,75,0.0,0.4996000000000001,13,2.552438848173076,2.0339819819819818,32,3.450267124978572,2.5004324324324325,1000,0.589154
5,1000,2,2,76,0.0,0.48960000000000004,13,2.552438848173076,2.0339819819819818,32,3.447760522910797,2.5000480480480483,1000,0.5867319999999999
5,1000,2,2,77,0.0,0.4958,13,2.552438848173076,2.0339819819819818,32,3.448942218498936,2.5018638638638637,1000,0.5892789999999999
5,1000,2,2,78,0.0,0.49380000000000007,13,2.552438848173076,2.0339819819819818,32,3.457515143684166,2.5018838838838837,1000,0.591097
5,1000,2,2,79,0.0,0.48760000000000003,13,2.552438848173076,2.0339819819819818,32,3.446458351372644,2.500076076076076,1000,0.580665
5,1000,2,2,80,0.0,0.4912,13,2.552438848173076,2.0339819819819818,32,3.4500563590081845,2.5011331331331332,1000,0.587504
5,1000,2,2,81,0.0,0.493,13,2.552438848173076,2.0339819819819818,32,3.4433741797822797,2.5011311311311313,1000,0.585689
5,1000,2,2,82,0.0,0.5032000000000001,13,2.552438848173076,2.0339819819819818,32,3.450504041332704,2.5014094094094093,1000,0.600366
5,1000,2,2,83,0.0,0.49820000000000003,13,2.552438848173076,2.0339819819819818,32,3.451536417259575,2.501159159159159,1000,0.595221
5,1000,2,2,84,0.0,0.4988,13,2.552438848173076,2.0339819819819818,32,3.4506798966238073,2.499971971971972,1000,0.591559
5,1000,2,2,85,0.0,0.5006,13,2.552438848173076,2.0339819819819818,32,3.4502972194742005,2.501055055055055,1000,0.5956589999999998
5,1000,2,2,86,0.0,0.49520000000000003,13,2.552438848173076,2.0339819819819818,32,3.449636402352377,2.500248248248248,1000,0.581548
5,1000,2,2,87,0.0,0.496,13,2.552438848173076,2.0339819819819818,32,3.4511749071691025,2.501197197197197,1000,0.5937449999999999
5,1000,2,2,88,0.0,0.4968000000000001,13,2.552438848173076,2.0339819819819818,32,3.446739032511761,2.498142142142142,1000,0.5849569999999998
5,1000,2,2,89,0.0,0.48760000000000003,13,2.552438848173076,2.0339819819819818,32,3.4447420592794273,2.4995355355355358,1000,0.577838
5,1000,2,2,90,0.0,0.4934000000000001,13,2.552438848173076,2.0339819819819818,32,3.4508542726023514,2.5015115115115116,1000,0.5932139999999999
5,1000,2,2,91,0.0,0.49620000000000003,13,2.552438848173076,2.0339819819819818,32,3.452630896662874,2.501795795795796,1000,0.5939780000000001
5,1000,2,2,92,0.0,0.49720000000000003,13,2.552438848173076,2.0339819819819818,32,3.4457440730712605,2.5022862862862865,1000,0.5939079999999999
5,1000,2,2,93,0.0,0.49240000000000006,13,2.552438848173076,2.0339819819819818,32,3.456000835392871,2.501697697697698,1000,0.58499
5,1000,2,2,94,0.0,0.508,13,2.552438848173076,2.0339819819819818,32,3.448153878672519,2.500032032032032,1000,0.5979979999999999
5,1000,2,2,95,0.0,0.5000000000000001,13,2.552438848173076,2.0339819819819818,32,3.450991590342108,2.501993993993994,1000,0.595371
5,1000,2,2,96,0.0,0.4968,13,2.552438848173076,2.0339819819819818,32,3.4432643168046786,2.502106106106106,1000,0.5932549999999999
5,1000,2,2,97,0.0,0.5044000000000001,13,2.552438848173076,2.0339819819819818,32,3.447495769023407,2.501029029029029,1000,0.5954449999999999
5,1000,2,2,98,0.0,0.49700000000000005,13,2.552438848173076,2.0339819819819818,32,3.4455908143759455,2.501043043043043,1000,0.5921349999999999
5,1000,2,2,99,0.0,0.49860000000000004,13,2.552438848173076,2.0339819819819818,32,3.4481294557485223,2.5014754754754756,1000,0.5911839999999999
5,1000,2,3,0,0.0,0.5097999999999999,13,2.5614132698066614,2.10194994994995,32,3.448104141240298,2.4997337337337338,1000,0.603087
5,1000,2,3,1,0.0,0.5014,13,2.5614132698066614,2.10194994994995,32,3.451936964933947,2.501015015015015,1000,0.600442
5,1000,2,3,2,0.0,0.4968,13,2.5614132698066614,2.10194994994995,32,3.451008153406579,2.500248248248248,1000,0.589462
5,1000,2,3,3,0.0,0.5062,13,2.5614132698066614,2.10194994994995,32,3.447763186446883,2.5005065065065066,1000,0.595934
5,1000,2,3,4,0.0,0.49739999999999995,13,2.5614132698066614,2.10194994994995,32,3.4461433607850074,2.4994614614614616,1000,0.5973619999999998
5,1000,2,3,5,0.0,0.505,13,2.5614132698066614,2.10194994994995,32,3.4444414679101762,2.4994174174174173,1000,0.5925329999999999
5,1000,2,3,6,0.0,0.506,13,2.5614132698066614,2.10194994994995,32,3.453124072734631,2.5015135135135136,1000,0.5968230000000001
5,1000,2,3,7,0.0,0.497,13,2.5614132698066614,2.10194994994995,32,3.451196249305446,2.5012232232232234,1000,0.590775
5,1000,2,3,8,0.0,0.49479999999999996,13,2.5614132698066614,2.10194994994995,32,3.451114389060235,2.500824824824825,1000,0.5943059999999999
5,1000,2,3,9,0.0,0.5006,13,2.5614132698066614,2.10194994994995,32,3.4482798243230324,2.499001001001001,1000,0.593976
5,1000,2,3,10,0.0,0.5116,13,2.5614132698066614,2.10194994994995,32,3.4469089752441517,2.4984104104104103,1000,0.5981500000000001
5,1000,2,3,11,0.0,0.4978000000000001,13,2.5614132698066614,2.10194994994995,32,3.457098765645978,2.502064064064064,1000,0.5952949999999999
5,1000,2,3,12,0.0,0.51,13,2.5614132698066614,2.10194994994995,32,3.4438863349724276,2.496872872872873,1000,0.595858
5,1000,2,3,13,0.0,0.5046,13,2.5614132698066614,2.10194994994995,32,3.451206226190923,2.500046046046046,1000,0.6028640000000001
5,1000,2,3,14,0.0,0.5052000000000001,13,2.5614132698066614,2.10194994994995,32,3.4539909199065075,2.5012092092092093,1000,0.595309
5,1000,2,3,15,0.0,0.5006,13,2.5614132698066614,2.10194994994995,32,3.4497737090117013,2.4996536536536538,1000,0.5892869999999999
5,1000,2,3,16,0.0,0.5044,13,2.5614132698066614,2.10194994994995,32,3.4531814985113796,2.498958958958959,1000,0.593963
5,1000,2,3,17,0.0,0.49960000000000004,13,2.5614132698066614,2.10194994994995,32,3.454313979106195,2.5003443443443443,1000,0.5946610000000001
5,1000,2,3,18,0.0,0.5008,13,2.5614132698066614,2.10194994994995,32,3.452188876946238,2.5018058058058057,1000,0.5919009999999999
5,1000,2,3,19,0.0,0.495,13,2.5614132698066614,2.10194994994995,32,3.4535681993350873,2.500274274274274,1000,0.591375
5,1000,2,3,20,0.0,0.5012000000000001,13,2.5614132698066614,2.10194994994995,32,3.4541306936903906,2.499055055055055,1000,0.592712
5,1000,2,3,21,0.0,0.5108,13,2.5614132698066614,2.10194994994995,32,3.452927809031577,2.4994034034034036,1000,0.6020979999999999
5,1000,2,3,22,0.0,0.49820000000000003,13,2.5614132698066614,2.10194994994995,32,3.448939143804873,2.498984984984985,1000,0.5893200000000001
5,1000,2,3,23,0.0,0.5046,13,2.5614132698066614,2.10194994994995,32,3.449485180865844,2.50011011011011,1000,0.594386
5,1000,2,3,24,0.0,0.49860000000000004,13,2.5614132698066614,2.10194994994995,32,3.4528174568302408,2.501715715715716,1000,0.589202
5,1000,2,3,25,0.0,0.5,13,2.5614132698066614,2.10194994994995,32,3.448890514231361,2.498806806806807,1000,0.596583
5,1000,2,3,26,0.0,0.508,13,2.5614132698066614,2.10194994994995,32,3.449631196330146,2.4973013013013015,1000,0.597254
5,1000,2,3,27,0.0,0.5047999999999999,13,2.5614132698066614,2.10194994994995,32,3.4542606541159606,2.5002202202202204,1000,0.5975260000000001
5,1000,2,3,28,0.0,0.49420000000000003,13,2.5614132698066614,2.10194994994995,32,3.4511753645865277,2.5001061061061063,1000,0.587014
5,1000,2,3,29,0.0,0.498,13,2.5614132698066614,2.10194994994995,32,3.4490769873063325,2.500076076076076,1000,0.5898389999999999
5,1000,2,3,30,0.0,0.5067999999999999,13,2.5614132698066614,2.10194994994995,32,3.4559310509189993,2.4996476476476475,1000,0.5972739999999999
5,1000,2,3,31,0.0,0.5018,13,2.5614132698066614,2.10194994994995,32,3.4490857808282027,2.498996996996997,1000,0.5971790000000001
5,1000,2,3,32,0.0,0.496,13,2.5614132698066614,2.10194994994995,32,3.4470916931439244,2.4991431431431432,1000,0.593721
5,1000,2,3,33,0.0,0.4988,13,2.5614132698066614,2.10194994994995,32,3.4566006606509276,2.502018018018018,1000,0.5937270000000001
5,1000,2,3,34,0.0,0.499,13,2.5614132698066614,2.10194994994995,32,3.447349609592736,2.5006586586586588,1000,0.5959209999999999
5,1000,2,3,35,0.0,0.503,13,2.5614132698066614,2.10194994994995,32,3.446862359792671,2.500926926926927,1000,0.5960509999999999
5,1000,2,3,36,0.0,0.507,13,2.5614132698066614,2.10194994994995,32,3.4491387080121365,2.4985725725725727,1000,0.602513
5,1000,2,3,37,0.0,0.4948,13,2.5614132698066614,2.10194994994995,32,3.449711601668274,2.5001481481481482,1000,0.5896699999999999
5,1000,2,3,38,0.0,0.494,13,2.5614132698066614,2.10194994994995,32,3.450351050847678,2.5003363363363365,1000,0.5867169999999999
5,1000,2,3,39,0.0,0.499,13,2.5614132698066614,2.10194994994995,32,3.454798788789998,2.5006106106106105,1000,0.5943979999999999
5,1000,2,3,40,0.0,0.499,13,2.5614132698066614,2.10194994994995,32,3.4516168609498292,2.500254254254254,1000,0.589856
5,1000,2,3,41,0.0,0.4948,13,2.5614132698066614,2.10194994994995,32,3.4447736781286284,2.499131131131131,1000,0.5920319999999999
5,1000,2,3,42,0.0,0.5026,13,2.5614132698066614,2.10194994994995,32,3.454454783962153,2.50216016016016,1000,0.5956520000000001
5,1000,2,3,43,0.0,0.49920000000000003,13,2.5614132698066614,2.10194994994995,32,3.4421559545349636,2.4985265265265264,1000,0.595349
5,1000,2,3,44,0.0,0.499,13,2.5614132698066614,2.10194994994995,32,3.4516230335621474,2.498896896896897,1000,0.593819
5,1000,2,3,45,0.0,0.49979999999999997,13,2.5614132698066614,2.10194994994995,32,3.4465456170898356,2.4993413413413412,1000,0.595548
5,1000,2,3,46,0.0,0.5046,13,2.5614132698066614,2.10194994994995,32,3.4536321898028817,2.49994994994995,1000,0.599329
5,1000,2,3,47,0.0,0.4968,13,2.5614132698066614,2.10194994994995,32,3.449315845972893,2.499383383383383,1000,0.591279
5,1000,2,3,48,0.0,0.49440000000000006,13,2.5614132698066614,2.10194994994995,32,3.4530979595333813,2.4991951951951954,1000,0.589209
5,1000,2,3,49,0.0,0.5062000000000001,13,2.5614132698066614,2.10194994994995,32,3.4516650600426835,2.4981361361361363,1000,0.601818
5,1000,2,3,50,0.0,0.4988,13,2.5614132698066614,2.10194994994995,32,3.4533862324162334,2.4983743743743743,1000,0.5941649999999999
5,1000,2,3,51,0.0,0.507,13,2.5614132698066614,2.10194994994995,32,3.454872110261152,2.500910910910911,1000,0.5998779999999999
5,1000,2,3,52,0.0,0.49960000000000004,13,2.5614132698066614,2.10194994994995,32,3.4566717917939087,2.5017497497497496,1000,0.5921960000000001
5,1000,2,3,53,0.0,0.49019999999999997,13,2.5614132698066614,2.10194994994995,32,3.4505301334389964,2.4997817817817816,1000,0.5808889999999999
5,1000,2,3,54,0.0,0.5032000000000001,13,2.5614132698066614,2.10194994994995,32,3.447361695685359,2.4977097097097096,1000,0.5942860000000001
5,1000,2,3,55,0.0,0.5002000000000001,13,2.5614132698066614,2.10194994994995,32,3.455783878042313,2.499213213213213,1000,0.599527
5,1000,2,3,56,0.0,0.49420000000000003,13,2.5614132698066614,2.10194994994995,32,3.451743088687841,2.5007027027027027,1000,0.592289
5,1000,2,3,57,0.0,0.507,13,2.5614132698066614,2.10194994994995,32,3.4473415379585175,2.4997777777777777,1000,0.5950369999999999
5,1000,2,3,58,0.0,0.5,13,2.5614132698066614,2.10194994994995,32,3.454513212156331,2.4994194194194193,1000,0.596548
5,1000,2,3,59,0.0,0.5022000000000001,13,2.5614132698066614,2.10194994994995,32,3.4515162981803864,2.5014794794794795,1000,0.5954590000000001
5,1000,2,3,60,0.0,0.4902,13,2.5614132698066614,2.10194994994995,32,3.4521576754043606,2.4994974974974973,1000,0.5874839999999999
5,1000,2,3,61,0.0,0.5082000000000001,13,2.5614132698066614,2.10194994994995,32,3.455243872356502,2.4995655655655655,1000,0.6046819999999999
5,1000,2,3,62,0.0,0.48560000000000003,13,2.5614132698066614,2.10194994994995,32,3.4508211011741303,2.4994194194194193,1000,0.584767
5,1000,2,3,63,0.0,0.49820000000000003,13,2.5614132698066614,2.10194994994995,32,3.4492838743604635,2.500870870870871,1000,0.59622
5,1000,2,3,64,0.0,0.4912,13,2.5614132698066614,2.10194994994995,32,3.4500697513182494,2.498094094094094,1000,0.587881
5,1000,2,3,65,0.0,0.5044,13,2.5614132698066614,2.10194994994995,32,3.4455631728980745,2.501241241241241,1000,0.5944409999999999
5,1000,2,3,66,0.0,0.4998,13,2.5614132698066614,2.10194994994995,32,3.4463351282199275,2.500770770770771,1000,0.5944259999999999
5,1000,2,3,67,0.0,0.49739999999999995,13,2.5614132698066614,2.10194994994995,32,3.452321415530486,2.500214214214214,1000,0.597857
5,1000,2,3,68,0.0,0.49820000000000003,13,2.5614132698066614,2.10194994994995,32,3.4557115749435,2.5014194194194195,1000,0.5929559999999999
5,1000,2,3,69,0.0,0.5056,13,2.5614132698066614,2.10194994994995,32,3.450807765700934,2.5006326326326325,1000,0.595609
5,1000,2,3,70,0.0,0.49620000000000003,13,2.5614132698066614,2.10194994994995,32,3.4514550466454694,2.499189189189189,1000,0.5894429999999999
5,1000,2,3,71,0.0,0.502,13,2.5614132698066614,2.10194994994995,32,3.4526797051537965,2.5004164164164164,1000,0.5993569999999999
5,1000,2,3,72,0.0,0.48760000000000003,13,2.5614132698066614,2.10194994994995,32,3.4535792283000806,2.5005925925925925,1000,0.5853700000000001
5,1000,2,3,73,0.0,0.4958000000000001,13,2.5614132698066614,2.10194994994995,32,3.448812356134968,2.499021021021021,1000,0.59229
5,1000,2,3,74,0.0,0.496,13,2.5614132698066614,2.10194994994995,32,3.446980604425622,2.5005685685685686,1000,0.587654
5,1000,2,3,75,0.0,0.49879999999999997,13,2.5614132698066614,2.10194994994995,32,3.459210067736256,2.5014294294294293,1000,0.5923789999999999
5,1000,2,3,76,0.0,0.49860000000000004,13,2.5614132698066614,2.10194994994995,32,3.445610188854805,2.499917917917918,1000,0.597157
5,1000,2,3,77,0.0,0.5046,13,2.5614132698066614,2.10194994994995,32,3.4473395681107633,2.498144144144144,1000,0.6006759999999999
5,1000,2,3,78,0.0,0.49620000000000003,13,2.5614132698066614,2.10194994994995,32,3.452756102664352,2.5005745745745744,1000,0.5895309999999999
5,1000,2,3,79,0.0,0.5,13,2.5614132698066614,2.10194994994995,32,3.4537369132888975,2.499771771771772,1000,0.5929220000000001
5,1000,2,3,80,0.0,0.49620000000000003,13,2.5614132698066614,2.10194994994995,32,3.4474815793859728,2.497095095095095,1000,0.594152
5,1000,2,3,81,0.0,0.5062000000000001,13,2.5614132698066614,2.10194994994995,32,3.447080444933807,2.4989089089089087,1000,0.5985179999999999
5,1000,2,3,82,0.0,0.508,13,2.5614132698066614,2.10194994994995,32,3.4505863882500254,2.4997157157157157,1000,0.599703
5,1000,2,3,83,0.0,0.5066,13,2.5614132698066614,2.10194994994995,32,3.4475233497041424,2.5003263263263262,1000,0.5984379999999999
5,1000,2,3,84,0.0,0.496,13,2.5614132698066614,2.10194994994995,32,3.451332944180983,2.498702702702703,1000,0.599404
5,1000,2,3,85,0.0,0.49779999999999996,13,2.5614132698066614,2.10194994994995,32,3.4524217840378855,2.502112112112112,1000,0.5922949999999999
5,1000,2,3,86,0.0,0.49260000000000004,13,2.5614132698066614,2.10194994994995,32,3.4458155051233694,2.4998178178178176,1000,0.589992
5,1000,2,3,87,0.0,0.4912,13,2.5614132698066614,2.10194994994995,32,3.450486627069708,2.500008008008008,1000,0.586625
5,1000,2,3,88,0.0,0.503,13,2.5614132698066614,2.10194994994995,32,3.451439798347254,2.499801801801802,1000,0.595476
5,1000,2,3,89,0.0,0.5034,13,2.5614132698066614,2.10194994994995,32,3.4526426860387502,2.501119119119119,1000,0.591972
5,1000,2,3,90,0.0,0.5076,13,2.5614132698066614,2.10194994994995,32,3.4519792923190806,2.5007487487487485,1000,0.5995689999999999
5,1000,2,3,91,0.0,0.49660000000000004,13,2.5614132698066614,2.10194994994995,32,3.4474707295607523,2.4997337337337338,1000,0.5892869999999999
5,1000,2,3,92,0.0,0.48960000000000004,13,2.5614132698066614,2.10194994994995,32,3.4533919741829755,2.498062062062062,1000,0.5889030000000001
5,1000,2,3,93,0.0,0.5086,13,2.5614132698066614,2.10194994994995,32,3.45707642034138,2.500846846846847,1000,0.6009459999999999
5,1000,2,3,94,0.0,0.49439999999999995,13,2.5614132698066614,2.10194994994995,32,3.451802140085151,2.499211211211211,1000,0.5932439999999999
5,1000,2,3,95,0.0,0.5002000000000001,13,2.5614132698066614,2.10194994994995,32,3.4543334547480393,2.501991991991992,1000,0.5923350000000001
5,1000,2,3,96,0.0,0.49820000000000003,13,2.5614132698066614,2.10194994994995,32,3.4503315617076957,2.499093093093093,1000,0.5917669999999999
5,1000,2,3,97,0.0,0.4928,13,2.5614132698066614,2.10194994994995,32,3.4525028214229097,2.500808808808809,1000,0.59127
5,1000,2,3,98,0.0,0.497,13,2.5614132698066614,2.10194994994995,32,3.4470316192643544,2.5005905905905905,1000,0.5930019999999999
5,1000,2,3,99,0.0,0.494,13,2.5614132698066614,2.10194994994995,32,3.452352057225272,2.500964964964965,1000,0.591998
5,1000,3,1,0,0.0,0.4878,24,3.1693923619120286,2.416802802802803,32,3.4483676607647906,2.4998938938938937,1000,0.24720699999999998
5,1000,3,1,1,0.0,0.48860000000000003,24,3.1693923619120286,2.416802802802803,32,3.4502805668770513,2.500910910910911,1000,0.24882200000000002
5,1000,3,1,2,0.0,0.4958000000000001,24,3.1693923619120286,2.416802802802803,32,3.447888598489532,2.499001001001001,1000,0.24714100000000003
5,1000,3,1,3,0.0,0.495,24,3.1693923619120286,2.416802802802803,32,3.45425448590587,2.5013073073073073,1000,0.24854
5,1000,3,1,4,0.0,0.491,24,3.1693923619120286,2.416802802802803,32,3.454933580052727,2.5008388388388387,1000,0.24642599999999998
5,1000,3,1,5,0.0,0.483,24,3.1693923619120286,2.416802802802803,32,3.4538582418346793,2.4985205205205205,1000,0.247144
5,1000,3,1,6,0.0,0.49520000000000003,24,3.1693923619120286,2.416802802802803,32,3.4550071835224063,2.501125125125125,1000,0.24732600000000002
5,1000,3,1,7,0.0,0.4928,24,3.1693923619120286,2.416802802802803,32,3.449815827433712,2.5002562562562565,1000,0.24569300000000002
5,1000,3,1,8,0.0,0.493,24,3.1693923619120286,2.416802802802803,32,3.4512465658744764,2.4963623623623623,1000,0.24614200000000003
5,1000,3,1,9,0.0,0.483,24,3.1693923619120286,2.416802802802803,32,3.4523546658480826,2.4984244244244245,1000,0.24349
5,1000,3,1,10,0.0,0.486,24,3.1693923619120286,2.416802802802803,32,3.4523084494187164,2.5001081081081082,1000,0.24724200000000002
5,1000,3,1,11,0.0,0.5004000000000001,24,3.1693923619120286,2.416802802802803,32,3.4540815147595225,2.5005365365365364,1000,0.247036
5,1000,3,1,12,0.0,0.4922,24,3.1693923619120286,2.416802802802803,32,3.4541446911084237,2.500926926926927,1000,0.24575599999999997
5,1000,3,1,13,0.0,0.49,24,3.1693923619120286,2.416802802802803,32,3.4488172502100265,2.499691691691692,1000,0.243779
5,1000,3,1,14,0.0,0.486,24,3.1693923619120286,2.416802802802803,32,3.4450538016383234,2.4971091091091093,1000,0.24510099999999999
5,1000,3,1,15,0.0,0.48460000000000003,24,3.1693923619120286,2.416802802802803,32,3.4497484173035087,2.4975715715715716,1000,0.24335400000000004
5,1000,3,1,16,0.0,0.48919999999999997,24,3.1693923619120286,2.416802802802803,32,3.4488787558942695,2.499047047047047,1000,0.24479900000000002
5,1000,3,1,17,0.0,0.49060000000000004,24,3.1693923619120286,2.416802802802803,32,3.447343496081115,2.4967387387387387,1000,0.24357600000000001
5,1000,3,1,18,0.0,0.4848,24,3.1693923619120286,2.416802802802803,32,3.450662262224234,2.4992152152152154,1000,0.24476000000000003
5,1000,3,1,19,0.0,0.49440000000000006,24,3.1693923619120286,2.416802802802803,32,3.458215749240652,2.5009169169169168,1000,0.247408
5,1000,3,1,20,0.0,0.49260000000000004,24,3.1693923619120286,2.416802802802803,32,3.4551807030253814,2.5004104104104106,1000,0.249853
5,1000,3,1,21,0.0,0.5024000000000001,24,3.1693923619120286,2.416802802802803,32,3.447805928611735,2.497277277277277,1000,0.248709
5,1000,3,1,22,0.0,0.48240000000000005,24,3.1693923619120286,2.416802802802803,32,3.445420074716281,2.497925925925926,1000,0.243795
5,1000,3,1,23,0.0,0.49820000000000003,24,3.1693923619120286,2.416802802802803,32,3.4552519891103985,2.5002662662662662,1000,0.24881999999999999
5,1000,3,1,24,0.0,0.4958,24,3.1693923619120286,2.416802802802803,32,3.4514649865682285,2.5003823823823823,1000,0.247165
5,1000,3,1,25,0.0,0.488,24,3.1693923619120286,2.416802802802803,32,3.45414899205738,2.499783783783784,1000,0.248126
5,1000,3,1,26,0.0,0.48560000000000003,24,3.1693923619120286,2.416802802802803,32,3.442826846406413,2.498014014014014,1000,0.245558
5,1000,3,1,27,0.0,0.48800000000000004,24,3.1693923619120286,2.416802802802803,32,3.452051824417034,2.4986986986986985,1000,0.24410500000000002
5,1000,3,1,28,0.0,0.4832,24,3.1693923619120286,2.416802802802803,32,3.451463751426404,2.499263263263263,1000,0.245009
5,1000,3,1,29,0.0,0.4882,24,3.1693923619120286,2.416802802802803,32,3.4501386222551558,2.4987007007007005,1000,0.24466899999999997
5,1000,3,1,30,0.0,0.49660000000000004,24,3.1693923619120286,2.416802802802803,32,3.447180276628708,2.501139139139139,1000,0.247948
5,1000,3,1,31,0.0,0.492,24,3.1693923619120286,2.416802802802803,32,3.455676530768178,2.500136136136136,1000,0.24757099999999999
5,1000,3,1,32,0.0,0.4902,24,3.1693923619120286,2.416802802802803,32,3.4514990793395732,2.498920920920921,1000,0.247569
5,1000,3,1,33,0.0,0.4882,24,3.1693923619120286,2.416802802802803,32,3.4510782890921954,2.4986486486486488,1000,0.245167
5,1000,3,1,34,0.0,0.49040000000000006,24,3.1693923619120286,2.416802802802803,32,3.4440185736803155,2.4977097097097096,1000,0.245255
5,1000,3,1,35,0.0,0.487,24,3.1693923619120286,2.416802802802803,32,3.4464260455257745,2.4984924924924923,1000,0.241834
5,1000,3,1,36,0.0,0.4898,24,3.1693923619120286,2.416802802802803,32,3.456492353410405,2.501063063063063,1000,0.246277
5,1000,3,1,37,0.0,0.49160000000000004,24,3.1693923619120286,2.416802802802803,32,3.448593041766082,2.4977457457457457,1000,0.243014
5,1000,3,1,38,0.0,0.49400000000000005,24,3.1693923619120286,2.416802802802803,32,3.456909232992686,2.500964964964965,1000,0.247215
5,1000,3,1,39,0.0,0.48840000000000006,24,3.1693923619120286,2.416802802802803,32,3.455656629337563,2.4985305305305303,1000,0.24527500000000002
5,1000,3,1,40,0.0,0.4898,24,3.1693923619120286,2.416802802802803,32,3.447206083175804,2.4978038038038037,1000,0.24422300000000002
5,1000,3,1,41,0.0,0.49140000000000006,24,3.1693923619120286,2.416802802802803,32,3.453937798418611,2.499925925925926,1000,0.24652800000000002
5,1000,3,1,42,0.0,0.49,24,3.1693923619120286,2.416802802802803,32,3.4439808678367045,2.4988268268268268,1000,0.244938
5,1000,3,1,43,0.0,0.491,24,3.1693923619120286,2.416802802802803,32,3.453603991539337,2.49980980980981,1000,0.24657600000000002
5,1000,3,1,44,0.0,0.4912,24,3.1693923619120286,2.416802802802803,32,3.448065343276528,2.498882882882883,1000,0.24720000000000003
5,1000,3,1,45,0.0,0.49,24,3.1693923619120286,2.416802802802803,32,3.448805206529012,2.4982702702702704,1000,0.24488600000000002
5,1000,3,1,46,0.0,0.49760000000000004,24,3.1693923619120286,2.416802802802803,32,3.45268934883356,2.5014254254254253,1000,0.249464
5,1000,3,1,47,0.0,0.49460000000000004,24,3.1693923619120286,2.416802802802803,32,3.4530750493824547,2.5003223223223223,1000,0.246562
5,1000,3,1,48,0.0,0.4882,24,3.1693923619120286,2.416802802802803,32,3.450734318558408,2.5002422422422423,1000,0.246243
5,1000,3,1,49,0.0,0.48380000000000006,24,3.1693923619120286,2.416802802802803,32,3.45038366435305,2.4987167167167166,1000,0.24570800000000004
5,1000,3,1,50,0.0,0.4852,24,3.1693923619120286,2.416802802802803,32,3.4476009167315746,2.4985745745745747,1000,0.24551100000000003
5,1000,3,1,51,0.0,0.494,24,3.1693923619120286,2.416802802802803,32,3.446845193667471,2.498942942942943,1000,0.248253
5,1000,3,1,52,0.0,0.4898,24,3.1693923619120286,2.416802802802803,32,3.452074115337445,2.4974714714714716,1000,0.244818
5,1000,3,1,53,0.0,0.482,24,3.1693923619120286,2.416802802802803,32,3.4489171651684822,2.4988308308308307,1000,0.245467
5,1000,3,1,54,0.0,0.4882,24,3.1693923619120286,2.416802802802803,32,3.4497667079994723,2.499053053053053,1000,0.244394
5,1000,3,1,55,0.0,0.492,24,3.1693923619120286,2.416802802802803,32,3.4540668149297202,2.4985865865865864,1000,0.244253
5,1000,3,1,56,0.0,0.497,24,3.1693923619120286,2.416802802802803,32,3.4478579730611707,2.50007007007007,1000,0.246585
5,1000,3,1,57,0.0,0.4902,24,3.1693923619120286,2.416802802802803,32,3.456346158701435,2.4998138138138137,1000,0.244921
5,1000,3,1,58,0.0,0.494,24,3.1693923619120286,2.416802802802803,32,3.4487714819472752,2.4992752752752754,1000,0.247555
5,1000,3,1,59,0.0,0.48740000000000006,24,3.1693923619120286,2.416802802802803,32,3.443154954283172,2.4987007007007005,1000,0.24278600000000003
5,1000,3,1,60,0.0,0.48740000000000006,24,3.1693923619120286,2.416802802802803,32,3.450362707464803,2.5006146146146144,1000,0.24665
5,1000,3,1,61,0.0,0.4822000000000001,24,3.1693923619120286,2.416802802802803,32,3.4500697688919826,2.499205205205205,1000,0.24525
5,1000,3,1,62,0.0,0.49140000000000006,24,3.1693923619120286,2.416802802802803,32,3.4468620101510985,2.500974974974975,1000,0.24639500000000003
5,1000,3,1,63,0.0,0.49920000000000003,24,3.1693923619120286,2.416802802802803,32,3.4525838402521924,2.500888888888889,1000,0.248199
5,1000,3,1,64,0.0,0.48840000000000006,24,3.1693923619120286,2.416802802802803,32,3.4559721363505354,2.4996796796796796,1000,0.24481099999999997
5,1000,3,1,65,0.0,0.49240000000000006,24,3.1693923619120286,2.416802802802803,32,3.442524761976782,2.500828828828829,1000,0.24959900000000004
5,1000,3,1,66,0.0,0.49040000000000006,24,3.1693923619120286,2.416802802802803,32,3.4475962579345545,2.497741741741742,1000,0.24291000000000001
5,1000,3,1,67,0.0,0.4912,24,3.1693923619120286,2.416802802802803,32,3.45004674682856,2.4993313313313315,1000,0.24399
5,1000,3,1,68,0.0,0.48360000000000003,24,3.1693923619120286,2.416802802802803,32,3.4543530239965614,2.498986986986987,1000,0.24599
5,1000,3,1,69,0.0,0.48780000000000007,24,3.1693923619120286,2.416802802802803,32,3.453976006694071,2.5003383383383384,1000,0.247466
5,1000,3,1,70,0.0,0.4882,24,3.1693923619120286,2.416802802802803,32,3.4509729265572506,2.497975975975976,1000,0.243573
5,1000,3,1,71,0.0,0.49000000000000005,24,3.1693923619120286,2.416802802802803,32,3.4473321419353815,2.5003923923923925,1000,0.245048
5,1000,3,1,72,0.0,0.4852,24,3.1693923619120286,2.416802802802803,32,3.4474820267641357,2.4988708708708707,1000,0.24431300000000003
5,1000,3,1,73,0.0,0.4852,24,3.1693923619120286,2.416802802802803,32,3.4476669449556416,2.498206206206206,1000,0.24264800000000003
5,1000,3,1,74,0.0,0.48960000000000004,24,3.1693923619120286,2.416802802802803,32,3.448570965440841,2.4977097097097096,1000,0.24321900000000002
5,1000,3,1,75,0.0,0.4862,24,3.1693923619120286,2.416802802802803,32,3.4516318124867293,2.4960860860860863,1000,0.24154599999999998
5,1000,3,1,76,0.0,0.49260000000000004,24,3.1693923619120286,2.416802802802803,32,3.4494374046122274,2.4986566566566566,1000,0.24634000000000003
5,1000,3,1,77,0.0,0.496,24,3.1693923619120286,2.416802802802803,32,3.44987498870058,2.5014054054054053,1000,0.24587299999999998
5,1000,3,1,78,0.0,0.4872,24,3.1693923619120286,2.416802802802803,32,3.4480909621525173,2.499923923923924,1000,0.243488
5,1000,3,1,79,0.0,0.491,24,3.1693923619120286,2.416802802802803,32,3.4521401258803577,2.501003003003003,1000,0.24519300000000002
5,1000,3,1,80,0.0,0.49160000000000004,24,3.1693923619120286,2.416802802802803,32,3.4504301470708327,2.4995315315315314,1000,0.24603899999999998
5,1000,3,1,81,0.0,0.4978000000000001,24,3.1693923619120286,2.416802802802803,32,3.4458707509203093,2.495765765765766,1000,0.246186
5,1000,3,1,82,0.0,0.49140000000000006,24,3.1693923619120286,2.416802802802803,32,3.4523848670090547,2.499077077077077,1000,0.244922
5,1000,3,1,83,0.0,0.49520000000000003,24,3.1693923619120286,2.416802802802803,32,3.4510752714648762,2.50217017017017,1000,0.25009699999999996
5,1000,3,1,84,0.0,0.4848,24,3.1693923619120286,2.416802802802803,32,3.4450183440069115,2.494742742742743,1000,0.24467399999999997
5,1000,3,1,85,0.0,0.4882,24,3.1693923619120286,2.416802802802803,32,3.4531836596232464,2.5004024024024023,1000,0.246263
5,1000,3,1,86,0.0,0.48960000000000004,24,3.1693923619120286,2.416802802802803,32,3.4484863621786923,2.4964604604604603,1000,0.24405200000000002
5,1000,3,1,87,0.0,0.48160000000000003,24,3.1693923619120286,2.416802802802803,32,3.4438716442972384,2.4964844844844847,1000,0.243526
5,1000,3,1,88,0.0,0.49160000000000004,24,3.1693923619120286,2.416802802802803,32,3.4509356213065328,2.500864864864865,1000,0.24555200000000002
5,1000,3,1,89,0.0,0.48900000000000005,24,3.1693923619120286,2.416802802802803,32,3.4499103427615037,2.4994174174174173,1000,0.245774
5,1000,3,1,90,0.0,0.48540000000000005,24,3.1693923619120286,2.416802802802803,32,3.45187849941343,2.4977637637637637,1000,0.24496300000000001
5,1000,3,1,91,0.0,0.49100000000000005,24,3.1693923619120286,2.416802802802803,32,3.449717598597964,2.4982322322322323,1000,0.24226499999999998
5,1000,3,1,92,0.0,0.4964,24,3.1693923619120286,2.416802802802803,32,3.4534759587543915,2.5001241241241243,1000,0.24513400000000002
5,1000,3,1,93,0.0,0.4892,24,3.1693923619120286,2.416802802802803,32,3.4532749162811385,2.4995275275275275,1000,0.24632300000000004
5,1000,3,1,94,0.0,0.4892,24,3.1693923619120286,2.416802802802803,32,3.453189353591175,2.4997757757757757,1000,0.244115
5,1000,3,1,95,0.0,0.48540000000000005,24,3.1693923619120286,2.416802802802803,32,3.4380773447599893,2.4953293293293295,1000,0.24385500000000002
5,1000,3,1,96,0.0,0.499,24,3.1693923619120286,2.416802802802803,32,3.4494537461037735,2.5007387387387388,1000,0.24737
5,1000,3,1,97,0.0,0.49080000000000007,24,3.1693923619120286,2.416802802802803,32,3.453822430780385,2.499915915915916,1000,0.24789800000000003
5,1000,3,1,98,0.0,0.49620000000000003,24,3.1693923619120286,2.416802802802803,32,3.4497351972167873,2.4982962962962962,1000,0.246343
5,1000,3,1,99,0.0,0.4862,24,3.1693923619120286,2.416802802802803,32,3.447860510238651,2.497987987987988,1000,0.24236600000000003
5,1000,3,2,0,0.0,0.4882,24,3.1685976425423457,2.4202562562562564,32,3.4507518912577186,2.499973973973974,1000,0.24811
5,1000,3,2,1,0.0,0.4922,24,3.1685976425423457,2.4202562562562564,32,3.4511447253985734,2.500714714714715,1000,0.245717
5,1000,3,2,2,0.0,0.5002000000000001,24,3.1685976425423457,2.4202562562562564,32,3.453331201267327,2.5017717717717716,1000,0.251714
5,1000,3,2,3,0.0,0.49660000000000004,24,3.1685976425423457,2.4202562562562564,32,3.452280057491002,2.50183983983984,1000,0.24985500000000002
5,1000,3,2,4,0.0,0.48740000000000006,24,3.1685976425423457,2.4202562562562564,32,3.4467798578504896,2.49988988988989,1000,0.243671
5,1000,3,2,5,0.0,0.49240000000000006,24,3.1685976425423457,2.4202562562562564,32,3.449734280635459,2.5003963963963964,1000,0.249804
5,1000,3,2,6,0.0,0.501,24,3.1685976425423457,2.4202562562562564,32,3.454387593204642,2.5017837837837837,1000,0.250078
5,1000,3,2,7,0.0,0.4908,24,3.1685976425423457,2.4202562562562564,32,3.445734599040645,2.4993993993993993,1000,0.24651599999999999
5,1000,3,2,8,0.0,0.4938,24,3.1685976425423457,2.4202562562562564,32,3.455347327351021,2.500902902902903,1000,0.248131
5,1000,3,2,9,0.0,0.4984,24,3.1685976425423457,2.4202562562562564,32,3.450955445899489,2.5004684684684686,1000,0.254582
5,1000,3,2,10,0.0,0.4988000000000001,24,3.1685976425423457,2.4202562562562564,32,3.4526949354320204,2.500988988988989,1000,0.24941600000000003
5,1000,3,2,11,0.0,0.5022000000000001,24,3.1685976425423457,2.4202562562562564,32,3.453193445758963,2.4992612612612612,1000,0.252445
5,1000,3,2,12,0.0,0.4954,24,3.1685976425423457,2.4202562562562564,32,3.453299860162398,2.5017277277277277,1000,0.24638100000000002
5,1000,3,2,13,0.0,0.5012000000000001,24,3.1685976425423457,2.4202562562562564,32,3.445615255907904,2.4981741741741743,1000,0.252156
5,1000,3,2,14,0.0,0.4948,24,3.1685976425423457,2.4202562562562564,32,3.4512258497347927,2.501781781781782,1000,0.247202
5,1000,3,2,15,0.0,0.49500000000000005,24,3.1685976425423457,2.4202562562562564,32,3.452870045694688,2.5005865865865866,1000,0.248862
5,1000,3,2,16,0.0,0.49260000000000004,24,3.1685976425423457,2.4202562562562564,32,3.458300520877831,2.5006786786786788,1000,0.24729199999999998
5,1000,3,2,17,0.0,0.49360000000000004,24,3.1685976425423457,2.4202562562562564,32,3.449297333151918,2.5011131131131132,1000,0.24672500000000003
5,1000,3,2,18,0.0,0.5076,24,3.1685976425423457,2.4202562562562564,32,3.4524926506661577,2.4978818818818818,1000,0.25464200000000003
5,1000,3,2,19,0.0,0.5048,24,3.1685976425423457,2.4202562562562564,32,3.4544946759562096,2.501777777777778,1000,0.24840600000000002
5,1000,3,2,20,0.0,0.49060000000000004,24,3.1685976425423457,2.4202562562562564,32,3.450867801377977,2.499917917917918,1000,0.248043
5,1000,3,2,21,0.0,0.4948,24,3.1685976425423457,2.4202562562562564,32,3.4562756012128855,2.501857857857858,1000,0.249271
5,1000,3,2,22,0.0,0.492,24,3.1685976425423457,2.4202562562562564,32,3.4538095577249517,2.5003843843843843,1000,0.249262
5,1000,3,2,23,0.0,0.48800000000000004,24,3.1685976425423457,2.4202562562562564,32,3.451545355384891,2.4984664664664664,1000,0.248959
5,1000,3,2,24,0.0,0.49160000000000004,24,3.1685976425423457,2.4202562562562564,32,3.449332589688842,2.5005085085085086,1000,0.24706
5,1000,3,2,25,0.0,0.49520000000000003,24,3.1685976425423457,2.4202562562562564,32,3.4536236300837517,2.5007047047047046,1000,0.250276
5,1000,3,2,26,0.0,0.4892,24,3.1685976425423457,2.4202562562562564,32,3.4502083047413388,2.499995995995996,1000,0.24696300000000002
5,1000,3,2,27,0.0,0.49520000000000003,24,3.1685976425423457,2.4202562562562564,32,3.4490182706733687,2.500192192192192,1000,0.245738
5,1000,3,2,28,0.0,0.48760000000000003,24,3.1685976425423457,2.4202562562562564,32,3.438375632381395,2.497737737737738,1000,0.24802800000000003
5,1000,3,2,29,0.0,0.5002000000000001,24,3.1685976425423457,2.4202562562562564,32,3.4540992265062105,2.5004224224224223,1000,0.25085399999999997
5,1000,3,2,30,0.0,0.4912,24,3.1685976425423457,2.4202562562562564,32,3.452834193367512,2.5006486486486486,1000,0.250075
5,1000,3,2,31,0.0,0.49340000000000006,24,3.1685976425423457,2.4202562562562564,32,3.4480390262565526,2.4982722722722723,1000,0.24826399999999998
5,1000,3,2,32,0.0,0.49860000000000004,24,3.1685976425423457,2.4202562562562564,32,3.4534919498040684,2.500974974974975,1000,0.24920499999999998
5,1000,3,2,33,0.0,0.5008,24,3.1685976425423457,2.4202562562562564,32,3.450381074991345,2.4998158158158157,1000,0.24904899999999996
5,1000,3,2,34,0.0,0.49760000000000004,24,3.1685976425423457,2.4202562562562564,32,3.453145046751973,2.50198998998999,1000,0.251324
5,1000,3,2,35,0.0,0.49,24,3.1685976425423457,2.4202562562562564,32,3.449434081574762,2.500920920920921,1000,0.24667599999999998
5,1000,3,2,36,0.0,0.49520000000000003,24,3.1685976425423457,2.4202562562562564,32,3.44728027790904,2.5007447447447446,1000,0.250536
5,1000,3,2,37,0.0,0.4872,24,3.1685976425423457,2.4202562562562564,32,3.4567422752205044,2.5007607607607607,1000,0.244894
5,1000,3,2,38,0.0,0.49280000000000007,24,3.1685976425423457,2.4202562562562564,32,3.4549860094454714,2.5014014014014014,1000,0.24934699999999999
5,1000,3,2,39,0.0,0.49380000000000007,24,3.1685976425423457,2.4202562562562564,32,3.454543102402214,2.4986206206206205,1000,0.247493
5,1000,3,2,40,0.0,0.5028,24,3.1685976425423457,2.4202562562562564,32,3.456649502941774,2.501937937937938,1000,0.251361
5,1000,3,2,41,0.0,0.493,24,3.1685976425423457,2.4202562562562564,32,3.450784859618345,2.4995095095095095,1000,0.252245
5,1000,3,2,42,0.0,0.4822000000000001,24,3.1685976425423457,2.4202562562562564,32,3.449435555242043,2.497139139139139,1000,0.244909
5,1000,3,2,43,0.0,0.49660000000000004,24,3.1685976425423457,2.4202562562562564,32,3.455843054212969,2.50011011011011,1000,0.24856399999999998
5,1000,3,2,44,0.0,0.494,24,3.1685976425423457,2.4202562562562564,32,3.4508792717273087,2.5015375375375375,1000,0.249614
5,1000,3,2,45,0.0,0.4948000000000001,24,3.1685976425423457,2.4202562562562564,32,3.447391406931021,2.5005125125125125,1000,0.24819100000000002
5,1000,3,2,46,0.0,0.4922,24,3.1685976425423457,2.4202562562562564,32,3.4518799579387673,2.5012712712712712,1000,0.24706400000000003
5,1000,3,2,47,0.0,0.48880000000000007,24,3.1685976425423457,2.4202562562562564,32,3.448686449117354,2.4975335335335336,1000,0.24995900000000001
5,1000,3,2,48,0.0,0.4892,24,3.1685976425423457,2.4202562562562564,32,3.455967119609417,2.5006846846846846,1000,0.24809500000000004
5,1000,3,2,49,0.0,0.49360000000000004,24,3.1685976425423457,2.4202562562562564,32,3.4536715128670097,2.50016016016016,1000,0.25073300000000004
5,1000,3,2,50,0.0,0.49260000000000004,24,3.1685976425423457,2.4202562562562564,32,3.4499830398555313,2.497059059059059,1000,0.252204
5,1000,3,2,51,0.0,0.5,24,3.1685976425423457,2.4202562562562564,32,3.4542508584365104,2.5015775775775775,1000,0.24982600000000002
5,1000,3,2,52,0.0,0.48580000000000007,24,3.1685976425423457,2.4202562562562564,32,3.4511391975086236,2.4984284284284284,1000,0.241782
5,1000,3,2,53,0.0,0.4978000000000001,24,3.1685976425423457,2.4202562562562564,32,3.447510977338781,2.5015675675675677,1000,0.25174799999999997
5,1000,3,2,54,0.0,0.49160000000000004,24,3.1685976425423457,2.4202562562562564,32,3.45272747260121,2.5012492492492493,1000,0.246468
5,1000,3,2,55,0.0,0.49860000000000004,24,3.1685976425423457,2.4202562562562564,32,3.4536538373651213,2.501115115115115,1000,0.251665
5,1000,3,2,56,0.0,0.49620000000000003,24,3.1685976425423457,2.4202562562562564,32,3.4453670983016442,2.5004984984984984,1000,0.24894100000000002
5,1000,3,2,57,0.0,0.496,24,3.1685976425423457,2.4202562562562564,32,3.444614693016031,2.4987907907907907,1000,0.247929
5,1000,3,2,58,0.0,0.48,24,3.1685976425423457,2.4202562562562564,32,3.442467888287069,2.495731731731732,1000,0.244539
5,1000,3,2,59,0.0,0.49960000000000004,24,3.1685976425423457,2.4202562562562564,32,3.4508767748874507,2.5005005005005003,1000,0.248634
5,1000,3,2,60,0.0,0.49380000000000007,24,3.1685976425423457,2.4202562562562564,32,3.451643619576757,2.5006226226226227,1000,0.24614499999999997
5,1000,3,2,61,0.0,0.4934000000000001,24,3.1685976425423457,2.4202562562562564,32,3.4513325557434418,2.498996996996997,1000,0.250101
5,1000,3,2,62,0.0,0.49060000000000004,24,3.1685976425423457,2.4202562562562564,32,3.451693366072356,2.4995095095095095,1000,0.24974200000000002
5,1000,3,2,63,0.0,0.48860000000000003,24,3.1685976425423457,2.4202562562562564,32,3.4484836522722646,2.4994134134134134,1000,0.24598800000000004
5,1000,3,2,64,0.0,0.4912,24,3.1685976425423457,2.4202562562562564,32,3.4469398541221623,2.5005925925925925,1000,0.24745099999999998
5,1000,3,2,65,0.0,0.4932,24,3.1685976425423457,2.4202562562562564,32,3.453237798335085,2.5017097097097096,1000,0.24695299999999998
5,1000,3,2,66,0.0,0.4882,24,3.1685976425423457,2.4202562562562564,32,3.4472784438907658,2.500426426426426,1000,0.24888
5,1000,3,2,67,0.0,0.493,24,3.1685976425423457,2.4202562562562564,32,3.4464060971104535,2.4994854854854855,1000,0.24681600000000004
5,1000,3,2,68,0.0,0.4902,24,3.1685976425423457,2.4202562562562564,32,3.451845787512086,2.4983603603603606,1000,0.24805700000000003
5,1000,3,2,69,0.0,0.5022000000000001,24,3.1685976425423457,2.4202562562562564,32,3.452295120196596,2.5020760760760763,1000,0.25055299999999997
5,1000,3,2,70,0.0,0.4938,24,3.1685976425423457,2.4202562562562564,32,3.4466260042542474,2.498780780780781,1000,0.247031
5,1000,3,2,71,0.0,0.4902,24,3.1685976425423457,2.4202562562562564,32,3.4450860159942156,2.4975555555555555,1000,0.247128
5,1000,3,2,72,0.0,0.48780000000000007,24,3.1685976425423457,2.4202562562562564,32,3.4490161006170643,2.4992812812812812,1000,0.247828
5,1000,3,2,73,0.0,0.494,24,3.1685976425423457,2.4202562562562564,32,3.4547400495969947,2.4995675675675675,1000,0.249281
5,1000,3,2,74,0.0,0.49460000000000004,24,3.1685976425423457,2.4202562562562564,32,3.4535333445825103,2.50009009009009,1000,0.24835500000000002
5,1000,3,2,75,0.0,0.49860000000000004,24,3.1685976425423457,2.4202562562562564,32,3.448370236727658,2.499821821821822,1000,0.24967599999999998
5,1000,3,2,76,0.0,0.49040000000000006,24,3.1685976425423457,2.4202562562562564,32,3.4520821614614334,2.5001681681681682,1000,0.249988
5,1000,3,2,77,0.0,0.49720000000000003,24,3.1685976425423457,2.4202562562562564,32,3.4532764207375197,2.500288288288288,1000,0.245941
5,1000,3,2,78,0.0,0.49539999999999995,24,3.1685976425423457,2.4202562562562564,32,3.455357228059973,2.500830830830831,1000,0.248204
5,1000,3,2,79,0.0,0.5014000000000001,24,3.1685976425423457,2.4202562562562564,32,3.4526823912299247,2.5007587587587587,1000,0.24936299999999997
5,1000,3,2,80,0.0,0.499,24,3.1685976425423457,2.4202562562562564,32,3.457549375886921,2.50204004004004,1000,0.250926
5,1000,3,2,81,0.0,0.49560000000000004,24,3.1685976425423457,2.4202562562562564,32,3.453496675389047,2.499823823823824,1000,0.250772
5,1000,3,2,82,0.0,0.48740000000000006,24,3.1685976425423457,2.4202562562562564,32,3.4452966160405945,2.498,1000,0.24498999999999999
5,1000,3,2,83,0.0,0.49520000000000003,24,3.1685976425423457,2.4202562562562564,32,3.447457330500946,2.4996356356356357,1000,0.24535200000000004
5,1000,3,2,84,0.0,0.49620000000000003,24,3.1685976425423457,2.4202562562562564,32,3.4489423767368454,2.4985245245245244,1000,0.248001
5,1000,3,2,85,0.0,0.4964,24,3.1685976425423457,2.4202562562562564,32,3.4552834416003027,2.500884884884885,1000,0.24812700000000001
5,1000,3,2,86,0.0,0.49380000000000007,24,3.1685976425423457,2.4202562562562564,32,3.4505084449282535,2.5007107107107105,1000,0.250452
5,1000,3,2,87,0.0,0.49620000000000003,24,3.1685976425423457,2.4202562562562564,32,3.454938772790343,2.5013473473473473,1000,0.249172
5,1000,3,2,88,0.0,0.5012000000000001,24,3.1685976425423457,2.4202562562562564,32,3.4534390884251938,2.5014094094094093,1000,0.252137
5,1000,3,2,89,0.0,0.49260000000000004,24,3.1685976425423457,2.4202562562562564,32,3.451189176551324,2.50029029029029,1000,0.249365
5,1000,3,2,90,0.0,0.49260000000000004,24,3.1685976425423457,2.4202562562562564,32,3.453018194164904,2.50023023023023,1000,0.24779100000000004
5,1000,3,2,91,0.0,0.49140000000000006,24,3.1685976425423457,2.4202562562562564,32,3.4470000201280584,2.4992892892892895,1000,0.248663
5,1000,3,2,92,0.0,0.49240000000000006,24,3.1685976425423457,2.4202562562562564,32,3.449124245092792,2.501221221221221,1000,0.248305
5,1000,3,2,93,0.0,0.48260000000000003,24,3.1685976425423457,2.4202562562562564,32,3.450927894877649,2.4964904904904905,1000,0.24396600000000002
5,1000,3,2,94,0.0,0.49620000000000003,24,3.1685976425423457,2.4202562562562564,32,3.4416488431557952,2.4967787787787787,1000,0.24763200000000002
5,1000,3,2,95,0.0,0.4948000000000001,24,3.1685976425423457,2.4202562562562564,32,3.453989660986451,2.5013213213213215,1000,0.247824
5,1000,3,2,96,0.0,0.498,24,3.1685976425423457,2.4202562562562564,32,3.4535414855470314,2.4996956956956957,1000,0.250108
5,1000,3,2,97,0.0,0.48280000000000006,24,3.1685976425423457,2.4202562562562564,32,3.453201415489251,2.498014014014014,1000,0.24567499999999998
5,1000,3,2,98,0.0,0.49460000000000004,24,3.1685976425423457,2.4202562562562564,32,3.4477415530814897,2.501163163163163,1000,0.24694599999999997
5,1000,3,2,99,0.0,0.4888,24,3.1685976425423457,2.4202562562562564,32,3.4466586606641756,2.5001841841841843,1000,0.24647000000000002
5,1000,3,3,0,0.0,0.49879999999999997,24,3.1689323447828257,2.410994994994995,32,3.448920335701183,2.4993993993993993,1000,0.24552100000000002
5,1000,3,3,1,0.0,0.5012,24,3.1689323447828257,2.410994994994995,32,3.4464700175987,2.5005125125125125,1000,0.24982600000000002
5,1000,3,3,2,0.0,0.49760000000000004,24,3.1689323447828257,2.410994994994995,32,3.4477233321591174,2.5003323323323325,1000,0.248328
5,1000,3,3,3,0.0,0.5048,24,3.1689323447828257,2.410994994994995,32,3.4470968195045084,2.500712712712713,1000,0.24899900000000003
5,1000,3,3,4,0.0,0.491,24,3.1689323447828257,2.410994994994995,32,3.4480325651523005,2.500022022022022,1000,0.24493600000000001
5,1000,3,3,5,0.0,0.5104000000000001,24,3.1689323447828257,2.410994994994995,32,3.4486836109959285,2.50012012012012,1000,0.25199
5,1000,3,3,6,0.0,0.5044000000000001,24,3.1689323447828257,2.410994994994995,32,3.4505955156229646,2.5016736736736735,1000,0.24960000000000002
5,1000,3,3,7,0.0,0.5004,24,3.1689323447828257,2.410994994994995,32,3.437681030624023,2.496976976976977,1000,0.24340699999999998
5,1000,3,3,8,0.0,0.493,24,3.1689323447828257,2.410994994994995,32,3.449535661303826,2.500998998998999,1000,0.24728400000000003
5,1000,3,3,9,0.0,0.49939999999999996,24,3.1689323447828257,2.410994994994995,32,3.4563666896544807,2.4998338338338337,1000,0.251075
5,1000,3,3,10,0.0,0.503,24,3.1689323447828257,2.410994994994995,32,3.4528743807931166,2.499981981981982,1000,0.246865
5,1000,3,3,11,0.0,0.497,24,3.1689323447828257,2.410994994994995,32,3.449322833868143,2.4993013013013012,1000,0.24599900000000002
5,1000,3,3,12,0.0,0.497,24,3.1689323447828257,2.410994994994995,32,3.4493729533529724,2.500578578578579,1000,0.247556
5,1000,3,3,13,0.0,0.497,24,3.1689323447828257,2.410994994994995,32,3.449734157089296,2.5004384384384384,1000,0.248882
5,1000,3,3,14,0.0,0.498,24,3.1689323447828257,2.410994994994995,32,3.4416063608935774,2.4996836836836835,1000,0.247017
5,1000,3,3,15,0.0,0.5008,24,3.1689323447828257,2.410994994994995,32,3.4516082838258892,2.5018258258258257,1000,0.24796300000000002
5,1000,3,3,16,0.0,0.4972,24,3.1689323447828257,2.410994994994995,32,3.4452152128433227,2.4995075075075075,1000,0.24626399999999998
5,1000,3,3,17,0.0,0.5014,24,3.1689323447828257,2.410994994994995,32,3.45622838266441,2.500846846846847,1000,0.248003
5,1000,3,3,18,0.0,0.49360000000000004,24,3.1689323447828257,2.410994994994995,32,3.454914890490818,2.500676676676677,1000,0.25093400000000005
5,1000,3,3,19,0.0,0.4878,24,3.1689323447828257,2.410994994994995,32,3.4469140209140434,2.4994694694694695,1000,0.24755100000000002
5,1000,3,3,20,0.0,0.49760000000000004,24,3.1689323447828257,2.410994994994995,32,3.4502184925996775,2.502282282282282,1000,0.249303
5,1000,3,3,21,0.0,0.498,24,3.1689323447828257,2.410994994994995,32,3.4491844525510222,2.501157157157157,1000,0.24712599999999998
5,1000,3,3,22,0.0,0.5104000000000001,24,3.1689323447828257,2.410994994994995,32,3.45318671047628,2.500772772772773,1000,0.252249
5,1000,3,3,23,0.0,0.5078,24,3.1689323447828257,2.410994994994995,32,3.4521243200080285,2.500950950950951,1000,0.25328
5,1000,3,3,24,0.0,0.5037999999999999,24,3.1689323447828257,2.410994994994995,32,3.4520653688708594,2.49968968968969,1000,0.247588
5,1000,3,3,25,0.0,0.5064,24,3.1689323447828257,2.410994994994995,32,3.4496281783755456,2.5013453453453454,1000,0.250415
5,1000,3,3,26,0.0,0.49839999999999995,24,3.1689323447828257,2.410994994994995,32,3.448962270371088,2.5015055055055053,1000,0.24860899999999997
5,1000,3,3,27,0.0,0.4948,24,3.1689323447828257,2.410994994994995,32,3.452891585897005,2.5006846846846846,1000,0.248401
5,1000,3,3,28,0.0,0.4872,24,3.1689323447828257,2.410994994994995,32,3.4533057535265095,2.4984944944944947,1000,0.243007
5,1000,3,3,29,0.0,0.4892,24,3.1689323447828257,2.410994994994995,32,3.4535068032429663,2.499751751751752,1000,0.24349700000000002
5,1000,3,3,30,0.0,0.5074,24,3.1689323447828257,2.410994994994995,32,3.4504781346965587,2.501007007007007,1000,0.25290700000000005
5,1000,3,3,31,0.0,0.4972,24,3.1689323447828257,2.410994994994995,32,3.452708332615641,2.500852852852853,1000,0.24729300000000004
5,1000,3,3,32,0.0,0.499,24,3.1689323447828257,2.410994994994995,32,3.4493075329119787,2.5018278278278276,1000,0.24967499999999998
5,1000,3,3,33,0.0,0.492,24,3.1689323447828257,2.410994994994995,32,3.4543324347673634,2.5003523523523525,1000,0.246983
5,1000,3,3,34,0.0,0.4942,24,3.1689323447828257,2.410994994994995,32,3.4532964884423065,2.501063063063063,1000,0.248817
5,1000,3,3,35,0.0,0.49439999999999995,24,3.1689323447828257,2.410994994994995,32,3.4546500333560117,2.5014854854854853,1000,0.24813100000000002
5,1000,3,3,36,0.0,0.49960000000000004,24,3.1689323447828257,2.410994994994995,32,3.443408358438606,2.498686686686687,1000,0.24896100000000002
5,1000,3,3,37,0.0,0.49679999999999996,24,3.1689323447828257,2.410994994994995,32,3.449495459741479,2.501201201201201,1000,0.246456
5,1000,3,3,38,0.0,0.49360000000000004,24,3.1689323447828257,2.410994994994995,32,3.447314892472297,2.4996356356356357,1000,0.247259
5,1000,3,3,39,0.0,0.5044,24,3.1689323447828257,2.410994994994995,32,3.4494569426885575,2.5013013013013015,1000,0.252623
5,1000,3,3,40,0.0,0.49460000000000004,24,3.1689323447828257,2.410994994994995,32,3.451897375613539,2.4996576576576577,1000,0.24527299999999996
5,1000,3,3,41,0.0,0.504,24,3.1689323447828257,2.410994994994995,32,3.449776790453298,2.5014894894894897,1000,0.251188
5,1000,3,3,42,0.0,0.49660000000000004,24,3.1689323447828257,2.410994994994995,32,3.4464013963951565,2.5003823823823823,1000,0.24787700000000001
5,1000,3,3,43,0.0,0.49839999999999995,24,3.1689323447828257,2.410994994994995,32,3.4522303638479688,2.501313313313313,1000,0.249586
5,1000,3,3,44,0.0,0.5024,24,3.1689323447828257,2.410994994994995,32,3.4534633831917647,2.5013413413413415,1000,0.250439
5,1000,3,3,45,0.0,0.4904,24,3.1689323447828257,2.410994994994995,32,3.4439608942403583,2.500064064064064,1000,0.24538600000000002
5,1000,3,3,46,0.0,0.5032,24,3.1689323447828257,2.410994994994995,32,3.451137946657925,2.5017657657657657,1000,0.250321
5,1000,3,3,47,0.0,0.4948,24,3.1689323447828257,2.410994994994995,32,3.450659476486305,2.500952952952953,1000,0.24560099999999999
5,1000,3,3,48,0.0,0.49939999999999996,24,3.1689323447828257,2.410994994994995,32,3.4467346016551317,2.5003463463463462,1000,0.24796600000000002
5,1000,3,3,49,0.0,0.5022,24,3.1689323447828257,2.410994994994995,32,3.454226373049281,2.501087087087087,1000,0.24862299999999998
5,1000,3,3,50,0.0,0.5012,24,3.1689323447828257,2.410994994994995,32,3.4521898538987683,2.5005085085085086,1000,0.24685300000000002
5,1000,3,3,51,0.0,0.5,24,3.1689323447828257,2.410994994994995,32,3.4490165950344744,2.500948948948949,1000,0.249027
5,1000,3,3,52,0.0,0.5045999999999999,24,3.1689323447828257,2.410994994994995,32,3.451418191728405,2.5016316316316316,1000,0.25139
5,1000,3,3,53,0.0,0.5074,24,3.1689323447828257,2.410994994994995,32,3.4475560810022117,2.5006146146146144,1000,0.24937299999999998
5,1000,3,3,54,0.0,0.4968,24,3.1689323447828257,2.410994994994995,32,3.451583593335651,2.5007207207207207,1000,0.247518
5,1000,3,3,55,0.0,0.503,24,3.1689323447828257,2.410994994994995,32,3.4477187832233436,2.499021021021021,1000,0.248164
5,1000,3,3,56,0.0,0.503,24,3.1689323447828257,2.410994994994995,32,3.453827997853751,2.5015915915915916,1000,0.25053400000000003
5,1000,3,3,57,0.0,0.4972,24,3.1689323447828257,2.410994994994995,32,3.449727475640307,2.4997157157157157,1000,0.24646800000000002
5,1000,3,3,58,0.0,0.491,24,3.1689323447828257,2.410994994994995,32,3.446475966734161,2.499961961961962,1000,0.24474399999999996
5,1000,3,3,59,0.0,0.5044,24,3.1689323447828257,2.410994994994995,32,3.4481086445130686,2.5001801801801804,1000,0.24979500000000002
5,1000,3,3,60,0.0,0.49739999999999995,24,3.1689323447828257,2.410994994994995,32,3.4483147663007694,2.5006426426426427,1000,0.248379
5,1000,3,3,61,0.0,0.5002,24,3.1689323447828257,2.410994994994995,32,3.441035455530739,2.4986686686686688,1000,0.24461700000000003
5,1000,3,3,62,0.0,0.503,24,3.1689323447828257,2.410994994994995,32,3.4475071323704984,2.4993173173173173,1000,0.24760000000000001
5,1000,3,3,63,0.0,0.493,24,3.1689323447828257,2.410994994994995,32,3.4480984245784168,2.49964964964965,1000,0.2451
5,1000,3,3,64,0.0,0.4982,24,3.1689323447828257,2.410994994994995,32,3.4510599495636023,2.5004704704704706,1000,0.246967
5,1000,3,3,65,0.0,0.4962,24,3.1689323447828257,2.410994994994995,32,3.450008866451692,2.5007027027027027,1000,0.249174
5,1000,3,3,66,0.0,0.5038,24,3.1689323447828257,2.410994994994995,32,3.4457270012486743,2.4974994994994995,1000,0.24759500000000004
5,1000,3,3,67,0.0,0.5022,24,3.1689323447828257,2.410994994994995,32,3.4548784849619714,2.4998538538538537,1000,0.24864
5,1000,3,3,68,0.0,0.5038,24,3.1689323447828257,2.410994994994995,32,3.456997427183091,2.501139139139139,1000,0.248888
5,1000,3,3,69,0.0,0.494,24,3.1689323447828257,2.410994994994995,32,3.4499238706976,2.5012892892892893,1000,0.246945
5,1000,3,3,70,0.0,0.49260000000000004,24,3.1689323447828257,2.410994994994995,32,3.448514588957411,2.4994734734734734,1000,0.24794799999999997
5,1000,3,3,71,0.0,0.49560000000000004,24,3.1689323447828257,2.410994994994995,32,3.4416215057361477,2.4975015015015014,1000,0.244779
5,1000,3,3,72,0.0,0.49119999999999997,24,3.1689323447828257,2.410994994994995,32,3.4477927529108507,2.5004804804804803,1000,0.2468
5,1000,3,3,73,0.0,0.496,24,3.1689323447828257,2.410994994994995,32,3.4432832285991672,2.4994994994994997,1000,0.244991
5,1000,3,3,74,0.0,0.49860000000000004,24,3.1689323447828257,2.410994994994995,32,3.4534180542420465,2.5005025025025027,1000,0.246711
5,1000,3,3,75,0.0,0.4972,24,3.1689323447828257,2.410994994994995,32,3.4477621594687706,2.5016736736736735,1000,0.25040300000000004
5,1000,3,3,76,0.0,0.49639999999999995,24,3.1689323447828257,2.410994994994995,32,3.452562986887439,2.498966966966967,1000,0.24582400000000004
5,1000,3,3,77,0.0,0.49739999999999995,24,3.1689323447828257,2.410994994994995,32,3.451859010421643,2.4994854854854855,1000,0.246757
5,1000,3,3,78,0.0,0.5016,24,3.1689323447828257,2.410994994994995,32,3.4540703227216105,2.5005685685685686,1000,0.251599
5,1000,3,3,79,0.0,0.4988,24,3.1689323447828257,2.410994994994995,32,3.453184839833306,2.498806806806807,1000,0.244231
5,1000,3,3,80,0.0,0.5002,24,3.1689323447828257,2.410994994994995,32,3.4530338094041317,2.499925925925926,1000,0.24903899999999998
5,1000,3,3,81,0.0,0.5062,24,3.1689323447828257,2.410994994994995,32,3.450057449049275,2.49988988988989,1000,0.250919
5,1000,3,3,82,0.0,0.5016,24,3.1689323447828257,2.410994994994995,32,3.446898901109231,2.500248248248248,1000,0.24671500000000005
5,1000,3,3,83,0.0,0.5005999999999999,24,3.1689323447828257,2.410994994994995,32,3.453071792394205,2.501107107107107,1000,0.249313
5,1000,3,3,84,0.0,0.5094,24,3.1689323447828257,2.410994994994995,32,3.450888933024083,2.500826826826827,1000,0.254339
5,1000,3,3,85,0.0,0.498,24,3.1689323447828257,2.410994994994995,32,3.445012651238857,2.4993593593593593,1000,0.24942
5,1000,3,3,86,0.0,0.5008,24,3.1689323447828257,2.410994994994995,32,3.4497386507620256,2.5023143143143143,1000,0.250763
5,1000,3,3,87,0.0,0.4878,24,3.1689323447828257,2.410994994994995,32,3.4492984342622126,2.5006146146146144,1000,0.24676100000000004
5,1000,3,3,88,0.0,0.49660000000000004,24,3.1689323447828257,2.410994994994995,32,3.4471181363617305,2.4995775775775777,1000,0.24579900000000002
5,1000,3,3,89,0.0,0.5012,24,3.1689323447828257,2.410994994994995,32,3.4501351061572256,2.500788788788789,1000,0.24863799999999997
5,1000,3,3,90,0.0,0.49639999999999995,24,3.1689323447828257,2.410994994994995,32,3.4545946880734304,2.501137137137137,1000,0.24869500000000003
5,1000,3,3,91,0.0,0.4914,24,3.1689323447828257,2.410994994994995,32,3.453847866485254,2.500774774774775,1000,0.24646
5,1000,3,3,92,0.0,0.4916,24,3.1689323447828257,2.410994994994995,32,3.4467787221877657,2.499731731731732,1000,0.24639499999999998
5,1000,3,3,93,0.0,0.49979999999999997,24,3.1689323447828257,2.410994994994995,32,3.4517371791408715,2.501791791791792,1000,0.247236
5,1000,3,3,94,0.0,0.4992,24,3.1689323447828257,2.410994994994995,32,3.447505187130733,2.500388388388388,1000,0.24877200000000002
5,1000,3,3,95,0.0,0.5006,24,3.1689323447828257,2.410994994994995,32,3.4407987807556806,2.500830830830831,1000,0.249435
5,1000,3,3,96,0.0,0.49920000000000003,24,3.1689323447828257,2.410994994994995,32,3.448197254513553,2.5015935935935936,1000,0.24943700000000002
5,1000,3,3,97,0.0,0.5,24,3.1689323447828257,2.410994994994995,32,3.4422909234567993,2.5011291291291293,1000,0.24843500000000002
5,1000,3,3,98,0.0,0.49319999999999997,24,3.1689323447828257,2.410994994994995,32,3.452489367252013,2.501081081081081,1000,0.246607
5,1000,3,3,99,0.0,0.5007999999999999,24,3.1689323447828257,2.410994994994995,32,3.4491377035185247,2.5015775775775775,1000,0.248638
5,2000,2,1,0,0.0,0.51,13,2.5599800460136564,2.0935737868934465,32,3.450185736284351,2.500064064064064,2000,0.604071
5,2000,2,1,1,0.0,0.5068,13,2.5599800460136564,2.0935737868934465,32,3.4522245606316564,2.5014494494494492,2000,0.596438
5,2000,2,1,2,0.0,0.502,13,2.5599800460136564,2.0935737868934465,32,3.454435196583045,2.4998918918918918,2000,0.6010059999999999
5,2000,2,1,3,0.0,0.5086,13,2.5599800460136564,2.0935737868934465,32,3.453390398423611,2.5015435435435434,2000,0.6049209999999999
5,2000,2,1,4,0.0,0.5038,13,2.5599800460136564,2.0935737868934465,32,3.457008279043561,2.502112112112112,2000,0.5959494999999999
5,2000,2,1,5,0.0,0.49800000000000005,13,2.5599800460136564,2.0935737868934465,32,3.457836259814843,2.5015655655655658,2000,0.592973
5,2000,2,1,6,0.0,0.493,13,2.5599800460136564,2.0935737868934465,32,3.4467279696754276,2.500934934934935,2000,0.5912295
5,2000,2,1,7,0.0,0.4984,13,2.5599800460136564,2.0935737868934465,32,3.4545186463590243,2.5013893893893893,2000,0.5930319999999999
5,2000,2,1,8,0.0,0.4998000000000001,13,2.5599800460136564,2.0935737868934465,32,3.454339039444058,2.499993993993994,2000,0.5959409999999999
5,2000,2,1,9,0.0,0.5038,13,2.5599800460136564,2.0935737868934465,32,3.4575782735165568,2.500810810810811,2000,0.597625
5,2000,2,1,10,0.0,0.5052000000000001,13,2.5599800460136564,2.0935737868934465,32,3.454104814440538,2.500616616616617,2000,0.5926235
5,2000,2,1,11,0.0,0.4958,13,2.5599800460136564,2.0935737868934465,32,3.4524888525093336,2.5015395395395394,2000,0.5967335
5,2000,2,1,12,0.0,0.4984,13,2.5599800460136564,2.0935737868934465,32,3.4535499310205875,2.5021181181181182,2000,0.5944165
5,2000,2,1,13,0.0,0.49920000000000003,13,2.5599800460136564,2.0935737868934465,32,3.4543912315978225,2.5008968968968968,2000,0.594842
5,2000,2,1,14,0.0,0.5094,13,2.5599800460136564,2.0935737868934465,32,3.4571357343744333,2.50011011011011,2000,0.6025585
5,2000,2,1,15,0.0,0.5074000000000001,13,2.5599800460136564,2.0935737868934465,32,3.4558422522899868,2.501603603603604,2000,0.6008600000000001
5,2000,2,1,16,0.0,0.5016,13,2.5599800460136564,2.0935737868934465,32,3.450695408400271,2.5014934934934936,2000,0.595699
5,2000,2,1,17,0.0,0.5044000000000001,13,2.5599800460136564,2.0935737868934465,32,3.4560385860414558,2.5005725725725725,2000,0.5985415
5,2000,2,1,18,0.0,0.505,13,2.5599800460136564,2.0935737868934465,32,3.451051404138897,2.5005265265265266,2000,0.5998914999999999
5,2000,2,1,19,0.0,0.5096,13,2.5599800460136564,2.0935737868934465,32,3.44888791613835,2.499687687687688,2000,0.597979
5,2000,2,1,20,0.0,0.505,13,2.5599800460136564,2.0935737868934465,32,3.4518026547926386,2.5016316316316316,2000,0.5946494999999999
5,2000,2,1,21,0.0,0.5074000000000001,13,2.5599800460136564,2.0935737868934465,32,3.4520648328263226,2.5012432432432434,2000,0.6015945
5,2000,2,1,22,0.0,0.505,13,2.5599800460136564,2.0935737868934465,32,3.4584150414712367,2.50187987987988,2000,0.5981675
5,2000,2,1,23,0.0,0.493,13,2.5599800460136564,2.0935737868934465,32,3.452240771095647,2.5018478478478476,2000,0.5947919999999999
5,2000,2,1,24,0.0,0.4988000000000001,13,2.5599800460136564,2.0935737868934465,32,3.4529259702317376,2.500176176176176,2000,0.5931945
5,2000,2,1,25,0.0,0.5104000000000001,13,2.5599800460136564,2.0935737868934465,32,3.4489682958524734,2.5006646646646646,2000,0.603029
5,2000,2,1,26,0.0,0.5026,13,2.5599800460136564,2.0935737868934465,32,3.4530788017034455,2.502208208208208,2000,0.5916975
5,2000,2,1,27,0.0,0.49760000000000004,13,2.5599800460136564,2.0935737868934465,32,3.4535853551626787,2.5017697697697696,2000,0.5977305
5,2000,2,1,28,0.0,0.5074000000000001,13,2.5599800460136564,2.0935737868934465,32,3.4523043515497163,2.5016396396396394,2000,0.5941915
5,2000,2,1,29,0.0,0.5002000000000001,13,2.5599800460136564,2.0935737868934465,32,3.4542913885556095,2.5014074074074073,2000,0.595191
5,2000,2,1,30,0.0,0.4998,13,2.5599800460136564,2.0935737868934465,32,3.450825987739923,2.5002782782782784,2000,0.59273
5,2000,2,1,31,0.0,0.5002000000000001,13,2.5599800460136564,2.0935737868934465,32,3.449327859737322,2.5015795795795794,2000,0.5918595
5,2000,2,1,32,0.0,0.503,13,2.5599800460136564,2.0935737868934465,32,3.4544697843454673,2.501583583583584,2000,0.594684
5,2000,2,1,33,0.0,0.508,13,2.5599800460136564,2.0935737868934465,32,3.4551634522944417,2.500932932932933,2000,0.5971009999999999
5,2000,2,1,34,0.0,0.5098,13,2.5599800460136564,2.0935737868934465,32,3.4543449747933472,2.5003903903903906,2000,0.60422
5,2000,2,1,35,0.0,0.5058,13,2.5599800460136564,2.0935737868934465,32,3.4543213101006653,2.502088088088088,2000,0.6007275
5,2000,2,1,36,0.0,0.5148,13,2.5599800460136564,2.0935737868934465,32,3.4499473798581497,2.4986786786786785,2000,0.6020979999999999
5,2000,2,1,37,0.0,0.5124000000000001,13,2.5599800460136564,2.0935737868934465,32,3.4535570875679644,2.49983983983984,2000,0.6008785
5,2000,2,1,38,0.0,0.5010000000000001,13,2.5599800460136564,2.0935737868934465,32,3.457578215982477,2.501775775775776,2000,0.5956824999999999
5,2000,2,1,39,0.0,0.5032000000000001,13,2.5599800460136564,2.0935737868934465,32,3.452249553081149,2.50012012012012,2000,0.598996
5,2000,2,1,40,0.0,0.49620000000000003,13,2.5599800460136564,2.0935737868934465,32,3.4487631594887778,2.4993493493493495,2000,0.5913065000000001
5,2000,2,1,41,0.0,0.5134000000000001,13,2.5599800460136564,2.0935737868934465,32,3.446502259256596,2.498820820820821,2000,0.6042625
5,2000,2,1,42,0.0,0.5072000000000001,13,2.5599800460136564,2.0935737868934465,32,3.456812382727335,2.5009369369369367,2000,0.5982729999999999
5,2000,2,1,43,0.0,0.5094000000000001,13,2.5599800460136564,2.0935737868934465,32,3.4572469460364537,2.5003903903903906,2000,0.6046119999999999
5,2000,2,1,44,0.0,0.5010000000000001,13,2.5599800460136564,2.0935737868934465,32,3.4525796169295386,2.50216016016016,2000,0.594779
5,2000,2,1,45,0.0,0.49260000000000004,13,2.5599800460136564,2.0935737868934465,32,3.448578616582734,2.499169169169169,2000,0.5817724999999999
5,2000,2,1,46,0.0,0.4994,13,2.5599800460136564,2.0935737868934465,32,3.4466861494865912,2.501315315315315,2000,0.588939
5,2000,2,1,47,0.0,0.5112000000000001,13,2.5599800460136564,2.0935737868934465,32,3.4560394121058104,2.5003923923923925,2000,0.6062355
5,2000,2,1,48,0.0,0.4974,13,2.5599800460136564,2.0935737868934465,32,3.45553772929365,2.501199199199199,2000,0.597471
5,2000,2,1,49,0.0,0.514,13,2.5599800460136564,2.0935737868934465,32,3.4460893770206407,2.4993553553553554,2000,0.60389
5,2000,2,1,50,0.0,0.5066,13,2.5599800460136564,2.0935737868934465,32,3.456077945397954,2.499877877877878,2000,0.5944309999999999
5,2000,2,1,51,0.0,0.5058,13,2.5599800460136564,2.0935737868934465,32,3.4526560122270133,2.500714714714715,2000,0.5933174999999999
5,2000,2,1,52,0.0,0.5126000000000001,13,2.5599800460136564,2.0935737868934465,32,3.4521484112971965,2.5007067067067066,2000,0.6034335
5,2000,2,1,53,0.0,0.5132000000000001,13,2.5599800460136564,2.0935737868934465,32,3.455047690435137,2.5004884884884886,2000,0.6030815
5,2000,2,1,54,0.0,0.5024,13,2.5599800460136564,2.0935737868934465,32,3.4547114628044637,2.5018818818818818,2000,0.5925885000000001
5,2000,2,1,55,0.0,0.4994,13,2.5599800460136564,2.0935737868934465,32,3.4531080212972793,2.5013673673673673,2000,0.5968924999999999
5,2000,2,1,56,0.0,0.5076,13,2.5599800460136564,2.0935737868934465,32,3.4572846021864025,2.5015135135135136,2000,0.601296
5,2000,2,1,57,0.0,0.507,13,2.5599800460136564,2.0935737868934465,32,3.4534754272902273,2.5015515515515516,2000,0.5979359999999999
5,2000,2,1,58,0.0,0.5048,13,2.5599800460136564,2.0935737868934465,32,3.4566444527432414,2.501681681681682,2000,0.5961894999999999
5,2000,2,1,59,0.0,0.5086,13,2.5599800460136564,2.0935737868934465,32,3.4489333246406058,2.5007987987987987,2000,0.59526
5,2000,2,1,60,0.0,0.5078,13,2.5599800460136564,2.0935737868934465,32,3.450432878527533,2.499861861861862,2000,0.6012260000000001
5,2000,2,1,61,0.0,0.5076,13,2.5599800460136564,2.0935737868934465,32,3.455939447127197,2.5001841841841843,2000,0.5954115
5,2000,2,1,62,0.0,0.5010000000000001,13,2.5599800460136564,2.0935737868934465,32,3.452647846889244,2.5024484484484484,2000,0.5946714999999999
5,2000,2,1,63,0.0,0.5062000000000001,13,2.5599800460136564,2.0935737868934465,32,3.452595249751373,2.501907907907908,2000,0.5941195
5,2000,2,1,64,0.0,0.502,13,2.5599800460136564,2.0935737868934465,32,3.4583084214761444,2.5015815815815814,2000,0.5920694999999999
5,2000,2,1,65,0.0,0.5104000000000001,13,2.5599800460136564,2.0935737868934465,32,3.4548153132130857,2.5003643643643643,2000,0.6046130000000001
5,2000,2,1,66,0.0,0.5124000000000001,13,2.5599800460136564,2.0935737868934465,32,3.453163230664398,2.500176176176176,2000,0.6039745000000001
5,2000,2,1,67,0.0,0.49860000000000004,13,2.5599800460136564,2.0935737868934465,32,3.4537254116576985,2.500954954954955,2000,0.594758
5,2000,2,1,68,0.0,0.508,13,2.5599800460136564,2.0935737868934465,32,3.4548337358150256,2.500944944944945,2000,0.5954514999999999
5,2000,2,1,69,0.0,0.5052000000000001,13,2.5599800460136564,2.0935737868934465,32,3.4420876767156807,2.499927927927928,2000,0.6039495
5,2000,2,1,70,0.0,0.5104000000000001,13,2.5599800460136564,2.0935737868934465,32,3.452836585854617,2.501193193193193,2000,0.6036959999999999
5,2000,2,1,71,0.0,0.5104000000000001,13,2.5599800460136564,2.0935737868934465,32,3.448034346653487,2.498898898898899,2000,0.6032144999999999
5,2000,2,1,72,0.0,0.504,13,2.5599800460136564,2.0935737868934465,32,3.458113553924954,2.5022102102102104,2000,0.597455
5,2000,2,1,73,0.0,0.503,13,2.5599800460136564,2.0935737868934465,32,3.452957245923168,2.5015515515515516,2000,0.5998025
5,2000,2,1,74,0.0,0.49920000000000003,13,2.5599800460136564,2.0935737868934465,32,3.4517139650005886,2.501957957957958,2000,0.5949714999999999
5,2000,2,1,75,0.0,0.49960000000000004,13,2.5599800460136564,2.0935737868934465,32,3.4497328182040325,2.5014454454454453,2000,0.5925495
5,2000,2,1,76,0.0,0.4988000000000001,13,2.5599800460136564,2.0935737868934465,32,3.4479102392452634,2.5013453453453454,2000,0.597842
5,2000,2,1,77,0.0,0.5106,13,2.5599800460136564,2.0935737868934465,32,3.4509412382949547,2.5001861861861863,2000,0.6033630000000001
5,2000,2,1,78,0.0,0.5008,13,2.5599800460136564,2.0935737868934465,32,3.4488546285081916,2.501717717717718,2000,0.5949995
5,2000,2,1,79,0.0,0.5084000000000001,13,2.5599800460136564,2.0935737868934465,32,3.449085938462071,2.500984984984985,2000,0.6033634999999999
5,2000,2,1,80,0.0,0.5056,13,2.5599800460136564,2.0935737868934465,32,3.453381754199122,2.4995955955955957,2000,0.6021409999999999
5,2000,2,1,81,0.0,0.5064000000000001,13,2.5599800460136564,2.0935737868934465,32,3.4503460463710245,2.4997557557557557,2000,0.5999545
5,2000,2,1,82,0.0,0.499,13,2.5599800460136564,2.0935737868934465,32,3.454337509632251,2.501259259259259,2000,0.5968795
5,2000,2,1,83,0.0,0.5108,13,2.5599800460136564,2.0935737868934465,32,3.4547638901067486,2.5004124124124125,2000,0.600813
5,2000,2,1,84,0.0,0.5024000000000001,13,2.5599800460136564,2.0935737868934465,32,3.4511630892139014,2.5013213213213215,2000,0.5940850000000001
5,2000,2,1,85,0.0,0.503,13,2.5599800460136564,2.0935737868934465,32,3.447531858665218,2.5016316316316316,2000,0.5940615
5,2000,2,1,86,0.0,0.5044000000000001,13,2.5599800460136564,2.0935737868934465,32,3.4517286077532434,2.5014494494494492,2000,0.5920455
5,2000,2,1,87,0.0,0.49920000000000003,13,2.5599800460136564,2.0935737868934465,32,3.4535711837223952,2.5014334334334336,2000,0.59686
5,2000,2,1,88,0.0,0.5028,13,2.5599800460136564,2.0935737868934465,32,3.451890687807605,2.5005925925925925,2000,0.6029549999999999
5,2000,2,1,89,0.0,0.49960000000000004,13,2.5599800460136564,2.0935737868934465,32,3.452389473280901,2.501193193193193,2000,0.5935605
5,2000,2,1,90,0.0,0.5000000000000001,13,2.5599800460136564,2.0935737868934465,32,3.4573524208307744,2.5023263263263265,2000,0.5952335
5,2000,2,1,91,0.0,0.503,13,2.5599800460136564,2.0935737868934465,32,3.4537242929078205,2.50191991991992,2000,0.5961785
5,2000,2,1,92,0.0,0.5002,13,2.5599800460136564,2.0935737868934465,32,3.4534045698614246,2.501907907907908,2000,0.595212
5,2000,2,1,93,0.0,0.5024000000000001,13,2.5599800460136564,2.0935737868934465,32,3.4526821025354404,2.501777777777778,2000,0.5960694999999999
5,2000,2,1,94,0.0,0.5008,13,2.5599800460136564,2.0935737868934465,32,3.4514500763523186,2.501193193193193,2000,0.5906685
5,2000,2,1,95,0.0,0.5042000000000001,13,2.5599800460136564,2.0935737868934465,32,3.4544706103926766,2.50167967967968,2000,0.5948980000000001
5,2000,2,1,96,0.0,0.507,13,2.5599800460136564,2.0935737868934465,32,3.456101884940863,2.501139139139139,2000,0.5959875
5,2000,2,1,97,0.0,0.5078,13,2.5599800460136564,2.0935737868934465,32,3.4499515476501186,2.500890890890891,2000,0.598268
5,2000,2,1,98,0.0,0.508,13,2.5599800460136564,2.0935737868934465,32,3.4533527815979452,2.500968968968969,2000,0.5963990000000001
5,2000,2,1,99,0.0,0.5036,13,2.5599800460136564,2.0935737868934465,32,3.4507736363954917,2.5015935935935936,2000,0.5977545
5,2000,2,2,0,0.0,0.49340000000000006,13,2.5608267273385663,2.113071035517759,32,3.4513630320696644,2.4994854854854855,2000,0.5855799999999999
5,2000,2,2,1,0.0,0.4842,13,2.5608267273385663,2.113071035517759,32,3.4488701302925766,2.4980760760760763,2000,0.5816870000000001
5,2000,2,2,2,0.0,0.48940000000000006,13,2.5608267273385663,2.113071035517759,32,3.444992862140071,2.4958738738738737,2000,0.585878
5,2000,2,2,3,0.0,0.503,13,2.5608267273385663,2.113071035517759,32,3.452746703473064,2.4998178178178176,2000,0.5976245
5,2000,2,2,4,0.0,0.4894,13,2.5608267273385663,2.113071035517759,32,3.4441102909091335,2.495097097097097,2000,0.585472
5,2000,2,2,5,0.0,0.5004000000000001,13,2.5608267273385663,2.113071035517759,32,3.4510428936569664,2.4965805805805807,2000,0.5943495000000001
5,2000,2,2,6,0.0,0.48760000000000003,13,2.5608267273385663,2.113071035517759,32,3.4506927705450425,2.497333333333333,2000,0.5852455
5,2000,2,2,7,0.0,0.5058,13,2.5608267273385663,2.113071035517759,32,3.4511357855141767,2.5004624624624623,2000,0.597999
5,2000,2,2,8,0.0,0.4952,13,2.5608267273385663,2.113071035517759,32,3.447723012830019,2.499787787787788,2000,0.5852260000000001
5,2000,2,2,9,0.0,0.49920000000000003,13,2.5608267273385663,2.113071035517759,32,3.442026220803054,2.4968768768768768,2000,0.5929245
5,2000,2,2,10,0.0,0.49160000000000004,13,2.5608267273385663,2.113071035517759,32,3.450837058794134,2.4954034034034036,2000,0.5875735
5,2000,2,2,11,0.0,0.4922,13,2.5608267273385663,2.113071035517759,32,3.4567490387698694,2.5003583583583584,2000,0.587185
5,2000,2,2,12,0.0,0.48900000000000005,13,2.5608267273385663,2.113071035517759,32,3.4519984012698792,2.4968988988988987,2000,0.5845564999999999
5,2000,2,2,13,0.0,0.494,13,2.5608267273385663,2.113071035517759,32,3.450973023055094,2.499167167167167,2000,0.584804
5,2000,2,2,14,0.0,0.47940000000000005,13,2.5608267273385663,2.113071035517759,32,3.445418565600756,2.494968968968969,2000,0.577374
5,2000,2,2,15,0.0,0.49700000000000005,13,2.5608267273385663,2.113071035517759,32,3.447360049431318,2.497163163163163,2000,0.5928249999999999
5,2000,2,2,16,0.0,0.48640000000000005,13,2.5608267273385663,2.113071035517759,32,3.448840542395418,2.4966846846846846,2000,0.5870125
5,2000,2,2,17,0.0,0.5008,13,2.5608267273385663,2.113071035517759,32,3.4446249664300397,2.4961801801801804,2000,0.5956435
5,2000,2,2,18,0.0,0.5042000000000001,13,2.5608267273385663,2.113071035517759,32,3.4543424079805374,2.501335335335335,2000,0.5989490000000001
5,2000,2,2,19,0.0,0.48840000000000006,13,2.5608267273385663,2.113071035517759,32,3.4497353574488123,2.498146146146146,2000,0.5847945
5,2000,2,2,20,0.0,0.5034000000000001,13,2.5608267273385663,2.113071035517759,32,3.4549900574252823,2.501975975975976,2000,0.5958495
5,2000,2,2,21,0.0,0.499,13,2.5608267273385663,2.113071035517759,32,3.4450408746614274,2.4993493493493495,2000,0.5944515
5,2000,2,2,22,0.0,0.495,13,2.5608267273385663,2.113071035517759,32,3.4508620118576374,2.497239239239239,2000,0.5867905000000001
5,2000,2,2,23,0.0,0.49660000000000004,13,2.5608267273385663,2.113071035517759,32,3.4401625955744057,2.498092092092092,2000,0.5882640000000001
5,2000,2,2,24,0.0,0.5012000000000001,13,2.5608267273385663,2.113071035517759,32,3.453381119797279,2.5016096096096097,2000,0.595095
5,2000,2,2,25,0.0,0.4928,13,2.5608267273385663,2.113071035517759,32,3.448179000002331,2.4994794794794797,2000,0.583346
5,2000,2,2,26,0.0,0.49420000000000003,13,2.5608267273385663,2.113071035517759,32,3.4535380987980226,2.5002622622622623,2000,0.5921029999999998
5,2000,2,2,27,0.0,0.48960000000000004,13,2.5608267273385663,2.113071035517759,32,3.448912862647084,2.493697697697698,2000,0.587957
5,2000,2,2,28,0.0,0.4948,13,2.5608267273385663,2.113071035517759,32,3.456207541350583,2.501089089089089,2000,0.5901225
5,2000,2,2,29,0.0,0.49739999999999995,13,2.5608267273385663,2.113071035517759,32,3.447609979295862,2.5013433433433434,2000,0.593331
5,2000,2,2,30,0.0,0.49160000000000004,13,2.5608267273385663,2.113071035517759,32,3.4496910899376667,2.4998358358358357,2000,0.5916610000000001
5,2000,2,2,31,0.0,0.489,13,2.5608267273385663,2.113071035517759,32,3.449848381595406,2.5004184184184184,2000,0.5806445
5,2000,2,2,32,0.0,0.486,13,2.5608267273385663,2.113071035517759,32,3.4440015932433,2.4969369369369367,2000,0.5805309999999999
5,2000,2,2,33,0.0,0.499,13,2.5608267273385663,2.113071035517759,32,3.447613981097291,2.500790790790791,2000,0.593205
5,2000,2,2,34,0.0,0.49920000000000003,13,2.5608267273385663,2.113071035517759,32,3.4453750250921753,2.497253253253253,2000,0.5973644999999999
5,2000,2,2,35,0.0,0.49620000000000003,13,2.5608267273385663,2.113071035517759,32,3.4421411053263657,2.4967467467467466,2000,0.5895419999999999
5,2000,2,2,36,0.0,0.49260000000000004,13,2.5608267273385663,2.113071035517759,32,3.4458162067424953,2.4972472472472473,2000,0.588435
5,2000,2,2,37,0.0,0.495,13,2.5608267273385663,2.113071035517759,32,3.451073314411902,2.4988528528528526,2000,0.5884210000000001
5,2000,2,2,38,0.0,0.49920000000000003,13,2.5608267273385663,2.113071035517759,32,3.457405456300395,2.500208208208208,2000,0.59475
5,2000,2,2,39,0.0,0.49200000000000005,13,2.5608267273385663,2.113071035517759,32,3.450271531252854,2.4983103103103104,2000,0.5840345
5,2000,2,2,40,0.0,0.4996000000000001,13,2.5608267273385663,2.113071035517759,32,3.4464102611433898,2.4976056056056057,2000,0.592973
5,2000,2,2,41,0.0,0.508,13,2.5608267273385663,2.113071035517759,32,3.454300513129869,2.5008008008008007,2000,0.5968399999999999
5,2000,2,2,42,0.0,0.4922,13,2.5608267273385663,2.113071035517759,32,3.454484550590627,2.501203203203203,2000,0.5920995
5,2000,2,2,43,0.0,0.49240000000000006,13,2.5608267273385663,2.113071035517759,32,3.451535126921506,2.497181181181181,2000,0.5902434999999999
5,2000,2,2,44,0.0,0.4872,13,2.5608267273385663,2.113071035517759,32,3.448326213622159,2.4957997997997996,2000,0.580767
5,2000,2,2,45,0.0,0.4954,13,2.5608267273385663,2.113071035517759,32,3.4539730188077695,2.5014194194194195,2000,0.588631
5,2000,2,2,46,0.0,0.49060000000000004,13,2.5608267273385663,2.113071035517759,32,3.4493585849743083,2.4982002002002,2000,0.5810909999999999
5,2000,2,2,47,0.0,0.48840000000000006,13,2.5608267273385663,2.113071035517759,32,3.449440049768871,2.498002002002002,2000,0.5804649999999999
5,2000,2,2,48,0.0,0.48980000000000007,13,2.5608267273385663,2.113071035517759,32,3.4520720854245623,2.500034034034034,2000,0.5829679999999999
5,2000,2,2,49,0.0,0.5016,13,2.5608267273385663,2.113071035517759,32,3.4513220201677957,2.497105105105105,2000,0.5948515
5,2000,2,2,50,0.0,0.492,13,2.5608267273385663,2.113071035517759,32,3.4508453362663905,2.498862862862863,2000,0.5892529999999999
5,2000,2,2,51,0.0,0.49660000000000004,13,2.5608267273385663,2.113071035517759,32,3.4515384025538682,2.5011671671671674,2000,0.5898955
5,2000,2,2,52,0.0,0.493,13,2.5608267273385663,2.113071035517759,32,3.4461527196587047,2.498208208208208,2000,0.5878515
5,2000,2,2,53,0.0,0.49280000000000007,13,2.5608267273385663,2.113071035517759,32,3.452764841378279,2.497057057057057,2000,0.5851755000000001
5,2000,2,2,54,0.0,0.4922,13,2.5608267273385663,2.113071035517759,32,3.451148586680069,2.4997377377377377,2000,0.5853025000000001
5,2000,2,2,55,0.0,0.5072000000000001,13,2.5608267273385663,2.113071035517759,32,3.4542456554382657,2.4992792792792793,2000,0.6004510000000001
5,2000,2,2,56,0.0,0.495,13,2.5608267273385663,2.113071035517759,32,3.448318570000334,2.4956536536536538,2000,0.5894324999999999
5,2000,2,2,57,0.0,0.49360000000000004,13,2.5608267273385663,2.113071035517759,32,3.4566006604096753,2.4982942942942943,2000,0.5864510000000001
5,2000,2,2,58,0.0,0.49240000000000006,13,2.5608267273385663,2.113071035517759,32,3.447546328826215,2.500288288288288,2000,0.5853005
5,2000,2,2,59,0.0,0.4994,13,2.5608267273385663,2.113071035517759,32,3.446370371480172,2.4977277277277277,2000,0.593956
5,2000,2,2,60,0.0,0.5024000000000001,13,2.5608267273385663,2.113071035517759,32,3.4544105047224147,2.5016536536536536,2000,0.5922329999999999
5,2000,2,2,61,0.0,0.49660000000000004,13,2.5608267273385663,2.113071035517759,32,3.4526662342098637,2.499001001001001,2000,0.5905655
5,2000,2,2,62,0.0,0.4988,13,2.5608267273385663,2.113071035517759,32,3.450693103497864,2.499983983983984,2000,0.5930139999999999
5,2000,2,2,63,0.0,0.49820000000000003,13,2.5608267273385663,2.113071035517759,32,3.452799947766314,2.4993213213213212,2000,0.5921855
5,2000,2,2,64,0.0,0.49040000000000006,13,2.5608267273385663,2.113071035517759,32,3.4501200371728187,2.498646646646647,2000,0.58524
5,2000,2,2,65,0.0,0.49340000000000006,13,2.5608267273385663,2.113071035517759,32,3.447698049369657,2.496938938938939,2000,0.5890475000000001
5,2000,2,2,66,0.0,0.48860000000000003,13,2.5608267273385663,2.113071035517759,32,3.448512361498148,2.498892892892893,2000,0.5825199999999999
5,2000,2,2,67,0.0,0.5054000000000001,13,2.5608267273385663,2.113071035517759,32,3.456888196948684,2.5004104104104106,2000,0.5962615000000001
5,2000,2,2,68,0.0,0.4888,13,2.5608267273385663,2.113071035517759,32,3.451536399094819,2.4992992992992993,2000,0.5852594999999999
5,2000,2,2,69,0.0,0.5016,13,2.5608267273385663,2.113071035517759,32,3.4504503706013994,2.5003203203203204,2000,0.5941109999999998
5,2000,2,2,70,0.0,0.503,13,2.5608267273385663,2.113071035517759,32,3.446702467134396,2.4983483483483484,2000,0.594676
5,2000,2,2,71,0.0,0.495,13,2.5608267273385663,2.113071035517759,32,3.45949740591295,2.5016396396396394,2000,0.5896155
5,2000,2,2,72,0.0,0.494,13,2.5608267273385663,2.113071035517759,32,3.45314437714365,2.5004244244244243,2000,0.585464
5,2000,2,2,73,0.0,0.49260000000000004,13,2.5608267273385663,2.113071035517759,32,3.4500689286731845,2.4997577577577577,2000,0.5871195
5,2000,2,2,74,0.0,0.4998,13,2.5608267273385663,2.113071035517759,32,3.4530761977167734,2.4988528528528526,2000,0.5897074999999999
5,2000,2,2,75,0.0,0.491,13,2.5608267273385663,2.113071035517759,32,3.449462963924846,2.4996616616616616,2000,0.5836604999999999
5,2000,2,2,76,0.0,0.48900000000000005,13,2.5608267273385663,2.113071035517759,32,3.4467065720352488,2.497371371371371,2000,0.586306
5,2000,2,2,77,0.0,0.48940000000000006,13,2.5608267273385663,2.113071035517759,32,3.4536025146430633,2.500862862862863,2000,0.5847894999999999
5,2000,2,2,78,0.0,0.4984,13,2.5608267273385663,2.113071035517759,32,3.4515446290742977,2.4993193193193193,2000,0.5930420000000001
5,2000,2,2,79,0.0,0.4968,13,2.5608267273385663,2.113071035517759,32,3.451601678583039,2.5011731731731732,2000,0.5891104999999999
5,2000,2,2,80,0.0,0.4948,13,2.5608267273385663,2.113071035517759,32,3.449274917879344,2.5006246246246246,2000,0.5883579999999999
5,2000,2,2,81,0.0,0.4948000000000001,13,2.5608267273385663,2.113071035517759,32,3.4513949428681094,2.501089089089089,2000,0.593298
5,2000,2,2,82,0.0,0.5058,13,2.5608267273385663,2.113071035517759,32,3.454179014852261,2.4996016016016016,2000,0.5970270000000001
5,2000,2,2,83,0.0,0.48440000000000005,13,2.5608267273385663,2.113071035517759,32,3.4474797498215928,2.497741741741742,2000,0.5879855
5,2000,2,2,84,0.0,0.4988,13,2.5608267273385663,2.113071035517759,32,3.4431904754950455,2.5014334334334336,2000,0.5895265
5,2000,2,2,85,0.0,0.49620000000000003,13,2.5608267273385663,2.113071035517759,32,3.4534176223622284,2.501011011011011,2000,0.586523
5,2000,2,2,86,0.0,0.4858,13,2.5608267273385663,2.113071035517759,32,3.4481080312665195,2.4962982982982984,2000,0.5886295
5,2000,2,2,87,0.0,0.49080000000000007,13,2.5608267273385663,2.113071035517759,32,3.450806033182505,2.4963163163163165,2000,0.5876589999999999
5,2000,2,2,88,0.0,0.497,13,2.5608267273385663,2.113071035517759,32,3.4490230640850186,2.4967587587587587,2000,0.5897015
5,2000,2,2,89,0.0,0.49340000000000006,13,2.5608267273385663,2.113071035517759,32,3.4468205250685964,2.50027027027027,2000,0.586401
5,2000,2,2,90,0.0,0.49460000000000004,13,2.5608267273385663,2.113071035517759,32,3.451267734446817,2.4984404404404406,2000,0.5875195
5,2000,2,2,91,0.0,0.4832,13,2.5608267273385663,2.113071035517759,32,3.4478514095005126,2.4967607607607607,2000,0.5789845
5,2000,2,2,92,0.0,0.49460000000000004,13,2.5608267273385663,2.113071035517759,32,3.4562417668923286,2.50015015015015,2000,0.5863815
5,2000,2,2,93,0.0,0.4988,13,2.5608267273385663,2.113071035517759,32,3.45229875046634,2.499287287287287,2000,0.5900789999999999
5,2000,2,2,94,0.0,0.5004000000000001,13,2.5608267273385663,2.113071035517759,32,3.4527794719195084,2.496388388388388,2000,0.5951850000000001
5,2000,2,2,95,0.0,0.497,13,2.5608267273385663,2.113071035517759,32,3.4505872995134976,2.4982962962962962,2000,0.5864599999999999
5,2000,2,2,96,0.0,0.49300000000000005,13,2.5608267273385663,2.113071035517759,32,3.448698052421464,2.498112112112112,2000,0.5833915
5,2000,2,2,97,0.0,0.506,13,2.5608267273385663,2.113071035517759,32,3.454416517845835,2.4993153153153154,2000,0.5976094999999999
5,2000,2,2,98,0.0,0.5062000000000001,13,2.5608267273385663,2.113071035517759,32,3.4530941182817307,2.498968968968969,2000,0.5975695
5,2000,2,2,99,0.0,0.5018,13,2.5608267273385663,2.113071035517759,32,3.450055226058109,2.499945945945946,2000,0.5985564999999999
5,2000,2,3,0,0.0,0.5014,13,2.5630325381071515,2.091818409204602,32,3.4506113740622735,2.4988288288288287,2000,0.592571
5,2000,2,3,1,0.0,0.501,13,2.5630325381071515,2.091818409204602,32,3.45178646810537,2.498880880880881,2000,0.5940094999999999
5,2000,2,3,2,0.0,0.49620000000000003,13,2.5630325381071515,2.091818409204602,32,3.452232010565156,2.5017517517517516,2000,0.589259
5,2000,2,3,3,0.0,0.49539999999999995,13,2.5630325381071515,2.091818409204602,32,3.4520955406775204,2.4993133133133134,2000,0.589907
5,2000,2,3,4,0.0,0.5064000000000001,13,2.5630325381071515,2.091818409204602,32,3.4479332440978423,2.4953353353353354,2000,0.5946745
5,2000,2,3,5,0.0,0.49360000000000004,13,2.5630325381071515,2.091818409204602,32,3.4505014043010567,2.4985705705705707,2000,0.5863164999999999
5,2000,2,3,6,0.0,0.4902,13,2.5630325381071515,2.091818409204602,32,3.451369352259512,2.497003003003003,2000,0.5857270000000001
5,2000,2,3,7,0.0,0.5048,13,2.5630325381071515,2.091818409204602,32,3.4548012722786305,2.4998198198198196,2000,0.5980004999999999
5,2000,2,3,8,0.0,0.5018,13,2.5630325381071515,2.091818409204602,32,3.4480143362491145,2.499061061061061,2000,0.596271
5,2000,2,3,9,0.0,0.4862,13,2.5630325381071515,2.091818409204602,32,3.44720045814801,2.4982162162162163,2000,0.582566
5,2000,2,3,10,0.0,0.5034000000000001,13,2.5630325381071515,2.091818409204602,32,3.4515789187735892,2.49773973973974,2000,0.595643
5,2000,2,3,11,0.0,0.49660000000000004,13,2.5630325381071515,2.091818409204602,32,3.454887397563897,2.5004944944944945,2000,0.5877380000000001
5,2000,2,3,12,0.0,0.49160000000000004,13,2.5630325381071515,2.091818409204602,32,3.447102342399793,2.4976096096096096,2000,0.5879935000000001
5,2000,2,3,13,0.0,0.49960000000000004,13,2.5630325381071515,2.091818409204602,32,3.4461616364240255,2.4958518518518518,2000,0.586857
5,2000,2,3,14,0.0,0.5006,13,2.5630325381071515,2.091818409204602,32,3.4471155872629664,2.4983283283283284,2000,0.5889930000000001
5,2000,2,3,15,0.0,0.4968000000000001,13,2.5630325381071515,2.091818409204602,32,3.447970185725791,2.498742742742743,2000,0.5888705
5,2000,2,3,16,0.0,0.5002000000000001,13,2.5630325381071515,2.091818409204602,32,3.451611602457925,2.4994134134134134,2000,0.5907099999999998
5,2000,2,3,17,0.0,0.5062000000000001,13,2.5630325381071515,2.091818409204602,32,3.451551122657552,2.5008188188188187,2000,0.5943645
5,2000,2,3,18,0.0,0.49420000000000003,13,2.5630325381071515,2.091818409204602,32,3.451346176658588,2.499069069069069,2000,0.5893935
5,2000,2,3,19,0.0,0.49639999999999995,13,2.5630325381071515,2.091818409204602,32,3.4462323123102063,2.500208208208208,2000,0.587915
5,2000,2,3,20,0.0,0.49620000000000003,13,2.5630325381071515,2.091818409204602,32,3.4529453783846664,2.5005905905905905,2000,0.5895269999999999
5,2000,2,3,21,0.0,0.5008,13,2.5630325381071515,2.091818409204602,32,3.455909662376513,2.5013773773773775,2000,0.5910209999999999
5,2000,2,3,22,0.0,0.49140000000000006,13,2.5630325381071515,2.091818409204602,32,3.4502870953926124,2.4994654654654656,2000,0.582409
5,2000,2,3,23,0.0,0.504,13,2.5630325381071515,2.091818409204602,32,3.4530724362473846,2.498930930930931,2000,0.5943645
5,2000,2,3,24,0.0,0.4938,13,2.5630325381071515,2.091818409204602,32,3.4506027105027752,2.4966666666666666,2000,0.5900705
5,2000,2,3,25,0.0,0.49839999999999995,13,2.5630325381071515,2.091818409204602,32,3.455830628246433,2.5016376376376375,2000,0.589492
5,2000,2,3,26,0.0,0.5082000000000001,13,2.5630325381071515,2.091818409204602,32,3.4480697770903235,2.4985365365365366,2000,0.6007005000000001
5,2000,2,3,27,0.0,0.5006,13,2.5630325381071515,2.091818409204602,32,3.452947618545211,2.501003003003003,2000,0.5931995
5,2000,2,3,28,0.0,0.48940000000000006,13,2.5630325381071515,2.091818409204602,32,3.4514448307868957,2.4978278278278276,2000,0.5750394999999999
5,2000,2,3,29,0.0,0.49520000000000003,13,2.5630325381071515,2.091818409204602,32,3.450250501676115,2.495803803803804,2000,0.5895115000000001
5,2000,2,3,30,0.0,0.5052000000000001,13,2.5630325381071515,2.091818409204602,32,3.4472394825310833,2.499011011011011,2000,0.5887749999999999
5,2000,2,3,31,0.0,0.5044000000000001,13,2.5630325381071515,2.091818409204602,32,3.4447915315597486,2.4965165165165164,2000,0.5952755
5,2000,2,3,32,0.0,0.501,13,2.5630325381071515,2.091818409204602,32,3.44266332252929,2.4978278278278276,2000,0.593033
5,2000,2,3,33,0.0,0.5024000000000001,13,2.5630325381071515,2.091818409204602,32,3.4491720637994137,2.4955515515515514,2000,0.5919200000000001
5,2000,2,3,34,0.0,0.49660000000000004,13,2.5630325381071515,2.091818409204602,32,3.4492815081342965,2.5002382382382384,2000,0.5881965
5,2000,2,3,35,0.0,0.49420000000000003,13,2.5630325381071515,2.091818409204602,32,3.4483151946240467,2.495785785785786,2000,0.5882689999999999
5,2000,2,3,36,0.0,0.502,13,2.5630325381071515,2.091818409204602,32,3.4513252174252305,2.5004484484484486,2000,0.5924535
5,2000,2,3,37,0.0,0.49939999999999996,13,2.5630325381071515,2.091818409204602,32,3.4477728477114686,2.495009009009009,2000,0.587017
5,2000,2,3,38,0.0,0.5038,13,2.5630325381071515,2.091818409204602,32,3.4516196438612887,2.49996996996997,2000,0.5924969999999998
5,2000,2,3,39,0.0,0.4978,13,2.5630325381071515,2.091818409204602,32,3.450140125601303,2.498244244244244,2000,0.5858085
5,2000,2,3,40,0.0,0.5016,13,2.5630325381071515,2.091818409204602,32,3.4498471256086214,2.5017297297297296,2000,0.5910365
5,2000,2,3,41,0.0,0.5032000000000001,13,2.5630325381071515,2.091818409204602,32,3.455062287118405,2.500812812812813,2000,0.593251
5,2000,2,3,42,0.0,0.5032000000000001,13,2.5630325381071515,2.091818409204602,32,3.4495904608061965,2.4984184184184186,2000,0.594835
5,2000,2,3,43,0.0,0.496,13,2.5630325381071515,2.091818409204602,32,3.449464199225991,2.500092092092092,2000,0.586062
5,2000,2,3,44,0.0,0.503,13,2.5630325381071515,2.091818409204602,32,3.4466574899062703,2.495345345345345,2000,0.5968089999999999
5,2000,2,3,45,0.0,0.494,13,2.5630325381071515,2.091818409204602,32,3.450279979916755,2.5017337337337335,2000,0.586569
5,2000,2,3,46,0.0,0.5002,13,2.5630325381071515,2.091818409204602,32,3.45089624585411,2.4996536536536538,2000,0.5925765000000001
5,2000,2,3,47,0.0,0.506,13,2.5630325381071515,2.091818409204602,32,3.4546349791399416,2.501253253253253,2000,0.5954169999999999
5,2000,2,3,48,0.0,0.49460000000000004,13,2.5630325381071515,2.091818409204602,32,3.4480053360505387,2.4952572572572573,2000,0.5896849999999999
5,2000,2,3,49,0.0,0.49,13,2.5630325381071515,2.091818409204602,32,3.450061706022548,2.4994554554554553,2000,0.5844345
5,2000,2,3,50,0.0,0.4998000000000001,13,2.5630325381071515,2.091818409204602,32,3.4513329916499655,2.4962262262262263,2000,0.5977355
5,2000,2,3,51,0.0,0.496,13,2.5630325381071515,2.091818409204602,32,3.451503962378693,2.5011091091091093,2000,0.586057
5,2000,2,3,52,0.0,0.496,13,2.5630325381071515,2.091818409204602,32,3.452652868292068,2.5007047047047046,2000,0.5931575
5,2000,2,3,53,0.0,0.4958000000000001,13,2.5630325381071515,2.091818409204602,32,3.4483246947393376,2.5004584584584584,2000,0.5918069999999999
5,2000,2,3,54,0.0,0.49520000000000003,13,2.5630325381071515,2.091818409204602,32,3.452697745755969,2.5009369369369367,2000,0.588556
5,2000,2,3,55,0.0,0.5024,13,2.5630325381071515,2.091818409204602,32,3.4442222496100348,2.5003843843843843,2000,0.5903900000000001
5,2000,2,3,56,0.0,0.5052000000000001,13,2.5630325381071515,2.091818409204602,32,3.453239702981423,2.5007447447447446,2000,0.5996925000000001
5,2000,2,3,57,0.0,0.49460000000000004,13,2.5630325381071515,2.091818409204602,32,3.4554988905747845,2.5004184184184184,2000,0.585622
5,2000,2,3,58,0.0,0.499,13,2.5630325381071515,2.091818409204602,32,3.4514265588496587,2.5003823823823823,2000,0.5898614999999999
5,2000,2,3,59,0.0,0.49339999999999995,13,2.5630325381071515,2.091818409204602,32,3.450325920670144,2.5003783783783784,2000,0.5852554999999999
5,2000,2,3,60,0.0,0.5006,13,2.5630325381071515,2.091818409204602,32,3.4534226270497355,2.500122122122122,2000,0.586907
5,2000,2,3,61,0.0,0.5014000000000001,13,2.5630325381071515,2.091818409204602,32,3.454768286875246,2.500774774774775,2000,0.5928589999999999
5,2000,2,3,62,0.0,0.5066,13,2.5630325381071515,2.091818409204602,32,3.448597990458684,2.4983323323323323,2000,0.5983025
5,2000,2,3,63,0.0,0.4974,13,2.5630325381071515,2.091818409204602,32,3.4491773426062857,2.50021021021021,2000,0.589905
5,2000,2,3,64,0.0,0.49319999999999997,13,2.5630325381071515,2.091818409204602,32,3.4479049421159136,2.5,2000,0.586564
5,2000,2,3,65,0.0,0.49939999999999996,13,2.5630325381071515,2.091818409204602,32,3.447080565281685,2.497015015015015,2000,0.5928064999999999
5,2000,2,3,66,0.0,0.49920000000000003,13,2.5630325381071515,2.091818409204602,32,3.453892134464354,2.499059059059059,2000,0.5872479999999999
5,2000,2,3,67,0.0,0.5036,13,2.5630325381071515,2.091818409204602,32,3.450822948480077,2.499791791791792,2000,0.5962245
5,2000,2,3,68,0.0,0.4922,13,2.5630325381071515,2.091818409204602,32,3.4508524987191285,2.4976636636636638,2000,0.5887994999999999
5,2000,2,3,69,0.0,0.49840000000000007,13,2.5630325381071515,2.091818409204602,32,3.452306139328928,2.4998558558558557,2000,0.5880384999999999
5,2000,2,3,70,0.0,0.4964,13,2.5630325381071515,2.091818409204602,32,3.445958238757361,2.499983983983984,2000,0.5876224999999999
5,2000,2,3,71,0.0,0.4964,13,2.5630325381071515,2.091818409204602,32,3.451962924728537,2.499751751751752,2000,0.5853045
5,2000,2,3,72,0.0,0.5066,13,2.5630325381071515,2.091818409204602,32,3.447310198135799,2.499881881881882,2000,0.594769
5,2000,2,3,73,0.0,0.5002000000000001,13,2.5630325381071515,2.091818409204602,32,3.453792634674826,2.500806806806807,2000,0.5977104999999999
5,2000,2,3,74,0.0,0.5000000000000001,13,2.5630325381071515,2.091818409204602,32,3.446873979659274,2.5004884884884886,2000,0.5924005
5,2000,2,3,75,0.0,0.49560000000000004,13,2.5630325381071515,2.091818409204602,32,3.4500746534979525,2.499987987987988,2000,0.5915235
5,2000,2,3,76,0.0,0.5088,13,2.5630325381071515,2.091818409204602,32,3.4435372904072143,2.4981581581581582,2000,0.5981394999999999
5,2000,2,3,77,0.0,0.49520000000000003,13,2.5630325381071515,2.091818409204602,32,3.4418250818604172,2.49786986986987,2000,0.5839569999999998
5,2000,2,3,78,0.0,0.49140000000000006,13,2.5630325381071515,2.091818409204602,32,3.4459897721929456,2.4984124124124123,2000,0.5833514999999999
5,2000,2,3,79,0.0,0.49260000000000004,13,2.5630325381071515,2.091818409204602,32,3.4507494966681187,2.4967107107107105,2000,0.5865145
5,2000,2,3,80,0.0,0.505,13,2.5630325381071515,2.091818409204602,32,3.449504221492756,2.49767967967968,2000,0.5919449999999999
5,2000,2,3,81,0.0,0.5008,13,2.5630325381071515,2.091818409204602,32,3.448506462117596,2.4997557557557557,2000,0.5946745000000001
5,2000,2,3,82,0.0,0.49,13,2.5630325381071515,2.091818409204602,32,3.444936487569305,2.4942342342342343,2000,0.5818544999999999
5,2000,2,3,83,0.0,0.49380000000000007,13,2.5630325381071515,2.091818409204602,32,3.4540126482037214,2.4975995995995994,2000,0.5882445
5,2000,2,3,84,0.0,0.5016,13,2.5630325381071515,2.091818409204602,32,3.448985802024284,2.4938058058058057,2000,0.588069
5,2000,2,3,85,0.0,0.49660000000000004,13,2.5630325381071515,2.091818409204602,32,3.4538549156006004,2.498996996996997,2000,0.5909855
5,2000,2,3,86,0.0,0.49460000000000004,13,2.5630325381071515,2.091818409204602,32,3.4499200286840623,2.5006146146146144,2000,0.591419
5,2000,2,3,87,0.0,0.4974,13,2.5630325381071515,2.091818409204602,32,3.4489561332410066,2.500730730730731,2000,0.5893515
5,2000,2,3,88,0.0,0.5008,13,2.5630325381071515,2.091818409204602,32,3.449743876002404,2.4995075075075075,2000,0.588746
5,2000,2,3,89,0.0,0.49820000000000003,13,2.5630325381071515,2.091818409204602,32,3.451640366373374,2.49812012012012,2000,0.5886785
5,2000,2,3,90,0.0,0.4888,13,2.5630325381071515,2.091818409204602,32,3.4510531475867303,2.49985985985986,2000,0.5876675
5,2000,2,3,91,0.0,0.49080000000000007,13,2.5630325381071515,2.091818409204602,32,3.4423084296935422,2.495115115115115,2000,0.586989
5,2000,2,3,92,0.0,0.49720000000000003,13,2.5630325381071515,2.091818409204602,32,3.4500329412839346,2.4985665665665664,2000,0.5909009999999999
5,2000,2,3,93,0.0,0.4882,13,2.5630325381071515,2.091818409204602,32,3.4524413546859547,2.4996216216216216,2000,0.5848684999999999
5,2000,2,3,94,0.0,0.5008,13,2.5630325381071515,2.091818409204602,32,3.454422578128003,2.500948948948949,2000,0.5910799999999999
5,2000,2,3,95,0.0,0.5004000000000001,13,2.5630325381071515,2.091818409204602,32,3.450822648843662,2.5017257257257257,2000,0.5901214999999999
5,2000,2,3,96,0.0,0.4948000000000001,13,2.5630325381071515,2.091818409204602,32,3.4493202857987604,2.4988668668668668,2000,0.5903079999999999
5,2000,2,3,97,0.0,0.4958000000000001,13,2.5630325381071515,2.091818409204602,32,3.4529522680420026,2.49986986986987,2000,0.5886185
5,2000,2,3,98,0.0,0.49960000000000004,13,2.5630325381071515,2.091818409204602,32,3.4408276340554536,2.4936096096096096,2000,0.5859635
5,2000,2,3,99,0.0,0.49920000000000003,13,2.5630325381071515,2.091818409204602,32,3.4508223481630704,2.5001481481481482,2000,0.5910819999999999
5,2000,3,1,0,0.0,0.495,24,3.1733089061359205,2.4090140070035018,32,3.4569271578638316,2.50009009009009,2000,0.2524045
5,2000,3,1,1,0.0,0.5006,24,3.1733089061359205,2.4090140070035018,32,3.452690879095507,2.500178178178178,2000,0.250061
5,2000,3,1,2,0.0,0.4984,24,3.1733089061359205,2.4090140070035018,32,3.448549915715402,2.499087087087087,2000,0.25396949999999996
5,2000,3,1,3,0.0,0.5026,24,3.1733089061359205,2.4090140070035018,32,3.4520256299431376,2.4987087087087088,2000,0.253704
5,2000,3,1,4,0.0,0.4938,24,3.1733089061359205,2.4090140070035018,32,3.4507281472740345,2.5005345345345344,2000,0.2484855
5,2000,3,1,5,0.0,0.4974,24,3.1733089061359205,2.4090140070035018,32,3.4506414121396958,2.5012672672672673,2000,0.2515935
5,2000,3,1,6,0.0,0.49539999999999995,24,3.1733089061359205,2.4090140070035018,32,3.4557192310129397,2.501975975975976,2000,0.250788
5,2000,3,1,7,0.0,0.49340000000000006,24,3.1733089061359205,2.4090140070035018,32,3.4539358501580475,2.50035035035035,2000,0.24771300000000002
5,2000,3,1,8,0.0,0.49440000000000006,24,3.1733089061359205,2.4090140070035018,32,3.4494246574400242,2.5004004004004003,2000,0.2488215
5,2000,3,1,9,0.0,0.4954,24,3.1733089061359205,2.4090140070035018,32,3.448155062959028,2.497155155155155,2000,0.2534785
5,2000,3,1,10,0.0,0.4882,24,3.1733089061359205,2.4090140070035018,32,3.4481332405048457,2.499165165165165,2000,0.2496905
5,2000,3,1,11,0.0,0.49820000000000003,24,3.1733089061359205,2.4090140070035018,32,3.454418604933113,2.501951951951952,2000,0.24904900000000002
5,2000,3,1,12,0.0,0.49360000000000004,24,3.1733089061359205,2.4090140070035018,32,3.4516854199178697,2.5014134134134136,2000,0.24865049999999997
5,2000,3,1,13,0.0,0.49939999999999996,24,3.1733089061359205,2.4090140070035018,32,3.4572280873027212,2.500750750750751,2000,0.2536875
5,2000,3,1,14,0.0,0.4954,24,3.1733089061359205,2.4090140070035018,32,3.447218486075732,2.5002422422422423,2000,0.24789750000000002
5,2000,3,1,15,0.0,0.49920000000000003,24,3.1733089061359205,2.4090140070035018,32,3.4483955593466256,2.5013973973973975,2000,0.24988849999999999
5,2000,3,1,16,0.0,0.49180000000000007,24,3.1733089061359205,2.4090140070035018,32,3.456751296236,2.5002982982982984,2000,0.247883
5,2000,3,1,17,0.0,0.49720000000000003,24,3.1733089061359205,2.4090140070035018,32,3.4545093515080785,2.5015655655655658,2000,0.24877000000000005
5,2000,3,1,18,0.0,0.4984,24,3.1733089061359205,2.4090140070035018,32,3.457183569811225,2.500712712712713,2000,0.251936
5,2000,3,1,19,0.0,0.49560000000000004,24,3.1733089061359205,2.4090140070035018,32,3.451340669074326,2.4999319319319318,2000,0.251124
5,2000,3,1,20,0.0,0.48740000000000006,24,3.1733089061359205,2.4090140070035018,32,3.450789121531241,2.5005065065065066,2000,0.246366
5,2000,3,1,21,0.0,0.4892,24,3.1733089061359205,2.4090140070035018,32,3.4519349965326875,2.5000480480480483,2000,0.2479325
5,2000,3,1,22,0.0,0.4954,24,3.1733089061359205,2.4090140070035018,32,3.451598379661126,2.500926926926927,2000,0.24729950000000003
5,2000,3,1,23,0.0,0.505,24,3.1733089061359205,2.4090140070035018,32,3.4514877463726243,2.501239239239239,2000,0.249762
5,2000,3,1,24,0.0,0.4948000000000001,24,3.1733089061359205,2.4090140070035018,32,3.451365791112802,2.5007607607607607,2000,0.2514675
5,2000,3,1,25,0.0,0.49620000000000003,24,3.1733089061359205,2.4090140070035018,32,3.4516819076014955,2.5014394394394395,2000,0.2503695
5,2000,3,1,26,0.0,0.48860000000000003,24,3.1733089061359205,2.4090140070035018,32,3.4471082287235304,2.4985965965965966,2000,0.2483665
5,2000,3,1,27,0.0,0.4984,24,3.1733089061359205,2.4090140070035018,32,3.4567983657720047,2.5024104104104103,2000,0.25051650000000003
5,2000,3,1,28,0.0,0.4974,24,3.1733089061359205,2.4090140070035018,32,3.455131050705191,2.502068068068068,2000,0.24791700000000003
5,2000,3,1,29,0.0,0.49560000000000004,24,3.1733089061359205,2.4090140070035018,32,3.45465347977445,2.501753753753754,2000,0.2499135
5,2000,3,1,30,0.0,0.49340000000000006,24,3.1733089061359205,2.4090140070035018,32,3.4470606821848024,2.499933933933934,2000,0.251234
5,2000,3,1,31,0.0,0.49860000000000004,24,3.1733089061359205,2.4090140070035018,32,3.4577457417105184,2.501815815815816,2000,0.24973950000000003
5,2000,3,1,32,0.0,0.49720000000000003,24,3.1733089061359205,2.4090140070035018,32,3.4580730832541473,2.5013893893893893,2000,0.250902
5,2000,3,1,33,0.0,0.5004000000000001,24,3.1733089061359205,2.4090140070035018,32,3.45447052818054,2.501121121121121,2000,0.252778
5,2000,3,1,34,0.0,0.4922,24,3.1733089061359205,2.4090140070035018,32,3.450555292554561,2.5015235235235234,2000,0.24821449999999998
5,2000,3,1,35,0.0,0.489,24,3.1733089061359205,2.4090140070035018,32,3.4503882938024057,2.4995775775775777,2000,0.24410300000000001
5,2000,3,1,36,0.0,0.5006,24,3.1733089061359205,2.4090140070035018,32,3.450558401993036,2.50204004004004,2000,0.25126550000000003
5,2000,3,1,37,0.0,0.504,24,3.1733089061359205,2.4090140070035018,32,3.4531921710911204,2.499847847847848,2000,0.2526
5,2000,3,1,38,0.0,0.5006,24,3.1733089061359205,2.4090140070035018,32,3.4561262723972277,2.500366366366366,2000,0.253507
5,2000,3,1,39,0.0,0.5006,24,3.1733089061359205,2.4090140070035018,32,3.4527272721350006,2.502072072072072,2000,0.24854400000000001
5,2000,3,1,40,0.0,0.4978000000000001,24,3.1733089061359205,2.4090140070035018,32,3.4548608694657315,2.501119119119119,2000,0.2505555
5,2000,3,1,41,0.0,0.5006,24,3.1733089061359205,2.4090140070035018,32,3.454967496892247,2.5017837837837837,2000,0.248743
5,2000,3,1,42,0.0,0.49060000000000004,24,3.1733089061359205,2.4090140070035018,32,3.4533019994795215,2.500214214214214,2000,0.24976749999999998
5,2000,3,1,43,0.0,0.4958,24,3.1733089061359205,2.4090140070035018,32,3.450742303661709,2.4992612612612612,2000,0.24877700000000003
5,2000,3,1,44,0.0,0.502,24,3.1733089061359205,2.4090140070035018,32,3.4506715253873743,2.5020380380380383,2000,0.2509635
5,2000,3,1,45,0.0,0.4922,24,3.1733089061359205,2.4090140070035018,32,3.452475843986928,2.500890890890891,2000,0.24791899999999997
5,2000,3,1,46,0.0,0.4978000000000001,24,3.1733089061359205,2.4090140070035018,32,3.452517893709406,2.501067067067067,2000,0.2500235
5,2000,3,1,47,0.0,0.497,24,3.1733089061359205,2.4090140070035018,32,3.4475039152273528,2.501079079079079,2000,0.249411
5,2000,3,1,48,0.0,0.497,24,3.1733089061359205,2.4090140070035018,32,3.4530287519212743,2.5005665665665666,2000,0.250787
5,2000,3,1,49,0.0,0.4964,24,3.1733089061359205,2.4090140070035018,32,3.4513234872223637,2.5013773773773775,2000,0.250039
5,2000,3,1,50,0.0,0.498,24,3.1733089061359205,2.4090140070035018,32,3.4556213814791445,2.499943943943944,2000,0.25357850000000004
5,2000,3,1,51,0.0,0.4948,24,3.1733089061359205,2.4090140070035018,32,3.4486443547540406,2.4983343343343343,2000,0.25267300000000004
5,2000,3,1,52,0.0,0.502,24,3.1733089061359205,2.4090140070035018,32,3.4516019723654745,2.5015895895895897,2000,0.24978999999999998
5,2000,3,1,53,0.0,0.501,24,3.1733089061359205,2.4090140070035018,32,3.454351632907018,2.5021521521521524,2000,0.24936149999999999
5,2000,3,1,54,0.0,0.5056,24,3.1733089061359205,2.4090140070035018,32,3.453119279009284,2.5004804804804803,2000,0.253789
5,2000,3,1,55,0.0,0.5084,24,3.1733089061359205,2.4090140070035018,32,3.454948710404092,2.5006006006006007,2000,0.2529645
5,2000,3,1,56,0.0,0.5026,24,3.1733089061359205,2.4090140070035018,32,3.4522872509026556,2.501143143143143,2000,0.25192000000000003
5,2000,3,1,57,0.0,0.4938,24,3.1733089061359205,2.4090140070035018,32,3.4510143185062887,2.4998138138138137,2000,0.2518265
5,2000,3,1,58,0.0,0.49920000000000003,24,3.1733089061359205,2.4090140070035018,32,3.4478746309787587,2.5004044044044043,2000,0.251618
5,2000,3,1,59,0.0,0.4932,24,3.1733089061359205,2.4090140070035018,32,3.4546985738207594,2.4996796796796796,2000,0.251299
5,2000,3,1,60,0.0,0.5038,24,3.1733089061359205,2.4090140070035018,32,3.451313081194263,2.5011911911911913,2000,0.251609
5,2000,3,1,61,0.0,0.5022000000000001,24,3.1733089061359205,2.4090140070035018,32,3.4536938659978738,2.5015595595595594,2000,0.24963999999999997
5,2000,3,1,62,0.0,0.49420000000000003,24,3.1733089061359205,2.4090140070035018,32,3.454985340392565,2.501115115115115,2000,0.24800999999999998
5,2000,3,1,63,0.0,0.4988000000000001,24,3.1733089061359205,2.4090140070035018,32,3.4461589792143075,2.501661661661662,2000,0.2497775
5,2000,3,1,64,0.0,0.5046,24,3.1733089061359205,2.4090140070035018,32,3.4571733715608235,2.5010910910910913,2000,0.25154800000000005
5,2000,3,1,65,0.0,0.49460000000000004,24,3.1733089061359205,2.4090140070035018,32,3.4501756973338393,2.4992932932932934,2000,0.248082
5,2000,3,1,66,0.0,0.492,24,3.1733089061359205,2.4090140070035018,32,3.451077406502186,2.4997357357357357,2000,0.2481565
5,2000,3,1,67,0.0,0.501,24,3.1733089061359205,2.4090140070035018,32,3.4562215166376573,2.5008788788788787,2000,0.251341
5,2000,3,1,68,0.0,0.49360000000000004,24,3.1733089061359205,2.4090140070035018,32,3.4540480080951177,2.5004764764764764,2000,0.2495325
5,2000,3,1,69,0.0,0.49820000000000003,24,3.1733089061359205,2.4090140070035018,32,3.4558207326828008,2.5023523523523523,2000,0.2493615
5,2000,3,1,70,0.0,0.49460000000000004,24,3.1733089061359205,2.4090140070035018,32,3.4469205516738217,2.4994134134134134,2000,0.24983750000000002
5,2000,3,1,71,0.0,0.4974,24,3.1733089061359205,2.4090140070035018,32,3.4576336015196967,2.5005305305305305,2000,0.2521865
5,2000,3,1,72,0.0,0.5074000000000001,24,3.1733089061359205,2.4090140070035018,32,3.4563296784027675,2.5012832832832834,2000,0.2518565
5,2000,3,1,73,0.0,0.48860000000000003,24,3.1733089061359205,2.4090140070035018,32,3.453915842370754,2.5003463463463462,2000,0.24896999999999997
5,2000,3,1,74,0.0,0.49439999999999995,24,3.1733089061359205,2.4090140070035018,32,3.4549789276344227,2.500064064064064,2000,0.25226550000000003
5,2000,3,1,75,0.0,0.49560000000000004,24,3.1733089061359205,2.4090140070035018,32,3.4539336072987075,2.5004404404404403,2000,0.2509985
5,2000,3,1,76,0.0,0.502,24,3.1733089061359205,2.4090140070035018,32,3.447708595105079,2.500232232232232,2000,0.253507
5,2000,3,1,77,0.0,0.49040000000000006,24,3.1733089061359205,2.4090140070035018,32,3.4514689940226866,2.500808808808809,2000,0.246654
5,2000,3,1,78,0.0,0.49960000000000004,24,3.1733089061359205,2.4090140070035018,32,3.4483191328764122,2.5012812812812815,2000,0.247702
5,2000,3,1,79,0.0,0.4988,24,3.1733089061359205,2.4090140070035018,32,3.459097767178847,2.502126126126126,2000,0.24981850000000003
5,2000,3,1,80,0.0,0.5092,24,3.1733089061359205,2.4090140070035018,32,3.444143600405765,2.5014974974974975,2000,0.252394
5,2000,3,1,81,0.0,0.5018,24,3.1733089061359205,2.4090140070035018,32,3.451443653957595,2.50195995995996,2000,0.25042400000000004
5,2000,3,1,82,0.0,0.5064000000000001,24,3.1733089061359205,2.4090140070035018,32,3.4479627346390913,2.500712712712713,2000,0.253628
5,2000,3,1,83,0.0,0.5002000000000001,24,3.1733089061359205,2.4090140070035018,32,3.4546730729182116,2.502104104104104,2000,0.2502805
5,2000,3,1,84,0.0,0.4954,24,3.1733089061359205,2.4090140070035018,32,3.4508847175624657,2.5008788788788787,2000,0.24976150000000003
5,2000,3,1,85,0.0,0.49760000000000004,24,3.1733089061359205,2.4090140070035018,32,3.4546454395574573,2.501957957957958,2000,0.252158
5,2000,3,1,86,0.0,0.49960000000000004,24,3.1733089061359205,2.4090140070035018,32,3.4517988173640965,2.5016256256256257,2000,0.2515785
5,2000,3,1,87,0.0,0.4964,24,3.1733089061359205,2.4090140070035018,32,3.4556487534177993,2.5019619619619617,2000,0.24801100000000004
5,2000,3,1,88,0.0,0.5048,24,3.1733089061359205,2.4090140070035018,32,3.45551989624313,2.501101101101101,2000,0.25221899999999997
5,2000,3,1,89,0.0,0.5006,24,3.1733089061359205,2.4090140070035018,32,3.4572294731175273,2.502104104104104,2000,0.24996750000000004
5,2000,3,1,90,0.0,0.4974,24,3.1733089061359205,2.4090140070035018,32,3.457075818590975,2.5007667667667666,2000,0.2510255
5,2000,3,1,91,0.0,0.49520000000000003,24,3.1733089061359205,2.4090140070035018,32,3.45349746368179,2.4994634634634636,2000,0.2517535
5,2000,3,1,92,0.0,0.5044,24,3.1733089061359205,2.4090140070035018,32,3.4527575150791865,2.5018258258258257,2000,0.2502495
5,2000,3,1,93,0.0,0.48760000000000003,24,3.1733089061359205,2.4090140070035018,32,3.4467566739553184,2.5001681681681682,2000,0.2459895
5,2000,3,1,94,0.0,0.5106,24,3.1733089061359205,2.4090140070035018,32,3.4498639817384493,2.5013473473473473,2000,0.252222
5,2000,3,1,95,0.0,0.5066,24,3.1733089061359205,2.4090140070035018,32,3.451216336694619,2.5015995995995994,2000,0.25097800000000003
5,2000,3,1,96,0.0,0.4928,24,3.1733089061359205,2.4090140070035018,32,3.4536554466714597,2.499203203203203,2000,0.25024650000000004
5,2000,3,1,97,0.0,0.498,24,3.1733089061359205,2.4090140070035018,32,3.4522043192699536,2.4995875875875875,2000,0.25202199999999997
5,2000,3,1,98,0.0,0.49700000000000005,24,3.1733089061359205,2.4090140070035018,32,3.4507743038425565,2.5005505505505505,2000,0.2527815
5,2000,3,1,99,0.0,0.49760000000000004,24,3.1733089061359205,2.4090140070035018,32,3.455909779757785,2.502186186186186,2000,0.2510235
5,2000,3,2,0,0.0,0.5,24,3.172973436093762,2.4166038019009504,32,3.4542514879213293,2.501217217217217,2000,0.251691
5,2000,3,2,1,0.0,0.5112000000000001,24,3.172973436093762,2.4166038019009504,32,3.448664228995768,2.498942942942943,2000,0.2528775
5,2000,3,2,2,0.0,0.499,24,3.172973436093762,2.4166038019009504,32,3.447064872423396,2.501583583583584,2000,0.248294
5,2000,3,2,3,0.0,0.5016,24,3.172973436093762,2.4166038019009504,32,3.444489885436767,2.4980580580580583,2000,0.247969
5,2000,3,2,4,0.0,0.5018,24,3.172973436093762,2.4166038019009504,32,3.446490051100845,2.50212012012012,2000,0.25037099999999995
5,2000,3,2,5,0.0,0.5032000000000001,24,3.172973436093762,2.4166038019009504,32,3.4479969365913368,2.5015895895895897,2000,0.25012599999999996
5,2000,3,2,6,0.0,0.5036,24,3.172973436093762,2.4166038019009504,32,3.451560712312882,2.500868868868869,2000,0.25006300000000004
5,2000,3,2,7,0.0,0.512,24,3.172973436093762,2.4166038019009504,32,3.4482514189729923,2.5005685685685686,2000,0.2550015
5,2000,3,2,8,0.0,0.5102000000000001,24,3.172973436093762,2.4166038019009504,32,3.4361934973529076,2.4975315315315316,2000,0.2564915
5,2000,3,2,9,0.0,0.5024,24,3.172973436093762,2.4166038019009504,32,3.4466220670996384,2.498746746746747,2000,0.24966400000000002
5,2000,3,2,10,0.0,0.5064,24,3.172973436093762,2.4166038019009504,32,3.4514002683886464,2.500056056056056,2000,0.250999
5,2000,3,2,11,0.0,0.5052,24,3.172973436093762,2.4166038019009504,32,3.4518524804904387,2.499791791791792,2000,0.2539015
5,2000,3,2,12,0.0,0.49739999999999995,24,3.172973436093762,2.4166038019009504,32,3.4501737559786467,2.501623623623624,2000,0.24869550000000004
5,2000,3,2,13,0.0,0.5022000000000001,24,3.172973436093762,2.4166038019009504,32,3.4517371069910787,2.5011671671671674,2000,0.2504635
5,2000,3,2,14,0.0,0.5042000000000001,24,3.172973436093762,2.4166038019009504,32,3.4447863348165417,2.4975115115115116,2000,0.249794
5,2000,3,2,15,0.0,0.5058,24,3.172973436093762,2.4166038019009504,32,3.444452316775752,2.4999139139139137,2000,0.2524715
5,2000,3,2,16,0.0,0.5036,24,3.172973436093762,2.4166038019009504,32,3.4456287417127536,2.4996636636636635,2000,0.25005550000000004
5,2000,3,2,17,0.0,0.5064,24,3.172973436093762,2.4166038019009504,32,3.4457222583089546,2.4995115115115114,2000,0.254276
5,2000,3,2,18,0.0,0.5136000000000001,24,3.172973436093762,2.4166038019009504,32,3.450269168524088,2.4996076076076075,2000,0.2511885
5,2000,3,2,19,0.0,0.503,24,3.172973436093762,2.4166038019009504,32,3.450244755241404,2.5016836836836838,2000,0.249975
5,2000,3,2,20,0.0,0.5028,24,3.172973436093762,2.4166038019009504,32,3.4475349609623054,2.5016936936936935,2000,0.2502685
5,2000,3,2,21,0.0,0.5048,24,3.172973436093762,2.4166038019009504,32,3.4529058567825337,2.501621621621622,2000,0.2523995
5,2000,3,2,22,0.0,0.5097999999999999,24,3.172973436093762,2.4166038019009504,32,3.446779771793709,2.49802002002002,2000,0.250104
5,2000,3,2,23,0.0,0.5016,24,3.172973436093762,2.4166038019009504,32,3.4497284796675087,2.500772772772773,2000,0.251983
5,2000,3,2,24,0.0,0.4998000000000001,24,3.172973436093762,2.4166038019009504,32,3.448278814247975,2.500078078078078,2000,0.2479375
5,2000,3,2,25,0.0,0.49860000000000004,24,3.172973436093762,2.4166038019009504,32,3.452718725676787,2.501007007007007,2000,0.2475285
5,2000,3,2,26,0.0,0.5022000000000001,24,3.172973436093762,2.4166038019009504,32,3.4461552399894346,2.500914914914915,2000,0.249036
5,2000,3,2,27,0.0,0.5064,24,3.172973436093762,2.4166038019009504,32,3.448895680060116,2.499927927927928,2000,0.252226
5,2000,3,2,28,0.0,0.491,24,3.172973436093762,2.4166038019009504,32,3.444702720776237,2.5012992992992995,2000,0.2478965
5,2000,3,2,29,0.0,0.5034,24,3.172973436093762,2.4166038019009504,32,3.453797534682728,2.502008008008008,2000,0.251288
5,2000,3,2,30,0.0,0.49779999999999996,24,3.172973436093762,2.4166038019009504,32,3.4460303999387283,2.501019019019019,2000,0.24896249999999998
5,2000,3,2,31,0.0,0.5004,24,3.172973436093762,2.4166038019009504,32,3.449537039914776,2.5013773773773775,2000,0.24986250000000002
5,2000,3,2,32,0.0,0.5107999999999999,24,3.172973436093762,2.4166038019009504,32,3.4470814650479253,2.4993153153153154,2000,0.25553400000000004
5,2000,3,2,33,0.0,0.517,24,3.172973436093762,2.4166038019009504,32,3.4473133530759625,2.4988688688688687,2000,0.25569400000000003
5,2000,3,2,34,0.0,0.5038,24,3.172973436093762,2.4166038019009504,32,3.451145253770984,2.501279279279279,2000,0.249674
5,2000,3,2,35,0.0,0.5114,24,3.172973436093762,2.4166038019009504,32,3.4495694143035385,2.49818018018018,2000,0.250821
5,2000,3,2,36,0.0,0.504,24,3.172973436093762,2.4166038019009504,32,3.443558643202641,2.5009169169169168,2000,0.24959900000000002
5,2000,3,2,37,0.0,0.5056,24,3.172973436093762,2.4166038019009504,32,3.449607792284892,2.4994154154154153,2000,0.2506425
5,2000,3,2,38,0.0,0.5006,24,3.172973436093762,2.4166038019009504,32,3.4556586326919945,2.5008588588588587,2000,0.2515315
5,2000,3,2,39,0.0,0.5142,24,3.172973436093762,2.4166038019009504,32,3.445010763318094,2.4987127127127127,2000,0.25580500000000006
5,2000,3,2,40,0.0,0.49979999999999997,24,3.172973436093762,2.4166038019009504,32,3.44402995148556,2.4996256256256255,2000,0.248927
5,2000,3,2,41,0.0,0.502,24,3.172973436093762,2.4166038019009504,32,3.447579456679628,2.5022142142142143,2000,0.2536815
5,2000,3,2,42,0.0,0.5042000000000001,24,3.172973436093762,2.4166038019009504,32,3.4533375472105385,2.5016756756756755,2000,0.2491995
5,2000,3,2,43,0.0,0.5046,24,3.172973436093762,2.4166038019009504,32,3.4497907487195354,2.501735735735736,2000,0.2527475
5,2000,3,2,44,0.0,0.5084,24,3.172973436093762,2.4166038019009504,32,3.452902711901129,2.5004404404404403,2000,0.2515875
5,2000,3,2,45,0.0,0.499,24,3.172973436093762,2.4166038019009504,32,3.451316500643702,2.5007787787787787,2000,0.24991249999999998
5,2000,3,2,46,0.0,0.505,24,3.172973436093762,2.4166038019009504,32,3.452955051688283,2.501067067067067,2000,0.2499815
5,2000,3,2,47,0.0,0.5026,24,3.172973436093762,2.4166038019009504,32,3.455475414283524,2.5003983983983984,2000,0.2514775
5,2000,3,2,48,0.0,0.5044,24,3.172973436093762,2.4166038019009504,32,3.44726253391418,2.5010530530530533,2000,0.24967450000000002
5,2000,3,2,49,0.0,0.5114,24,3.172973436093762,2.4166038019009504,32,3.443938807296982,2.4976676676676677,2000,0.25196599999999997
5,2000,3,2,50,0.0,0.5074,24,3.172973436093762,2.4166038019009504,32,3.4486837722195256,2.5016756756756755,2000,0.25105500000000003
5,2000,3,2,51,0.0,0.49960000000000004,24,3.172973436093762,2.4166038019009504,32,3.451377044491868,2.498742742742743,2000,0.25064000000000003
5,2000,3,2,52,0.0,0.5092000000000001,24,3.172973436093762,2.4166038019009504,32,3.436660410275608,2.4995835835835836,2000,0.2508405
5,2000,3,2,53,0.0,0.5096,24,3.172973436093762,2.4166038019009504,32,3.4454978880589353,2.500768768768769,2000,0.252195
5,2000,3,2,54,0.0,0.5018,24,3.172973436093762,2.4166038019009504,32,3.450641698238128,2.5007267267267266,2000,0.24970649999999997
5,2000,3,2,55,0.0,0.5097999999999999,24,3.172973436093762,2.4166038019009504,32,3.4510441785447967,2.500950950950951,2000,0.25308200000000003
5,2000,3,2,56,0.0,0.5046,24,3.172973436093762,2.4166038019009504,32,3.4454122670275167,2.4977517517517516,2000,0.25057799999999997
5,2000,3,2,57,0.0,0.497,24,3.172973436093762,2.4166038019009504,32,3.442350796878645,2.4997057057057055,2000,0.246805
5,2000,3,2,58,0.0,0.49820000000000003,24,3.172973436093762,2.4166038019009504,32,3.451123114607285,2.5013313313313312,2000,0.252481
5,2000,3,2,59,0.0,0.5,24,3.172973436093762,2.4166038019009504,32,3.4506836021841787,2.5014174174174175,2000,0.2492155
5,2000,3,2,60,0.0,0.49739999999999995,24,3.172973436093762,2.4166038019009504,32,3.447481917145695,2.50035035035035,2000,0.24882549999999998
5,2000,3,2,61,0.0,0.5106,24,3.172973436093762,2.4166038019009504,32,3.446804007623288,2.499633633633634,2000,0.2529495
5,2000,3,2,62,0.0,0.5118,24,3.172973436093762,2.4166038019009504,32,3.4463283918584495,2.500846846846847,2000,0.2527435
5,2000,3,2,63,0.0,0.509,24,3.172973436093762,2.4166038019009504,32,3.4442542567482124,2.4987087087087088,2000,0.2543745
5,2000,3,2,64,0.0,0.506,24,3.172973436093762,2.4166038019009504,32,3.4520039604087382,2.5014894894894897,2000,0.25148750000000003
5,2000,3,2,65,0.0,0.507,24,3.172973436093762,2.4166038019009504,32,3.4491716522671805,2.499861861861862,2000,0.251897
5,2000,3,2,66,0.0,0.516,24,3.172973436093762,2.4166038019009504,32,3.4504474953327433,2.4992792792792793,2000,0.2541405
5,2000,3,2,67,0.0,0.5112000000000001,24,3.172973436093762,2.4166038019009504,32,3.450584844665451,2.5001681681681682,2000,0.2529355
5,2000,3,2,68,0.0,0.5177999999999999,24,3.172973436093762,2.4166038019009504,32,3.449622113409548,2.4981561561561563,2000,0.2550045
5,2000,3,2,69,0.0,0.5016,24,3.172973436093762,2.4166038019009504,32,3.4555887863982706,2.50203003003003,2000,0.24909449999999997
5,2000,3,2,70,0.0,0.5056,24,3.172973436093762,2.4166038019009504,32,3.4532948078824726,2.501897897897898,2000,0.25322449999999996
5,2000,3,2,71,0.0,0.4998000000000001,24,3.172973436093762,2.4166038019009504,32,3.4462074830089153,2.5013313313313312,2000,0.2525675
5,2000,3,2,72,0.0,0.5097999999999999,24,3.172973436093762,2.4166038019009504,32,3.44772749129083,2.499073073073073,2000,0.25444800000000006
5,2000,3,2,73,0.0,0.5214,24,3.172973436093762,2.4166038019009504,32,3.4489884664690607,2.4955775775775777,2000,0.2555435
5,2000,3,2,74,0.0,0.49720000000000003,24,3.172973436093762,2.4166038019009504,32,3.4504161092183763,2.5015215215215214,2000,0.251429
5,2000,3,2,75,0.0,0.495,24,3.172973436093762,2.4166038019009504,32,3.455979234367046,2.5003223223223223,2000,0.24792600000000004
5,2000,3,2,76,0.0,0.5054,24,3.172973436093762,2.4166038019009504,32,3.454127993616874,2.5005425425425427,2000,0.252253
5,2000,3,2,77,0.0,0.504,24,3.172973436093762,2.4166038019009504,32,3.4464024756439535,2.5014734734734736,2000,0.2537565
5,2000,3,2,78,0.0,0.514,24,3.172973436093762,2.4166038019009504,32,3.4444806015643277,2.4991031031031032,2000,0.25020349999999997
5,2000,3,2,79,0.0,0.5074,24,3.172973436093762,2.4166038019009504,32,3.4483122767900394,2.501239239239239,2000,0.2508095
5,2000,3,2,80,0.0,0.5024000000000001,24,3.172973436093762,2.4166038019009504,32,3.4523628863435305,2.5017137137137135,2000,0.25128649999999997
5,2000,3,2,81,0.0,0.5014,24,3.172973436093762,2.4166038019009504,32,3.44375960025493,2.499285285285285,2000,0.2490405
5,2000,3,2,82,0.0,0.5062000000000001,24,3.172973436093762,2.4166038019009504,32,3.4493055707834905,2.498984984984985,2000,0.254338
5,2000,3,2,83,0.0,0.5136000000000001,24,3.172973436093762,2.4166038019009504,32,3.449660235563358,2.499971971971972,2000,0.253905
5,2000,3,2,84,0.0,0.511,24,3.172973436093762,2.4166038019009504,32,3.4530453159532133,2.5004944944944945,2000,0.2533455
5,2000,3,2,85,0.0,0.49820000000000003,24,3.172973436093762,2.4166038019009504,32,3.4506604574360225,2.5012912912912912,2000,0.2491065
5,2000,3,2,86,0.0,0.5046,24,3.172973436093762,2.4166038019009504,32,3.4491869659816032,2.5008788788788787,2000,0.251771
5,2000,3,2,87,0.0,0.5004,24,3.172973436093762,2.4166038019009504,32,3.452398706118881,2.501217217217217,2000,0.25164500000000006
5,2000,3,2,88,0.0,0.515,24,3.172973436093762,2.4166038019009504,32,3.4460040843287985,2.4988528528528526,2000,0.256149
5,2000,3,2,89,0.0,0.5082000000000001,24,3.172973436093762,2.4166038019009504,32,3.4492931951003225,2.4992932932932934,2000,0.25225
5,2000,3,2,90,0.0,0.503,24,3.172973436093762,2.4166038019009504,32,3.449457733691863,2.5012232232232234,2000,0.250894
5,2000,3,2,91,0.0,0.49860000000000004,24,3.172973436093762,2.4166038019009504,32,3.448691123979928,2.4984284284284284,2000,0.25097450000000004
5,2000,3,2,92,0.0,0.501,24,3.172973436093762,2.4166038019009504,32,3.451034677672837,2.4996376376376377,2000,0.25040049999999997
5,2000,3,2,93,0.0,0.493,24,3.172973436093762,2.4166038019009504,32,3.448529443837356,2.5003743743743745,2000,0.244463
5,2000,3,2,94,0.0,0.5046,24,3.172973436093762,2.4166038019009504,32,3.451996820558012,2.5004544544544545,2000,0.2516965
5,2000,3,2,95,0.0,0.5137999999999999,24,3.172973436093762,2.4166038019009504,32,3.4487709192095863,2.5004584584584584,2000,0.253394
5,2000,3,2,96,0.0,0.5042000000000001,24,3.172973436093762,2.4166038019009504,32,3.451659397451758,2.500926926926927,2000,0.24794549999999999
5,2000,3,2,97,0.0,0.5094,24,3.172973436093762,2.4166038019009504,32,3.452377169865091,2.4993533533533534,2000,0.25005
5,2000,3,2,98,0.0,0.49820000000000003,24,3.172973436093762,2.4166038019009504,32,3.4483619060554154,2.5009189189189187,2000,0.24640050000000002
5,2000,3,2,99,0.0,0.5107999999999999,24,3.172973436093762,2.4166038019009504,32,3.452366896433423,2.499303303303303,2000,0.251407
5,2000,3,3,0,0.0,0.5168,24,3.1726870887548433,2.3935772886443223,32,3.451947052885102,2.496948948948949,2000,0.254447
5,2000,3,3,1,0.0,0.5152,24,3.1726870887548433,2.3935772886443223,32,3.446272070521708,2.498838838838839,2000,0.2545405
5,2000,3,3,2,0.0,0.5046,24,3.1726870887548433,2.3935772886443223,32,3.447618260750442,2.500854854854855,2000,0.2479455
5,2000,3,3,3,0.0,0.5098,24,3.1726870887548433,2.3935772886443223,32,3.4495647902659172,2.500214214214214,2000,0.251095
5,2000,3,3,4,0.0,0.5076,24,3.1726870887548433,2.3935772886443223,32,3.4497541575413555,2.4995115115115114,2000,0.252679
5,2000,3,3,5,0.0,0.5076,24,3.1726870887548433,2.3935772886443223,32,3.4423502408486377,2.5007287287287285,2000,0.250477
5,2000,3,3,6,0.0,0.4994,24,3.1726870887548433,2.3935772886443223,32,3.4544849593747955,2.5015275275275277,2000,0.24650550000000002
5,2000,3,3,7,0.0,0.5102000000000001,24,3.1726870887548433,2.3935772886443223,32,3.4517260865073363,2.5007427427427427,2000,0.2524105
5,2000,3,3,8,0.0,0.5154000000000001,24,3.1726870887548433,2.3935772886443223,32,3.454774711773779,2.499725725725726,2000,0.25385
5,2000,3,3,9,0.0,0.5114000000000001,24,3.1726870887548433,2.3935772886443223,32,3.448513965430631,2.4994174174174173,2000,0.2504675
5,2000,3,3,10,0.0,0.506,24,3.1726870887548433,2.3935772886443223,32,3.446204407770117,2.499935935935936,2000,0.24733650000000001
5,2000,3,3,11,0.0,0.5098,24,3.1726870887548433,2.3935772886443223,32,3.451378310774247,2.500982982982983,2000,0.251035
5,2000,3,3,12,0.0,0.49940000000000007,24,3.1726870887548433,2.3935772886443223,32,3.445158196333636,2.501107107107107,2000,0.24509550000000002
5,2000,3,3,13,0.0,0.5044000000000001,24,3.1726870887548433,2.3935772886443223,32,3.450703126753811,2.5017257257257257,2000,0.24831099999999998
5,2000,3,3,14,0.0,0.5128,24,3.1726870887548433,2.3935772886443223,32,3.4484303918211436,2.498962962962963,2000,0.2520635
5,2000,3,3,15,0.0,0.5088,24,3.1726870887548433,2.3935772886443223,32,3.452436209464462,2.4982542542542543,2000,0.24834299999999998
5,2000,3,3,16,0.0,0.51,24,3.1726870887548433,2.3935772886443223,32,3.4479415730183662,2.5003843843843843,2000,0.252868
5,2000,3,3,17,0.0,0.5072000000000001,24,3.1726870887548433,2.3935772886443223,32,3.4537428522961067,2.501117117117117,2000,0.2512615
5,2000,3,3,18,0.0,0.5038,24,3.1726870887548433,2.3935772886443223,32,3.452407946199507,2.500982982982983,2000,0.2482005
5,2000,3,3,19,0.0,0.5094000000000001,24,3.1726870887548433,2.3935772886443223,32,3.451202778400886,2.5006386386386388,2000,0.24864749999999997
5,2000,3,3,20,0.0,0.5092000000000001,24,3.1726870887548433,2.3935772886443223,32,3.4536555026631524,2.5014334334334336,2000,0.25033700000000003
5,2000,3,3,21,0.0,0.5074000000000001,24,3.1726870887548433,2.3935772886443223,32,3.446458590980103,2.499973973973974,2000,0.24723450000000002
5,2000,3,3,22,0.0,0.5034000000000001,24,3.1726870887548433,2.3935772886443223,32,3.4569637147836643,2.50167967967968,2000,0.2491865
5,2000,3,3,23,0.0,0.5134000000000001,24,3.1726870887548433,2.3935772886443223,32,3.4475956474580753,2.4982362362362363,2000,0.2508095
5,2000,3,3,24,0.0,0.5106,24,3.1726870887548433,2.3935772886443223,32,3.451083537309774,2.5003743743743745,2000,0.2510615
5,2000,3,3,25,0.0,0.5152,24,3.1726870887548433,2.3935772886443223,32,3.4468814030059494,2.4953273273273275,2000,0.2544435
5,2000,3,3,26,0.0,0.5158,24,3.1726870887548433,2.3935772886443223,32,3.4425523466759183,2.497931931931932,2000,0.2483
5,2000,3,3,27,0.0,0.512,24,3.1726870887548433,2.3935772886443223,32,3.4492907289459067,2.500696696696697,2000,0.25114600000000004
5,2000,3,3,28,0.0,0.5068,24,3.1726870887548433,2.3935772886443223,32,3.4527429339040188,2.499651651651652,2000,0.25035199999999996
5,2000,3,3,29,0.0,0.513,24,3.1726870887548433,2.3935772886443223,32,3.4527326899551927,2.499821821821822,2000,0.255218
5,2000,3,3,30,0.0,0.5018,24,3.1726870887548433,2.3935772886443223,32,3.4499477961655747,2.5005105105105105,2000,0.2495965
5,2000,3,3,31,0.0,0.5082000000000001,24,3.1726870887548433,2.3935772886443223,32,3.4505957438227455,2.49974974974975,2000,0.250407
5,2000,3,3,32,0.0,0.5098,24,3.1726870887548433,2.3935772886443223,32,3.4526108635010164,2.4998738738738737,2000,0.2470005
5,2000,3,3,33,0.0,0.5072000000000001,24,3.1726870887548433,2.3935772886443223,32,3.4447320262636163,2.500008008008008,2000,0.2481915
5,2000,3,3,34,0.0,0.5172,24,3.1726870887548433,2.3935772886443223,32,3.450136255740635,2.4985785785785786,2000,0.2536115
5,2000,3,3,35,0.0,0.511,24,3.1726870887548433,2.3935772886443223,32,3.4486414982833873,2.499981981981982,2000,0.2509945
5,2000,3,3,36,0.0,0.5074000000000001,24,3.1726870887548433,2.3935772886443223,32,3.4397600154686616,2.498940940940941,2000,0.250474
5,2000,3,3,37,0.0,0.5084000000000001,24,3.1726870887548433,2.3935772886443223,32,3.448329986828271,2.5003003003003004,2000,0.252162
5,2000,3,3,38,0.0,0.5108,24,3.1726870887548433,2.3935772886443223,32,3.4499236188209936,2.500736736736737,2000,0.24800500000000003
5,2000,3,3,39,0.0,0.5114000000000001,24,3.1726870887548433,2.3935772886443223,32,3.4469321581233165,2.4985245245245244,2000,0.24960899999999997
5,2000,3,3,40,0.0,0.5048,24,3.1726870887548433,2.3935772886443223,32,3.4430505286799447,2.498962962962963,2000,0.250213
5,2000,3,3,41,0.0,0.49720000000000003,24,3.1726870887548433,2.3935772886443223,32,3.449611115985898,2.5006446446446446,2000,0.24686200000000003
5,2000,3,3,42,0.0,0.5076,24,3.1726870887548433,2.3935772886443223,32,3.449205612170898,2.498806806806807,2000,0.250322
5,2000,3,3,43,0.0,0.5076,24,3.1726870887548433,2.3935772886443223,32,3.4497266922937753,2.501121121121121,2000,0.25141650000000004
5,2000,3,3,44,0.0,0.5076,24,3.1726870887548433,2.3935772886443223,32,3.4508430315952285,2.4995595595595597,2000,0.2506055
5,2000,3,3,45,0.0,0.5006,24,3.1726870887548433,2.3935772886443223,32,3.449774986180474,2.502048048048048,2000,0.25046250000000003
5,2000,3,3,46,0.0,0.5024000000000001,24,3.1726870887548433,2.3935772886443223,32,3.4490072739915405,2.5014014014014014,2000,0.25175200000000003
5,2000,3,3,47,0.0,0.5094000000000001,24,3.1726870887548433,2.3935772886443223,32,3.451460853702117,2.4996856856856855,2000,0.251404
5,2000,3,3,48,0.0,0.5164000000000001,24,3.1726870887548433,2.3935772886443223,32,3.4441215721889167,2.497781781781782,2000,0.254335
5,2000,3,3,49,0.0,0.511,24,3.1726870887548433,2.3935772886443223,32,3.444700911135519,2.4994854854854855,2000,0.2517465
5,2000,3,3,50,0.0,0.5062000000000001,24,3.1726870887548433,2.3935772886443223,32,3.4456750157064024,2.5007187187187188,2000,0.252327
5,2000,3,3,51,0.0,0.5066,24,3.1726870887548433,2.3935772886443223,32,3.4480878028953987,2.4984724724724723,2000,0.2552765
5,2000,3,3,52,0.0,0.5092000000000001,24,3.1726870887548433,2.3935772886443223,32,3.450961852995461,2.5008768768768768,2000,0.25007850000000004
5,2000,3,3,53,0.0,0.518,24,3.1726870887548433,2.3935772886443223,32,3.4526896433255785,2.498834834834835,2000,0.2531815
5,2000,3,3,54,0.0,0.5162,24,3.1726870887548433,2.3935772886443223,32,3.450801267530607,2.4995695695695694,2000,0.2516735
5,2000,3,3,55,0.0,0.515,24,3.1726870887548433,2.3935772886443223,32,3.448947460325625,2.4988528528528526,2000,0.252376
5,2000,3,3,56,0.0,0.5162,24,3.1726870887548433,2.3935772886443223,32,3.4512686422419883,2.4994854854854855,2000,0.252195
5,2000,3,3,57,0.0,0.5166000000000001,24,3.1726870887548433,2.3935772886443223,32,3.4514795069420154,2.499213213213213,2000,0.252769
5,2000,3,3,58,0.0,0.5116,24,3.1726870887548433,2.3935772886443223,32,3.4450820864941214,2.498938938938939,2000,0.25288350000000004
5,2000,3,3,59,0.0,0.5072000000000001,24,3.1726870887548433,2.3935772886443223,32,3.4480440540948596,2.5003963963963964,2000,0.246844
5,2000,3,3,60,0.0,0.5136000000000002,24,3.1726870887548433,2.3935772886443223,32,3.4487394473226716,2.499915915915916,2000,0.25016750000000004
5,2000,3,3,61,0.0,0.5016,24,3.1726870887548433,2.3935772886443223,32,3.4486666053031128,2.501793793793794,2000,0.24743449999999997
5,2000,3,3,62,0.0,0.5122000000000001,24,3.1726870887548433,2.3935772886443223,32,3.4481779509506456,2.497107107107107,2000,0.246317
5,2000,3,3,63,0.0,0.5118,24,3.1726870887548433,2.3935772886443223,32,3.4539626905469785,2.500214214214214,2000,0.2534745
5,2000,3,3,64,0.0,0.5104000000000001,24,3.1726870887548433,2.3935772886443223,32,3.4451736145917566,2.500736736736737,2000,0.2500835
5,2000,3,3,65,0.0,0.5048,24,3.1726870887548433,2.3935772886443223,32,3.4484332356160907,2.5017297297297296,2000,0.251247
5,2000,3,3,66,0.0,0.5116,24,3.1726870887548433,2.3935772886443223,32,3.452040521660676,2.500872872872873,2000,0.25303850000000006
5,2000,3,3,67,0.0,0.5096,24,3.1726870887548433,2.3935772886443223,32,3.452006928092053,2.5005525525525525,2000,0.24976300000000004
5,2000,3,3,68,0.0,0.5144000000000001,24,3.1726870887548433,2.3935772886443223,32,3.4510124385589562,2.4977657657657657,2000,0.253405
5,2000,3,3,69,0.0,0.5042000000000001,24,3.1726870887548433,2.3935772886443223,32,3.449564601676344,2.499897897897898,2000,0.24933249999999998
5,2000,3,3,70,0.0,0.5028,24,3.1726870887548433,2.3935772886443223,32,3.4483307201396736,2.500980980980981,2000,0.246255
5,2000,3,3,71,0.0,0.5074000000000001,24,3.1726870887548433,2.3935772886443223,32,3.45248604753931,2.4993213213213212,2000,0.252729
5,2000,3,3,72,0.0,0.5096,24,3.1726870887548433,2.3935772886443223,32,3.4480151357443143,2.50016016016016,2000,0.255156
5,2000,3,3,73,0.0,0.5158,24,3.1726870887548433,2.3935772886443223,32,3.4469162375034195,2.4964464464464466,2000,0.2528225
5,2000,3,3,74,0.0,0.512,24,3.1726870887548433,2.3935772886443223,32,3.450624458086782,2.5006486486486486,2000,0.25042200000000003
5,2000,3,3,75,0.0,0.515,24,3.1726870887548433,2.3935772886443223,32,3.446976759624954,2.4998138138138137,2000,0.2515125
5,2000,3,3,76,0.0,0.5126000000000001,24,3.1726870887548433,2.3935772886443223,32,3.446375361127183,2.499941941941942,2000,0.249267
5,2000,3,3,77,0.0,0.509,24,3.1726870887548433,2.3935772886443223,32,3.4457858330856377,2.499029029029029,2000,0.251782
5,2000,3,3,78,0.0,0.5106,24,3.1726870887548433,2.3935772886443223,32,3.449476454738165,2.495845845845846,2000,0.252778
5,2000,3,3,79,0.0,0.5122000000000001,24,3.1726870887548433,2.3935772886443223,32,3.451180438194527,2.5002062062062063,2000,0.25441199999999997
5,2000,3,3,80,0.0,0.5058,24,3.1726870887548433,2.3935772886443223,32,3.451547897978134,2.5006666666666666,2000,0.2505725
5,2000,3,3,81,0.0,0.5024000000000001,24,3.1726870887548433,2.3935772886443223,32,3.4480424685862925,2.5015055055055053,2000,0.248987
5,2000,3,3,82,0.0,0.5086,24,3.1726870887548433,2.3935772886443223,32,3.443335782573341,2.5002662662662662,2000,0.2525545
5,2000,3,3,83,0.0,0.512,24,3.1726870887548433,2.3935772886443223,32,3.4541749330930593,2.4993793793793793,2000,0.2505255
5,2000,3,3,84,0.0,0.5098,24,3.1726870887548433,2.3935772886443223,32,3.4505537541427165,2.5012072072072074,2000,0.250566
5,2000,3,3,85,0.0,0.5012000000000001,24,3.1726870887548433,2.3935772886443223,32,3.4579849496268142,2.5014654654654653,2000,0.24752100000000002
5,2000,3,3,86,0.0,0.5096,24,3.1726870887548433,2.3935772886443223,32,3.450359913648163,2.500212212212212,2000,0.2505205
5,2000,3,3,87,0.0,0.5048,24,3.1726870887548433,2.3935772886443223,32,3.45371717635994,2.4998718718718718,2000,0.2493555
5,2000,3,3,88,0.0,0.5098,24,3.1726870887548433,2.3935772886443223,32,3.4491528605770005,2.5005425425425427,2000,0.253506
5,2000,3,3,89,0.0,0.5012000000000001,24,3.1726870887548433,2.3935772886443223,32,3.455173682415237,2.5013253253253254,2000,0.2456445
5,2000,3,3,90,0.0,0.5136000000000001,24,3.1726870887548433,2.3935772886443223,32,3.4400009837792105,2.497953953953954,2000,0.247721
5,2000,3,3,91,0.0,0.5068,24,3.1726870887548433,2.3935772886443223,32,3.4570350335819775,2.5005205205205203,2000,0.25111700000000003
5,2000,3,3,92,0.0,0.5078,24,3.1726870887548433,2.3935772886443223,32,3.4522507646478413,2.5004384384384384,2000,0.25321150000000003
5,2000,3,3,93,0.0,0.5066,24,3.1726870887548433,2.3935772886443223,32,3.451210494373494,2.500714714714715,2000,0.2488575
5,2000,3,3,94,0.0,0.5072000000000001,24,3.1726870887548433,2.3935772886443223,32,3.446967780477217,2.500872872872873,2000,0.2520045
5,2000,3,3,95,0.0,0.5068,24,3.1726870887548433,2.3935772886443223,32,3.453256736432239,2.499711711711712,2000,0.2490745
5,2000,3,3,96,0.0,0.49800000000000005,24,3.1726870887548433,2.3935772886443223,32,3.4462748850132314,2.5002802802802804,2000,0.2466585
5,2000,3,3,97,0.0,0.508,24,3.1726870887548433,2.3935772886443223,32,3.453440135441721,2.500824824824825,2000,0.2532255
5,2000,3,3,98,0.0,0.5088,24,3.1726870887548433,2.3935772886443223,32,3.449345637155588,2.501085085085085,2000,0.251309
5,2000,3,3,99,0.0,0.504,24,3.1726870887548433,2.3935772886443223,32,3.4529408343951937,2.50213013013013,2000,0.25081200000000003
10,500,2,1,0,0.0,0.498,138,4.784921827826556,4.071951903807615,636,6.341373703629027,5.002522522522523,500,0.8602439999999999
10,500,2,1,1,0.0,0.5059,138,4.784921827826556,4.071951903807615,646,6.353928771349572,4.996842842842843,500,0.8658859999999999
10,500,2,1,2,0.0,0.5034,138,4.784921827826556,4.071951903807615,625,6.316600967469238,5.001197197197198,500,0.8649159999999999
10,500,2,1,3,0.0,0.499,138,4.784921827826556,4.071951903807615,633,6.328400908301941,5.0014774774774775,500,0.8622159999999999
10,500,2,1,4,0.0,0.5059,138,4.784921827826556,4.071951903807615,646,6.353577874304577,5.001587587587587,500,0.86486
10,500,2,1,5,0.0,0.5066,138,4.784921827826556,4.071951903807615,648,6.3551945278379405,5.001285285285285,500,0.866686
10,500,2,1,6,0.0,0.5049,138,4.784921827826556,4.071951903807615,648,6.354767603229974,4.999937937937938,500,0.8643099999999999
10,500,2,1,7,0.0,0.49870000000000003,138,4.784921827826556,4.071951903807615,642,6.349056880780655,5.001619619619619,500,0.860374
10,500,2,1,8,0.0,0.5022,138,4.784921827826556,4.071951903807615,637,6.328443027704225,4.99803003003003,500,0.8622940000000001
10,500,2,1,9,0.0,0.5051,138,4.784921827826556,4.071951903807615,625,6.323700872009482,4.998220220220221,500,0.862856
10,500,2,1,10,0.0,0.5013,138,4.784921827826556,4.071951903807615,628,6.326202884127174,5.001199199199199,500,0.863482
10,500,2,1,11,0.0,0.5053,138,4.784921827826556,4.071951903807615,621,6.3111458042889375,5.003617617617618,500,0.8626459999999999
10,500,2,1,12,0.0,0.49760000000000004,138,4.784921827826556,4.071951903807615,639,6.3421767253787635,5.001921921921922,500,0.8592540000000001
10,500,2,1,13,0.0,0.5002000000000001,138,4.784921827826556,4.071951903807615,638,6.34644694933345,5.00209009009009,500,0.860144
10,500,2,1,14,0.0,0.5012000000000001,138,4.784921827826556,4.071951903807615,641,6.346509861530874,5.002534534534535,500,0.86077
10,500,2,1,15,0.0,0.5004,138,4.784921827826556,4.071951903807615,638,6.3330719405576605,5.000228228228228,500,0.8618299999999999
10,500,2,1,16,0.0,0.5034000000000001,138,4.784921827826556,4.071951903807615,638,6.341400805695784,5.001965965965966,500,0.8626399999999999
10,500,2,1,17,0.0,0.5042000000000001,138,4.784921827826556,4.071951903807615,645,6.357834982893715,5.003435435435436,500,0.863412
10,500,2,1,18,0.0,0.5041,138,4.784921827826556,4.071951903807615,632,6.335103922905276,4.9996856856856855,500,0.864196
10,500,2,1,19,0.0,0.5028,138,4.784921827826556,4.071951903807615,642,6.351399657165123,4.999023023023023,500,0.8638720000000001
10,500,2,1,20,0.0,0.5028,138,4.784921827826556,4.071951903807615,641,6.341740603769375,5.001141141141141,500,0.863736
10,500,2,1,21,0.0,0.5048,138,4.784921827826556,4.071951903807615,636,6.333107253866016,5.002766766766767,500,0.863218
10,500,2,1,22,0.0,0.5015,138,4.784921827826556,4.071951903807615,659,6.377146780413595,5.002708708708709,500,0.86369
10,500,2,1,23,0.0,0.49510000000000004,138,4.784921827826556,4.071951903807615,627,6.31238205991826,4.998848848848849,500,0.86036
10,500,2,1,24,0.0,0.5044000000000001,138,4.784921827826556,4.071951903807615,626,6.317431091285731,4.999019019019019,500,0.8641460000000001
10,500,2,1,25,0.0,0.5014000000000001,138,4.784921827826556,4.071951903807615,624,6.315557358911514,5.001933933933934,500,0.8628879999999999
10,500,2,1,26,0.0,0.5055,138,4.784921827826556,4.071951903807615,634,6.341337893498361,5.00222022022022,500,0.8634859999999999
10,500,2,1,27,0.0,0.502,138,4.784921827826556,4.071951903807615,635,6.329463407684822,5.000784784784785,500,0.8627659999999999
10,500,2,1,28,0.0,0.5042000000000001,138,4.784921827826556,4.071951903807615,641,6.34766769868973,5.000900900900901,500,0.8651080000000001
10,500,2,1,29,0.0,0.5064000000000001,138,4.784921827826556,4.071951903807615,652,6.358912499612126,5.0014774774774775,500,0.8643899999999999
10,500,2,1,30,0.0,0.5038,138,4.784921827826556,4.071951903807615,647,6.351742342968519,5.000600600600601,500,0.860826
10,500,2,1,31,0.0,0.5041,138,4.784921827826556,4.071951903807615,634,6.338102081099975,5.000706706706707,500,0.863984
10,500,2,1,32,0.0,0.5047,138,4.784921827826556,4.071951903807615,651,6.357197506148819,5.00356956956957,500,0.863904
10,500,2,1,33,0.0,0.5045,138,4.784921827826556,4.071951903807615,623,6.3023900145428495,5.001255255255256,500,0.863978
10,500,2,1,34,0.0,0.4998,138,4.784921827826556,4.071951903807615,634,6.335951951787102,5.002414414414415,500,0.863078
10,500,2,1,35,0.0,0.5013,138,4.784921827826556,4.071951903807615,640,6.350013362804004,5.003009009009009,500,0.860836
10,500,2,1,36,0.0,0.5046,138,4.784921827826556,4.071951903807615,638,6.336622350932861,5.0008488488488485,500,0.862876
10,500,2,1,37,0.0,0.5045,138,4.784921827826556,4.071951903807615,630,6.327465752885738,5.003517517517517,500,0.860458
10,500,2,1,38,0.0,0.5119,138,4.784921827826556,4.071951903807615,651,6.353895360011196,4.998844844844845,500,0.869312
10,500,2,1,39,0.0,0.5021,138,4.784921827826556,4.071951903807615,645,6.344414966985835,5.002928928928929,500,0.86221
10,500,2,1,40,0.0,0.5025,138,4.784921827826556,4.071951903807615,645,6.354241467356406,5.001371371371372,500,0.862874
10,500,2,1,41,0.0,0.5027,138,4.784921827826556,4.071951903807615,639,6.34177401510775,4.9993293293293295,500,0.864422
10,500,2,1,42,0.0,0.5024,138,4.784921827826556,4.071951903807615,637,6.340195073675033,5.000608608608609,500,0.8598239999999999
10,500,2,1,43,0.0,0.5012000000000001,138,4.784921827826556,4.071951903807615,637,6.342263851913138,5.0033673673673675,500,0.861242
10,500,2,1,44,0.0,0.49770000000000003,138,4.784921827826556,4.071951903807615,643,6.347520547687736,5.001903903903904,500,0.8588720000000001
10,500,2,1,45,0.0,0.4974,138,4.784921827826556,4.071951903807615,641,6.351513885766256,4.998898898898899,500,0.8577440000000001
10,500,2,1,46,0.0,0.5051,138,4.784921827826556,4.071951903807615,636,6.337195013510353,5.002612612612612,500,0.8630540000000001
10,500,2,1,47,0.0,0.5005,138,4.784921827826556,4.071951903807615,628,6.319532791924699,5.002516516516517,500,0.8632539999999999
10,500,2,1,48,0.0,0.5005,138,4.784921827826556,4.071951903807615,625,6.3207627382824025,5.000838838838839,500,0.8614
10,500,2,1,49,0.0,0.5014000000000001,138,4.784921827826556,4.071951903807615,644,6.346082936922908,5.001141141141141,500,0.863296
10,500,2,1,50,0.0,0.4973,138,4.784921827826556,4.071951903807615,629,6.333152260998107,5.000162162162162,500,0.8606159999999999
10,500,2,1,51,0.0,0.5049,138,4.784921827826556,4.071951903807615,640,6.341695596637285,5.001623623623623,500,0.864658
10,500,2,1,52,0.0,0.5031,138,4.784921827826556,4.071951903807615,636,6.340676202416512,5.001319319319319,500,0.861758
10,500,2,1,53,0.0,0.5081,138,4.784921827826556,4.071951903807615,634,6.333279604964786,5.001667667667667,500,0.863918
10,500,2,1,54,0.0,0.4985,138,4.784921827826556,4.071951903807615,641,6.3473370976175625,5.001895895895896,500,0.8605360000000001
10,500,2,1,55,0.0,0.5022000000000001,138,4.784921827826556,4.071951903807615,637,6.33740457988746,5.000520520520521,500,0.862628
10,500,2,1,56,0.0,0.5049,138,4.784921827826556,4.071951903807615,633,6.343307460470863,4.999597597597598,500,0.8625219999999999
10,500,2,1,57,0.0,0.5025,138,4.784921827826556,4.071951903807615,634,6.327607083553627,4.999145145145145,500,0.8628879999999999
10,500,2,1,58,0.0,0.5056,138,4.784921827826556,4.071951903807615,628,6.327038828277772,5.000568568568569,500,0.8638879999999999
10,500,2,1,59,0.0,0.5018,138,4.784921827826556,4.071951903807615,657,6.365491057978586,5.0033313313313315,500,0.8586220000000001
10,500,2,1,60,0.0,0.5077,138,4.784921827826556,4.071951903807615,633,6.32770732545355,5.001251251251252,500,0.8656739999999999
10,500,2,1,61,0.0,0.5031,138,4.784921827826556,4.071951903807615,621,6.305721164717209,4.999817817817818,500,0.862072
10,500,2,1,62,0.0,0.5072,138,4.784921827826556,4.071951903807615,620,6.302052118439239,4.997313313313313,500,0.8660599999999999
10,500,2,1,63,0.0,0.4989,138,4.784921827826556,4.071951903807615,637,6.343196119599536,5.002412412412412,500,0.8624279999999999
10,500,2,1,64,0.0,0.5002000000000001,138,4.784921827826556,4.071951903807615,644,6.347372907748229,5.002850850850851,500,0.862884
10,500,2,1,65,0.0,0.5019,138,4.784921827826556,4.071951903807615,633,6.332132866777334,4.998336336336337,500,0.8588380000000001
10,500,2,1,66,0.0,0.5014,138,4.784921827826556,4.071951903807615,654,6.365151259904995,5.002418418418419,500,0.86478
10,500,2,1,67,0.0,0.49670000000000003,138,4.784921827826556,4.071951903807615,639,6.344806081463135,5.002016016016016,500,0.8599600000000001
10,500,2,1,68,0.0,0.5015000000000001,138,4.784921827826556,4.071951903807615,645,6.355829116853032,5.000578578578579,500,0.86038
10,500,2,1,69,0.0,0.5072000000000001,138,4.784921827826556,4.071951903807615,631,6.3280853245653015,5.001237237237238,500,0.867044
10,500,2,1,70,0.0,0.5085,138,4.784921827826556,4.071951903807615,626,6.321313088492923,4.999893893893894,500,0.864706
10,500,2,1,71,0.0,0.5068,138,4.784921827826556,4.071951903807615,645,6.354469924558669,5.00190990990991,500,0.863636
10,500,2,1,72,0.0,0.5058,138,4.784921827826556,4.071951903807615,638,6.3429855674626054,4.999735735735736,500,0.865978
10,500,2,1,73,0.0,0.5057,138,4.784921827826556,4.071951903807615,638,6.33778938509314,5.001135135135135,500,0.8633299999999999
10,500,2,1,74,0.0,0.5038,138,4.784921827826556,4.071951903807615,640,6.345785258251603,5.001381381381381,500,0.863214
10,500,2,1,75,0.0,0.49960000000000004,138,4.784921827826556,4.071951903807615,632,6.333928180681086,5.002026026026026,500,0.8591799999999998
10,500,2,1,76,0.0,0.5034,138,4.784921827826556,4.071951903807615,658,6.37571836665019,5.002222222222223,500,0.8629020000000001
10,500,2,1,77,0.0,0.5053,138,4.784921827826556,4.071951903807615,631,6.3251452888682405,5.002976976976977,500,0.8643160000000001
10,500,2,1,78,0.0,0.4974,138,4.784921827826556,4.071951903807615,635,6.335924849720346,5.0015575575575575,500,0.863146
10,500,2,1,79,0.0,0.5019,138,4.784921827826556,4.071951903807615,634,6.332262112713994,5.002,500,0.862986
10,500,2,1,80,0.0,0.5045000000000001,138,4.784921827826556,4.071951903807615,633,6.3319044095750705,4.999773773773774,500,0.86383
10,500,2,1,81,0.0,0.5022,138,4.784921827826556,4.071951903807615,650,6.357783666490007,5.0002922922922926,500,0.864096
10,500,2,1,82,0.0,0.5049,138,4.784921827826556,4.071951903807615,641,6.341626375168243,5.002428428428429,500,0.861774
10,500,2,1,83,0.0,0.5028,138,4.784921827826556,4.071951903807615,627,6.327291499816988,5.0033993993994,500,0.864192
10,500,2,1,84,0.0,0.5061,138,4.784921827826556,4.071951903807615,634,6.3286846002720365,5.0016156156156155,500,0.8637999999999999
10,500,2,1,85,0.0,0.5025,138,4.784921827826556,4.071951903807615,643,6.346462952428803,5.000598598598598,500,0.8628640000000001
10,500,2,1,86,0.0,0.5056,138,4.784921827826556,4.071951903807615,642,6.348584949040599,5.002334334334335,500,0.864992
10,500,2,1,87,0.0,0.49670000000000003,138,4.784921827826556,4.071951903807615,652,6.363013260197848,5.00195995995996,500,0.858836
10,500,2,1,88,0.0,0.5045,138,4.784921827826556,4.071951903807615,638,6.338880888512759,4.9995255255255255,500,0.865038
10,500,2,1,89,0.0,0.5048,138,4.784921827826556,4.071951903807615,628,6.3245189110947475,5.000156156156156,500,0.8651960000000001
10,500,2,1,90,0.0,0.501,138,4.784921827826556,4.071951903807615,635,6.335061803502991,5.001505505505506,500,0.8635619999999999
10,500,2,1,91,0.0,0.4978,138,4.784921827826556,4.071951903807615,642,6.348470720439467,5.00355955955956,500,0.861764
10,500,2,1,92,0.0,0.5033,138,4.784921827826556,4.071951903807615,638,6.345472562244768,5.002008008008008,500,0.862782
10,500,2,1,93,0.0,0.504,138,4.784921827826556,4.071951903807615,630,6.328557256305357,4.998886886886887,500,0.864454
10,500,2,1,94,0.0,0.5043,138,4.784921827826556,4.071951903807615,638,6.343717465773319,5.00216016016016,500,0.86364
10,500,2,1,95,0.0,0.5037,138,4.784921827826556,4.071951903807615,639,6.3356542731157965,5.001995995995996,500,0.864634
10,500,2,1,96,0.0,0.4999,138,4.784921827826556,4.071951903807615,640,6.351426759231881,5.003077077077077,500,0.856702
10,500,2,1,97,0.0,0.5009,138,4.784921827826556,4.071951903807615,634,6.330650248880415,5.001491491491492,500,0.861414
10,500,2,1,98,0.0,0.5029,138,4.784921827826556,4.071951903807615,630,6.32424202521858,5.000254254254254,500,0.863684
10,500,2,1,99,0.0,0.498,138,4.784921827826556,4.071951903807615,650,6.357128284679777,5.001593593593594,500,0.8599760000000001
10,500,2,2,0,0.0,0.49760000000000004,137,4.801694676097059,4.082300601202405,617,6.30455413055693,5.000760760760761,500,0.859964
10,500,2,2,1,0.0,0.5,137,4.801694676097059,4.082300601202405,630,6.318958227377226,4.9993073073073075,500,0.8596159999999999
10,500,2,2,2,0.0,0.4981999999999999,137,4.801694676097059,4.082300601202405,627,6.3244767916924625,4.999263263263264,500,0.860438
10,500,2,2,3,0.0,0.5002,137,4.801694676097059,4.082300601202405,645,6.352714828087221,5.000980980980981,500,0.860402
10,500,2,2,4,0.0,0.495,137,4.801694676097059,4.082300601202405,632,6.3403093022761645,4.998818818818819,500,0.8592799999999999
10,500,2,2,5,0.0,0.5055,137,4.801694676097059,4.082300601202405,625,6.32280882175539,4.998368368368368,500,0.863912
10,500,2,2,6,0.0,0.49439999999999995,137,4.801694676097059,4.082300601202405,620,6.308989899516457,4.999331331331331,500,0.8574100000000001
10,500,2,2,7,0.0,0.5031,137,4.801694676097059,4.082300601202405,614,6.300306218969214,4.9997257257257255,500,0.8610319999999999
10,500,2,2,8,0.0,0.49460000000000004,137,4.801694676097059,4.082300601202405,646,6.363265931737063,4.999135135135135,500,0.855956
10,500,2,2,9,0.0,0.5044,137,4.801694676097059,4.082300601202405,632,6.326927487406445,5.000964964964965,500,0.8608539999999999
10,500,2,2,10,0.0,0.49939999999999996,137,4.801694676097059,4.082300601202405,617,6.309218356718721,4.999091091091091,500,0.859514
10,500,2,2,11,0.0,0.495,137,4.801694676097059,4.082300601202405,637,6.340544068750047,5.003351351351351,500,0.859044
10,500,2,2,12,0.0,0.5006,137,4.801694676097059,4.082300601202405,634,6.337362460485175,4.995975975975976,500,0.8596039999999999
10,500,2,2,13,0.0,0.5009,137,4.801694676097059,4.082300601202405,639,6.346110038989664,4.996222222222222,500,0.8607480000000001
10,500,2,2,14,0.0,0.4992,137,4.801694676097059,4.082300601202405,634,6.330421791678152,4.997045045045045,500,0.8559699999999999
10,500,2,2,15,0.0,0.49229999999999996,137,4.801694676097059,4.082300601202405,639,6.340249277808546,4.999401401401402,500,0.8573819999999999
10,500,2,2,16,0.0,0.4975,137,4.801694676097059,4.082300601202405,615,6.308241081900234,4.996482482482483,500,0.858142
10,500,2,2,17,0.0,0.498,137,4.801694676097059,4.082300601202405,634,6.335636368050464,4.996780780780781,500,0.861228
10,500,2,2,18,0.0,0.49470000000000003,137,4.801694676097059,4.082300601202405,636,6.34294344806032,5.00001001001001,500,0.8591519999999999
10,500,2,2,19,0.0,0.49319999999999997,137,4.801694676097059,4.082300601202405,647,6.354647065357224,4.99342942942943,500,0.85827
10,500,2,2,20,0.0,0.4931999999999999,137,4.801694676097059,4.082300601202405,620,6.314101843081351,5.0028588588588585,500,0.858298
10,500,2,2,21,0.0,0.49879999999999997,137,4.801694676097059,4.082300601202405,632,6.329460519955017,5.001237237237238,500,0.8578779999999999
10,500,2,2,22,0.0,0.49679999999999996,137,4.801694676097059,4.082300601202405,615,6.294928488499556,4.99411011011011,500,0.856962
10,500,2,2,23,0.0,0.4986999999999999,137,4.801694676097059,4.082300601202405,610,6.288345522831456,4.996546546546546,500,0.857884
10,500,2,2,24,0.0,0.4904,137,4.801694676097059,4.082300601202405,648,6.352352717646658,4.99817017017017,500,0.855278
10,500,2,2,25,0.0,0.49979999999999997,137,4.801694676097059,4.082300601202405,625,6.315897156985104,4.996956956956957,500,0.85854
10,500,2,2,26,0.0,0.49639999999999995,137,4.801694676097059,4.082300601202405,641,6.339334915187482,5.001657657657658,500,0.8585780000000001
10,500,2,2,27,0.0,0.4925,137,4.801694676097059,4.082300601202405,627,6.324251222220004,4.997007007007007,500,0.8573399999999999
10,500,2,2,28,0.0,0.49779999999999996,137,4.801694676097059,4.082300601202405,635,6.339491263190899,5.003563563563564,500,0.858336
10,500,2,2,29,0.0,0.4985,137,4.801694676097059,4.082300601202405,625,6.322200349047231,4.998312312312312,500,0.857982
10,500,2,2,30,0.0,0.5013,137,4.801694676097059,4.082300601202405,624,6.318853195777518,5.001359359359359,500,0.8610140000000001
10,500,2,2,31,0.0,0.49989999999999996,137,4.801694676097059,4.082300601202405,645,6.355418195340419,5.000174174174174,500,0.8626959999999999
10,500,2,2,32,0.0,0.49610000000000004,137,4.801694676097059,4.082300601202405,631,6.332950905862599,4.998928928928929,500,0.857912
10,500,2,2,33,0.0,0.5007,137,4.801694676097059,4.082300601202405,637,6.3501096863398026,5.0009469469469465,500,0.860212
10,500,2,2,34,0.0,0.49729999999999996,137,4.801694676097059,4.082300601202405,631,6.319897790095066,4.999953953953954,500,0.861448
10,500,2,2,35,0.0,0.4967,137,4.801694676097059,4.082300601202405,640,6.350578730350053,5.000278278278278,500,0.859904
10,500,2,2,36,0.0,0.4968,137,4.801694676097059,4.082300601202405,643,6.350223914940933,5.000948948948949,500,0.860898
10,500,2,2,37,0.0,0.49560000000000004,137,4.801694676097059,4.082300601202405,630,6.331213714456485,4.995983983983984,500,0.859238
10,500,2,2,38,0.0,0.4955,137,4.801694676097059,4.082300601202405,631,6.318627626305059,4.997059059059059,500,0.8580699999999999
10,500,2,2,39,0.0,0.4909,137,4.801694676097059,4.082300601202405,629,6.326518467863812,4.998408408408409,500,0.85545
10,500,2,2,40,0.0,0.49439999999999995,137,4.801694676097059,4.082300601202405,623,6.3218092345699315,4.996808808808809,500,0.8540099999999999
10,500,2,2,41,0.0,0.49829999999999997,137,4.801694676097059,4.082300601202405,624,6.316120824487583,4.999801801801802,500,0.860538
10,500,2,2,42,0.0,0.497,137,4.801694676097059,4.082300601202405,637,6.341199450560277,4.999887887887888,500,0.858334
10,500,2,2,43,0.0,0.49489999999999995,137,4.801694676097059,4.082300601202405,628,6.332403443381882,4.9974994994995,500,0.858154
10,500,2,2,44,0.0,0.49789999999999995,137,4.801694676097059,4.082300601202405,631,6.328626477774399,5.000794794794794,500,0.8603339999999999
10,500,2,2,45,0.0,0.49589999999999995,137,4.801694676097059,4.082300601202405,619,6.313359334736747,5.001467467467467,500,0.8572860000000001
10,500,2,2,46,0.0,0.4992,137,4.801694676097059,4.082300601202405,633,6.325093972464531,4.997677677677678,500,0.8565539999999999
10,500,2,2,47,0.0,0.501,137,4.801694676097059,4.082300601202405,636,6.345129876441373,5.001297297297297,500,0.8594780000000001
10,500,2,2,48,0.0,0.4935,137,4.801694676097059,4.082300601202405,622,6.3169257482073,4.998952952952953,500,0.8562679999999999
10,500,2,2,49,0.0,0.49560000000000004,137,4.801694676097059,4.082300601202405,644,6.35337842113905,4.999543543543544,500,0.85965
10,500,2,2,50,0.0,0.49710000000000004,137,4.801694676097059,4.082300601202405,646,6.349926236269628,5.002172172172172,500,0.8583399999999999
10,500,2,2,51,0.0,0.5005,137,4.801694676097059,4.082300601202405,630,6.3287678084422865,5.002696696696697,500,0.860192
10,500,2,2,52,0.0,0.5027999999999999,137,4.801694676097059,4.082300601202405,630,6.329420302522712,5.002690690690691,500,0.8610840000000001
10,500,2,2,53,0.0,0.49679999999999996,137,4.801694676097059,4.082300601202405,635,6.336763681600749,5.00166966966967,500,0.8613399999999999
10,500,2,2,54,0.0,0.49620000000000003,137,4.801694676097059,4.082300601202405,624,6.317563224952197,4.999967967967968,500,0.859702
10,500,2,2,55,0.0,0.49219999999999997,137,4.801694676097059,4.082300601202405,628,6.314859857698998,4.995543543543543,500,0.856366
10,500,2,2,56,0.0,0.4941999999999999,137,4.801694676097059,4.082300601202405,638,6.335052606501566,4.998118118118118,500,0.856844
10,500,2,2,57,0.0,0.49939999999999996,137,4.801694676097059,4.082300601202405,635,6.339768149067067,4.997681681681682,500,0.8569159999999999
10,500,2,2,58,0.0,0.4991999999999999,137,4.801694676097059,4.082300601202405,634,6.336132514127472,5.001825825825826,500,0.8583520000000001
10,500,2,2,59,0.0,0.4992,137,4.801694676097059,4.082300601202405,659,6.386138322393391,4.999367367367367,500,0.860212
10,500,2,2,60,0.0,0.4975,137,4.801694676097059,4.082300601202405,627,6.314903993495427,4.995161161161161,500,0.8592819999999999
10,500,2,2,61,0.0,0.4901999999999999,137,4.801694676097059,4.082300601202405,635,6.329643970025192,4.999239239239239,500,0.855904
10,500,2,2,62,0.0,0.5012000000000001,137,4.801694676097059,4.082300601202405,640,6.3566321386027695,5.00154954954955,500,0.859324
10,500,2,2,63,0.0,0.499,137,4.801694676097059,4.082300601202405,643,6.35376322634473,4.995751751751752,500,0.8594659999999998
10,500,2,2,64,0.0,0.49770000000000003,137,4.801694676097059,4.082300601202405,632,6.332163887208214,5.000654654654655,500,0.8574899999999999
10,500,2,2,65,0.0,0.49689999999999995,137,4.801694676097059,4.082300601202405,619,6.311783281033835,5.000766766766767,500,0.8590279999999999
10,500,2,2,66,0.0,0.49679999999999996,137,4.801694676097059,4.082300601202405,624,6.312898998790406,5.002366366366366,500,0.858416
10,500,2,2,67,0.0,0.49579999999999996,137,4.801694676097059,4.082300601202405,638,6.34138290063045,5.001853853853854,500,0.856402
10,500,2,2,68,0.0,0.4955,137,4.801694676097059,4.082300601202405,636,6.341371801659046,5.0003543543543545,500,0.8576739999999999
10,500,2,2,69,0.0,0.5045,137,4.801694676097059,4.082300601202405,642,6.349517216726996,4.999317317317317,500,0.861432
10,500,2,2,70,0.0,0.49879999999999997,137,4.801694676097059,4.082300601202405,644,6.355925440388831,4.996456456456457,500,0.861654
10,500,2,2,71,0.0,0.49369999999999997,137,4.801694676097059,4.082300601202405,630,6.325120088771463,4.991153153153153,500,0.8591219999999999
10,500,2,2,72,0.0,0.498,137,4.801694676097059,4.082300601202405,635,6.339334915187482,4.999207207207207,500,0.858696
10,500,2,2,73,0.0,0.49610000000000004,137,4.801694676097059,4.082300601202405,636,6.343719367743301,4.998596596596596,500,0.858628
10,500,2,2,74,0.0,0.496,137,4.801694676097059,4.082300601202405,643,6.353267080267722,4.998966966966967,500,0.8575699999999999
10,500,2,2,75,0.0,0.501,137,4.801694676097059,4.082300601202405,640,6.350407365011108,5.001893893893894,500,0.861008
10,500,2,2,76,0.0,0.4955,137,4.801694676097059,4.082300601202405,631,6.336586540802195,4.997823823823824,500,0.85977
10,500,2,2,77,0.0,0.49339999999999995,137,4.801694676097059,4.082300601202405,641,6.342189840744313,4.997501501501501,500,0.8569159999999999
10,500,2,2,78,0.0,0.5004,137,4.801694676097059,4.082300601202405,644,6.3479053528934175,4.999439439439439,500,0.858404
10,500,2,2,79,0.0,0.49729999999999996,137,4.801694676097059,4.082300601202405,630,6.3286264777743995,5.002372372372372,500,0.8588
10,500,2,2,80,0.0,0.498,137,4.801694676097059,4.082300601202405,623,6.316219049993363,5.002442442442442,500,0.859264
10,500,2,2,81,0.0,0.4961999999999999,137,4.801694676097059,4.082300601202405,642,6.34476586403083,4.994194194194194,500,0.861652
10,500,2,2,82,0.0,0.5034,137,4.801694676097059,4.082300601202405,632,6.337834392225231,5.000488488488489,500,0.862014
10,500,2,2,83,0.0,0.49879999999999997,137,4.801694676097059,4.082300601202405,638,6.344264928254036,5.00062062062062,500,0.861288
10,500,2,2,84,0.0,0.4985,137,4.801694676097059,4.082300601202405,614,6.294840873027667,4.997107107107107,500,0.861426
10,500,2,2,85,0.0,0.495,137,4.801694676097059,4.082300601202405,628,6.324284144620865,4.998630630630631,500,0.8542639999999999
10,500,2,2,86,0.0,0.49489999999999995,137,4.801694676097059,4.082300601202405,646,6.359248379321592,5.000966966966967,500,0.8570399999999999
10,500,2,2,87,0.0,0.5027999999999999,137,4.801694676097059,4.082300601202405,628,6.32026370447559,4.997625625625625,500,0.862932
10,500,2,2,88,0.0,0.4912,137,4.801694676097059,4.082300601202405,621,6.315175441435637,4.99768968968969,500,0.854378
10,500,2,2,89,0.0,0.49729999999999996,137,4.801694676097059,4.082300601202405,636,6.338375545434328,4.998244244244244,500,0.856708
10,500,2,2,90,0.0,0.4904,137,4.801694676097059,4.082300601202405,615,6.297906350721426,4.999415415415416,500,0.855356
10,500,2,2,91,0.0,0.4956999999999999,137,4.801694676097059,4.082300601202405,620,6.309768706929242,4.99982982982983,500,0.8559739999999999
10,500,2,2,92,0.0,0.49129999999999996,137,4.801694676097059,4.082300601202405,624,6.320928283287243,5.000886886886887,500,0.8559479999999998
10,500,2,2,93,0.0,0.5025,137,4.801694676097059,4.082300601202405,632,6.329661875090524,4.997243243243243,500,0.8613540000000001
10,500,2,2,94,0.0,0.5007,137,4.801694676097059,4.082300601202405,641,6.3501096863398026,5.001019019019019,500,0.8605219999999999
10,500,2,2,95,0.0,0.499,137,4.801694676097059,4.082300601202405,630,6.327956078628641,5.0023063063063065,500,0.8598120000000001
10,500,2,2,96,0.0,0.49539999999999995,137,4.801694676097059,4.082300601202405,645,6.351697335836429,4.9996996996997,500,0.857546
10,500,2,2,97,0.0,0.491,137,4.801694676097059,4.082300601202405,617,6.30480201239636,4.996692692692693,500,0.8528579999999999
10,500,2,2,98,0.0,0.5,137,4.801694676097059,4.082300601202405,641,6.350380262944352,4.999123123123123,500,0.859266
10,500,2,2,99,0.0,0.5001,137,4.801694676097059,4.082300601202405,623,6.310121620368381,5.0018158158158155,500,0.859238
10,500,2,3,0,0.0,0.5074,140,4.824341114882781,4.049571142284569,637,6.340152954272748,4.998182182182182,500,0.859714
10,500,2,3,1,0.0,0.5127999999999999,140,4.824341114882781,4.049571142284569,637,6.333350728403808,4.998854854854855,500,0.86437
10,500,2,3,2,0.0,0.5120999999999999,140,4.824341114882781,4.049571142284569,653,6.378680714714223,4.9985005005005005,500,0.862904
10,500,2,3,3,0.0,0.5105999999999999,140,4.824341114882781,4.049571142284569,629,6.320786952619354,4.99809009009009,500,0.864192
10,500,2,3,4,0.0,0.5104,140,4.824341114882781,4.049571142284569,632,6.3377472656908544,5.000212212212213,500,0.86404
10,500,2,3,5,0.0,0.5127999999999999,140,4.824341114882781,4.049571142284569,626,6.32446759469104,4.99463063063063,500,0.863502
10,500,2,3,6,0.0,0.5103,140,4.824341114882781,4.049571142284569,663,6.39129869463219,4.9991691691691695,500,0.8637699999999999
10,500,2,3,7,0.0,0.5105999999999999,140,4.824341114882781,4.049571142284569,637,6.331765966636986,5.000680680680681,500,0.864756
10,500,2,3,8,0.0,0.5085,140,4.824341114882781,4.049571142284569,634,6.3436724586412305,4.995837837837838,500,0.861534
10,500,2,3,9,0.0,0.5052,140,4.824341114882781,4.049571142284569,630,6.3381112781013975,4.999855855855856,500,0.8607039999999999
10,500,2,3,10,0.0,0.5120999999999999,140,4.824341114882781,4.049571142284569,642,6.357834982893715,4.998524524524525,500,0.86594
10,500,2,3,11,0.0,0.5074,140,4.824341114882781,4.049571142284569,647,6.36606562252606,5.000740740740741,500,0.862636
10,500,2,3,12,0.0,0.5074,140,4.824341114882781,4.049571142284569,645,6.359657398864224,5.001021021021021,500,0.860848
10,500,2,3,13,0.0,0.5075999999999999,140,4.824341114882781,4.049571142284569,637,6.344379156855169,5.000980980980981,500,0.8630319999999999
10,500,2,3,14,0.0,0.5111999999999999,140,4.824341114882781,4.049571142284569,631,6.3294203025227125,4.996424424424425,500,0.865416
10,500,2,3,15,0.0,0.5105,140,4.824341114882781,4.049571142284569,638,6.343650146274259,4.998640640640641,500,0.8635919999999999
10,500,2,3,16,0.0,0.5147999999999999,140,4.824341114882781,4.049571142284569,638,6.341400805695783,4.999531531531532,500,0.865692
10,500,2,3,17,0.0,0.514,140,4.824341114882781,4.049571142284569,632,6.331633832970521,4.998554554554555,500,0.867028
10,500,2,3,18,0.0,0.5159,140,4.824341114882781,4.049571142284569,651,6.363100386732222,4.99590990990991,500,0.864876
10,500,2,3,19,0.0,0.5037,140,4.824341114882781,4.049571142284569,658,6.377537894890895,4.997627627627628,500,0.85908
10,500,2,3,20,0.0,0.5127999999999999,140,4.824341114882781,4.049571142284569,637,6.344041260751558,4.9980860860860865,500,0.863648
10,500,2,3,21,0.0,0.5015999999999999,140,4.824341114882781,4.049571142284569,658,6.384610697364383,5.000048048048048,500,0.860086
10,500,2,3,22,0.0,0.5113,140,4.824341114882781,4.049571142284569,634,6.3328545823268,5.000018018018018,500,0.863664
10,500,2,3,23,0.0,0.5111,140,4.824341114882781,4.049571142284569,647,6.358653021978981,4.994416416416416,500,0.862036
10,500,2,3,24,0.0,0.5084,140,4.824341114882781,4.049571142284569,634,6.332262112713995,4.998782782782783,500,0.861024
10,500,2,3,25,0.0,0.5123,140,4.824341114882781,4.049571142284569,654,6.376283734196239,4.9994094094094095,500,0.86603
10,500,2,3,26,0.0,0.5157999999999999,140,4.824341114882781,4.049571142284569,638,6.337903613694273,4.9976936936936935,500,0.867146
10,500,2,3,27,0.0,0.513,140,4.824341114882781,4.049571142284569,628,6.330448893744908,4.998298298298298,500,0.8658879999999999
10,500,2,3,28,0.0,0.5172,140,4.824341114882781,4.049571142284569,639,6.347382104749652,4.995515515515516,500,0.868924
10,500,2,3,29,0.0,0.5073,140,4.824341114882781,4.049571142284569,644,6.356223119060136,4.999897897897898,500,0.863484
10,500,2,3,30,0.0,0.5117,140,4.824341114882781,4.049571142284569,634,6.336391991760616,4.999729729729729,500,0.8632059999999999
10,500,2,3,31,0.0,0.5117999999999999,140,4.824341114882781,4.049571142284569,632,6.333813952079955,4.9971411411411415,500,0.8639199999999999
10,500,2,3,32,0.0,0.5117999999999999,140,4.824341114882781,4.049571142284569,651,6.3627697856600545,5.000776776776776,500,0.863716
10,500,2,3,33,0.0,0.5067,140,4.824341114882781,4.049571142284569,651,6.363990535016335,5.001095095095095,500,0.863066
10,500,2,3,34,0.0,0.5142,140,4.824341114882781,4.049571142284569,645,6.357468082753368,4.997129129129129,500,0.86262
10,500,2,3,35,0.0,0.5037999999999999,140,4.824341114882781,4.049571142284569,640,6.351355635792858,5.002906906906907,500,0.859136
10,500,2,3,36,0.0,0.5135,140,4.824341114882781,4.049571142284569,633,6.3324034433818825,4.995681681681682,500,0.867986
10,500,2,3,37,0.0,0.5163,140,4.824341114882781,4.049571142284569,642,6.355287963643935,4.995105105105105,500,0.8674200000000001
10,500,2,3,38,0.0,0.5156,140,4.824341114882781,4.049571142284569,648,6.365542374382295,4.993117117117117,500,0.8673520000000001
10,500,2,3,39,0.0,0.5126,140,4.824341114882781,4.049571142284569,648,6.36324802667173,4.997077077077077,500,0.866374
10,500,2,3,40,0.0,0.5069,140,4.824341114882781,4.049571142284569,638,6.337371168549084,4.999089089089089,500,0.863186
10,500,2,3,41,0.0,0.5165,140,4.824341114882781,4.049571142284569,642,6.354851842034545,4.993027027027027,500,0.8669159999999999
10,500,2,3,42,0.0,0.513,140,4.824341114882781,4.049571142284569,626,6.319642230826046,4.998874874874875,500,0.8651519999999999
10,500,2,3,43,0.0,0.5130999999999999,140,4.824341114882781,4.049571142284569,633,6.331381161431306,4.998548548548548,500,0.865374
10,500,2,3,44,0.0,0.5171999999999999,140,4.824341114882781,4.049571142284569,637,6.339428350993476,4.997097097097097,500,0.86719
10,500,2,3,45,0.0,0.515,140,4.824341114882781,4.049571142284569,630,6.341199450560277,4.997389389389389,500,0.862248
10,500,2,3,46,0.0,0.5032,140,4.824341114882781,4.049571142284569,638,6.338402647501084,5.002870870870871,500,0.862042
10,500,2,3,47,0.0,0.5053,140,4.824341114882781,4.049571142284569,644,6.359335505855967,4.999741741741742,500,0.858822
10,500,2,3,48,0.0,0.5096,140,4.824341114882781,4.049571142284569,642,6.350407365011108,4.99626026026026,500,0.865372
10,500,2,3,49,0.0,0.5107999999999999,140,4.824341114882781,4.049571142284569,647,6.364540885226855,4.99585985985986,500,0.862248
10,500,2,3,50,0.0,0.5112,140,4.824341114882781,4.049571142284569,647,6.36424320655555,5.00042042042042,500,0.86503
10,500,2,3,51,0.0,0.509,140,4.824341114882781,4.049571142284569,636,6.338697438442585,4.999891891891892,500,0.8612219999999999
10,500,2,3,52,0.0,0.5104,140,4.824341114882781,4.049571142284569,635,6.3375638156206815,5.000600600600601,500,0.8625799999999999
10,500,2,3,53,0.0,0.507,140,4.824341114882781,4.049571142284569,630,6.329970652733234,4.999787787787787,500,0.861702
10,500,2,3,54,0.0,0.5133,140,4.824341114882781,4.049571142284569,649,6.367424814820422,4.998072072072072,500,0.865806
10,500,2,3,55,0.0,0.5069,140,4.824341114882781,4.049571142284569,628,6.329333175988337,5.002576576576576,500,0.860248
10,500,2,3,56,0.0,0.5144,140,4.824341114882781,4.049571142284569,641,6.346675406535715,4.996288288288288,500,0.86573
10,500,2,3,57,0.0,0.5169,140,4.824341114882781,4.049571142284569,641,6.353910866284238,4.996722722722723,500,0.870768
10,500,2,3,58,0.0,0.5144,140,4.824341114882781,4.049571142284569,611,6.301781541834689,4.998478478478479,500,0.8664299999999999
10,500,2,3,59,0.0,0.5121999999999999,140,4.824341114882781,4.049571142284569,643,6.358271104503105,4.998102102102102,500,0.8634120000000001
10,500,2,3,60,0.0,0.5097,140,4.824341114882781,4.049571142284569,644,6.349899134202872,5.000810810810811,500,0.8657999999999999
10,500,2,3,61,0.0,0.5073,140,4.824341114882781,4.049571142284569,654,6.369126692918181,5.000782782782783,500,0.86152
10,500,2,3,62,0.0,0.5071,140,4.824341114882781,4.049571142284569,642,6.356788486606186,4.999561561561562,500,0.8646199999999999
10,500,2,3,63,0.0,0.5099999999999999,140,4.824341114882781,4.049571142284569,646,6.350737966083275,5.000108108108108,500,0.860668
10,500,2,3,64,0.0,0.5134,140,4.824341114882781,4.049571142284569,635,6.331791166733762,4.996656656656657,500,0.86365
10,500,2,3,65,0.0,0.5055,140,4.824341114882781,4.049571142284569,664,6.3812635440946694,4.998104104104104,500,0.8593959999999999
10,500,2,3,66,0.0,0.5137,140,4.824341114882781,4.049571142284569,652,6.367024992279214,4.998472472472472,500,0.8642880000000001
10,500,2,3,67,0.0,0.5117,140,4.824341114882781,4.049571142284569,661,6.3818381086421425,4.998404404404404,500,0.864222
10,500,2,3,68,0.0,0.5067,140,4.824341114882781,4.049571142284569,625,6.31648962659791,5.001607607607608,500,0.8619479999999999
10,500,2,3,69,0.0,0.5092,140,4.824341114882781,4.049571142284569,638,6.347764022225529,4.9996276276276275,500,0.863812
10,500,2,3,70,0.0,0.5107,140,4.824341114882781,4.049571142284569,633,6.334281094120225,4.997227227227227,500,0.86675
10,500,2,3,71,0.0,0.5117999999999999,140,4.824341114882781,4.049571142284569,638,6.352864369996709,4.998834834834835,500,0.8656699999999999
10,500,2,3,72,0.0,0.5077,140,4.824341114882781,4.049571142284569,654,6.368134400764166,5.001511511511511,500,0.866184
10,500,2,3,73,0.0,0.5095,140,4.824341114882781,4.049571142284569,629,6.331537509434723,4.997735735735736,500,0.8589860000000001
10,500,2,3,74,0.0,0.5085,140,4.824341114882781,4.049571142284569,641,6.3462484819277485,4.999741741741742,500,0.86525
10,500,2,3,75,0.0,0.5062,140,4.824341114882781,4.049571142284569,639,6.348808616543076,4.999931931931932,500,0.8563099999999999
10,500,2,3,76,0.0,0.5073,140,4.824341114882781,4.049571142284569,631,6.3329509058625995,4.999345345345345,500,0.863848
10,500,2,3,77,0.0,0.5089,140,4.824341114882781,4.049571142284569,638,6.346561177934582,4.999341341341341,500,0.864144
10,500,2,3,78,0.0,0.5115,140,4.824341114882781,4.049571142284569,633,6.32935108105367,4.997387387387388,500,0.8652059999999999
10,500,2,3,79,0.0,0.5085,140,4.824341114882781,4.049571142284569,641,6.344381058825149,5.002192192192192,500,0.8655660000000001
10,500,2,3,80,0.0,0.5119999999999999,140,4.824341114882781,4.049571142284569,644,6.355567737249906,5.000820820820821,500,0.8640180000000001
10,500,2,3,81,0.0,0.509,140,4.824341114882781,4.049571142284569,643,6.344582413960656,5.000876876876877,500,0.8643679999999999
10,500,2,3,82,0.0,0.5116999999999999,140,4.824341114882781,4.049571142284569,644,6.358018432963889,4.999705705705706,500,0.8626719999999999
10,500,2,3,83,0.0,0.5149,140,4.824341114882781,4.049571142284569,630,6.327170961944237,4.998036036036036,500,0.8669199999999999
10,500,2,3,84,0.0,0.5089,140,4.824341114882781,4.049571142284569,648,6.361269262697803,5.002492492492492,500,0.86272
10,500,2,3,85,0.0,0.5084,140,4.824341114882781,4.049571142284569,639,6.344792966097586,5.00213013013013,500,0.86619
10,500,2,3,86,0.0,0.5081,140,4.824341114882781,4.049571142284569,640,6.352001323779354,4.998764764764765,500,0.86467
10,500,2,3,87,0.0,0.5101,140,4.824341114882781,4.049571142284569,633,6.3397860541324,4.995973973973974,500,0.861516
10,500,2,3,88,0.0,0.5048,140,4.824341114882781,4.049571142284569,650,6.358830162777536,5.001461461461462,500,0.859716
10,500,2,3,89,0.0,0.5127,140,4.824341114882781,4.049571142284569,633,6.331182694025603,4.997599599599599,500,0.865888
10,500,2,3,90,0.0,0.511,140,4.824341114882781,4.049571142284569,627,6.332000733110869,4.9993513513513514,500,0.8657480000000001
10,500,2,3,91,0.0,0.5075999999999999,140,4.824341114882781,4.049571142284569,642,6.345917391918067,5.002114114114114,500,0.86251
10,500,2,3,92,0.0,0.5099,140,4.824341114882781,4.049571142284569,643,6.349984358767267,5.000958958958959,500,0.863702
10,500,2,3,93,0.0,0.5139,140,4.824341114882781,4.049571142284569,621,6.318242821099378,4.9957457457457455,500,0.867204
10,500,2,3,94,0.0,0.5179,140,4.824341114882781,4.049571142284569,641,6.3609023625574554,4.995397397397397,500,0.868306
10,500,2,3,95,0.0,0.5197999999999999,140,4.824341114882781,4.049571142284569,640,6.358060552366174,4.993853853853854,500,0.868356
10,500,2,3,96,0.0,0.5093,140,4.824341114882781,4.049571142284569,645,6.364592201630565,5.000642642642642,500,0.863684
10,500,2,3,97,0.0,0.5121999999999999,140,4.824341114882781,4.049571142284569,635,6.332857470056606,4.999967967967968,500,0.8669279999999999
10,500,2,3,98,0.0,0.5124,140,4.824341114882781,4.049571142284569,641,6.34449528742628,4.9985625625625625,500,0.864852
10,500,2,3,99,0.0,0.5122000000000001,140,4.824341114882781,4.049571142284569,635,6.337702258558765,4.998298298298298,500,0.8647159999999999
10,500,3,1,0,0.0,0.5021,309,5.615096789070093,4.777795591182365,649,6.371087551826774,5.003217217217217,500,0.508046
10,500,3,1,1,0.0,0.5047,309,5.615096789070093,4.777795591182365,645,6.363362255272862,4.998272272272272,500,0.507664
10,500,3,1,2,0.0,0.4945,309,5.615096789070093,4.777795591182365,639,6.341557153699201,5.000382382382383,500,0.5022920000000001
10,500,3,1,3,0.0,0.4953,309,5.615096789070093,4.777795591182365,645,6.355880433256742,4.996162162162162,500,0.502538
10,500,3,1,4,0.0,0.4963,309,5.615096789070093,4.777795591182365,639,6.345174883573463,4.999621621621622,500,0.50401
10,500,3,1,5,0.0,0.5042000000000001,309,5.615096789070093,4.777795591182365,639,6.352689627990445,4.997225225225225,500,0.510666
10,500,3,1,6,0.0,0.4983,309,5.615096789070093,4.777795591182365,650,6.367809620026103,4.99753953953954,500,0.5060979999999999
10,500,3,1,7,0.0,0.49970000000000003,309,5.615096789070093,4.777795591182365,630,6.326518467863812,5.001407407407408,500,0.507284
10,500,3,1,8,0.0,0.4988,309,5.615096789070093,4.777795591182365,653,6.366492547134026,5.001685685685685,500,0.505928
10,500,3,1,9,0.0,0.5039,309,5.615096789070093,4.777795591182365,649,6.3640689534868,5.003145145145145,500,0.506996
10,500,3,1,10,0.0,0.4975,309,5.615096789070093,4.777795591182365,640,6.347451326218694,5.001683683683684,500,0.5061519999999999
10,500,3,1,11,0.0,0.5028,309,5.615096789070093,4.777795591182365,653,6.37627502613233,4.999263263263264,500,0.5093580000000001
10,500,3,1,12,0.0,0.5017,309,5.615096789070093,4.777795591182365,645,6.354085119352988,4.999073073073073,500,0.504536
10,500,3,1,13,0.0,0.5043000000000001,309,5.615096789070093,4.777795591182365,642,6.3535647589390285,5.00003003003003,500,0.508526
10,500,3,1,14,0.0,0.5017,309,5.615096789070093,4.777795591182365,637,6.337509611487167,5.001835835835836,500,0.50649
10,500,3,1,15,0.0,0.5019,309,5.615096789070093,4.777795591182365,632,6.3413136791614075,4.998112112112112,500,0.506694
10,500,3,1,16,0.0,0.49660000000000004,309,5.615096789070093,4.777795591182365,633,6.331057366453068,4.996416416416416,500,0.504942
10,500,3,1,17,0.0,0.5011,309,5.615096789070093,4.777795591182365,646,6.363109583733646,5.000694694694695,500,0.506544
10,500,3,1,18,0.0,0.5012,309,5.615096789070093,4.777795591182365,653,6.374428395824869,5.001961961961962,500,0.506128
10,500,3,1,19,0.0,0.4998,309,5.615096789070093,4.777795591182365,646,6.3539016692828145,4.998386386386386,500,0.508364
10,500,3,1,20,0.0,0.49560000000000004,309,5.615096789070093,4.777795591182365,613,6.303646077207484,5.003063063063063,500,0.504034
10,500,3,1,21,0.0,0.49960000000000004,309,5.615096789070093,4.777795591182365,645,6.346807540202179,4.997985985985986,500,0.503414
10,500,3,1,22,0.0,0.4987,309,5.615096789070093,4.777795591182365,644,6.356307357864706,5.00372972972973,500,0.5079859999999999
10,500,3,1,23,0.0,0.4993,309,5.615096789070093,4.777795591182365,631,6.336577343800771,4.998104104104104,500,0.5067480000000001
10,500,3,1,24,0.0,0.49739999999999995,309,5.615096789070093,4.777795591182365,648,6.362517114120839,5.00196996996997,500,0.503174
10,500,3,1,25,0.0,0.5022,309,5.615096789070093,4.777795591182365,638,6.340964684086394,5.001657657657658,500,0.50647
10,500,3,1,26,0.0,0.5036,309,5.615096789070093,4.777795591182365,655,6.383477074542478,5.000444444444445,500,0.509288
10,500,3,1,27,0.0,0.49410000000000004,309,5.615096789070093,4.777795591182365,629,6.322942857391836,4.997443443443443,500,0.503138
10,500,3,1,28,0.0,0.4982,309,5.615096789070093,4.777795591182365,642,6.351721550173382,5.002990990990991,500,0.50714
10,500,3,1,29,0.0,0.49660000000000004,309,5.615096789070093,4.777795591182365,635,6.330605241748326,4.998158158158158,500,0.506132
10,500,3,1,30,0.0,0.5023,309,5.615096789070093,4.777795591182365,642,6.3488797399821,5.001087087087087,500,0.508242
10,500,3,1,31,0.0,0.5015,309,5.615096789070093,4.777795591182365,640,6.357423075621278,4.999185185185185,500,0.5072099999999999
10,500,3,1,32,0.0,0.5018,309,5.615096789070093,4.777795591182365,642,6.3576515328235415,5.0014374374374375,500,0.505662
10,500,3,1,33,0.0,0.4983,309,5.615096789070093,4.777795591182365,635,6.33922068658635,5.000798798798799,500,0.5057780000000001
10,500,3,1,34,0.0,0.4987,309,5.615096789070093,4.777795591182365,651,6.366859447274373,4.998596596596596,500,0.50521
10,500,3,1,35,0.0,0.497,309,5.615096789070093,4.777795591182365,650,6.3652897028430795,5.001553553553554,500,0.5054839999999999
10,500,3,1,36,0.0,0.5012,309,5.615096789070093,4.777795591182365,633,6.340125852205991,5.001445445445445,500,0.507496
10,500,3,1,37,0.0,0.5048,309,5.615096789070093,4.777795591182365,642,6.354539146027711,4.999039039039039,500,0.50608
10,500,3,1,38,0.0,0.5001,309,5.615096789070093,4.777795591182365,654,6.37411281208823,5.002740740740741,500,0.509074
10,500,3,1,39,0.0,0.504,309,5.615096789070093,4.777795591182365,644,6.3527859515262435,5.001265265265265,500,0.5078039999999999
10,500,3,1,40,0.0,0.5023,309,5.615096789070093,4.777795591182365,638,6.3484257133073765,5.002356356356357,500,0.509568
10,500,3,1,41,0.0,0.49660000000000004,309,5.615096789070093,4.777795591182365,643,6.3543736010228695,5.002862862862863,500,0.501654
10,500,3,1,42,0.0,0.5014000000000001,309,5.615096789070093,4.777795591182365,644,6.355627761717526,5.001765765765766,500,0.5057
10,500,3,1,43,0.0,0.5075999999999999,309,5.615096789070093,4.777795591182365,650,6.364435853627148,4.99811011011011,500,0.50767
10,500,3,1,44,0.0,0.5069,309,5.615096789070093,4.777795591182365,647,6.361654067903483,5.001503503503503,500,0.509236
10,500,3,1,45,0.0,0.5077,309,5.615096789070093,4.777795591182365,646,6.365088347707573,5.001283283283283,500,0.508002
10,500,3,1,46,0.0,0.5036,309,5.615096789070093,4.777795591182365,634,6.3408838668236385,5.002042042042042,500,0.507132
10,500,3,1,47,0.0,0.5026,309,5.615096789070093,4.777795591182365,648,6.365812950986844,5.000012012012012,500,0.50774
10,500,3,1,48,0.0,0.5073,309,5.615096789070093,4.777795591182365,644,6.365951393924927,5.000342342342343,500,0.5120399999999999
10,500,3,1,49,0.0,0.5002000000000001,309,5.615096789070093,4.777795591182365,632,6.343927032150427,5.0011611611611615,500,0.5061100000000001
10,500,3,1,50,0.0,0.5018,309,5.615096789070093,4.777795591182365,637,6.338426861838037,4.999243243243243,500,0.506104
10,500,3,1,51,0.0,0.49960000000000004,309,5.615096789070093,4.777795591182365,661,6.38338075100668,5.00263063063063,500,0.504962
10,500,3,1,52,0.0,0.4998,309,5.615096789070093,4.777795591182365,653,6.373084220866033,5.00213013013013,500,0.50673
10,500,3,1,53,0.0,0.503,309,5.615096789070093,4.777795591182365,618,6.312896111060601,5.00134934934935,500,0.5089680000000001
10,500,3,1,54,0.0,0.49710000000000004,309,5.615096789070093,4.777795591182365,631,6.330361767210533,5.0004704704704706,500,0.5069680000000001
10,500,3,1,55,0.0,0.5019,309,5.615096789070093,4.777795591182365,653,6.36951780739548,5.002440440440441,500,0.5098720000000001
10,500,3,1,56,0.0,0.5001,309,5.615096789070093,4.777795591182365,644,6.355741990318657,5.003101101101101,500,0.506536
10,500,3,1,57,0.0,0.5,309,5.615096789070093,4.777795591182365,638,6.3503202384767325,5.000244244244244,500,0.507238
10,500,3,1,58,0.0,0.5024,309,5.615096789070093,4.777795591182365,651,6.366221970529477,5.002414414414415,500,0.505952
10,500,3,1,59,0.0,0.49639999999999995,309,5.615096789070093,4.777795591182365,648,6.365909274522643,5.001449449449449,500,0.50414
10,500,3,1,60,0.0,0.5099,309,5.615096789070093,4.777795591182365,631,6.342044591712299,4.998628628628628,500,0.51037
10,500,3,1,61,0.0,0.503,309,5.615096789070093,4.777795591182365,637,6.342263851913139,5.001193193193193,500,0.508606
10,500,3,1,62,0.0,0.4993,309,5.615096789070093,4.777795591182365,631,6.338312633236905,4.998300300300301,500,0.506206
10,500,3,1,63,0.0,0.5093,309,5.615096789070093,4.777795591182365,640,6.356090985393672,5.0006306306306305,500,0.51177
10,500,3,1,64,0.0,0.503,309,5.615096789070093,4.777795591182365,643,6.364294522959259,5.00150950950951,500,0.509644
10,500,3,1,65,0.0,0.5089,309,5.615096789070093,4.777795591182365,648,6.365785848920087,4.9986606606606605,500,0.508984
10,500,3,1,66,0.0,0.495,309,5.615096789070093,4.777795591182365,646,6.355838313854456,5.001285285285285,500,0.50393
10,500,3,1,67,0.0,0.49920000000000003,309,5.615096789070093,4.777795591182365,646,6.365088347707573,5.001601601601601,500,0.507374
10,500,3,1,68,0.0,0.5008,309,5.615096789070093,4.777795591182365,656,6.3828846049296715,5.001585585585586,500,0.5044679999999999
10,500,3,1,69,0.0,0.5061,309,5.615096789070093,4.777795591182365,646,6.358427452506522,4.997651651651652,500,0.506
10,500,3,1,70,0.0,0.492,309,5.615096789070093,4.777795591182365,627,6.323926441481941,4.998774774774775,500,0.502904
10,500,3,1,71,0.0,0.5025,309,5.615096789070093,4.777795591182365,632,6.3332393875324815,5.000582582582583,500,0.507754
10,500,3,1,72,0.0,0.5016,309,5.615096789070093,4.777795591182365,628,6.324169916019734,4.99463063063063,500,0.5082340000000001
10,500,3,1,73,0.0,0.5002000000000001,309,5.615096789070093,4.777795591182365,643,6.35381454274844,4.9972972972972975,500,0.505254
10,500,3,1,74,0.0,0.5028,309,5.615096789070093,4.777795591182365,639,6.350702155952609,4.999775775775776,500,0.5054679999999999
10,500,3,1,75,0.0,0.5058,309,5.615096789070093,4.777795591182365,641,6.358932795584954,5.000172172172173,500,0.507164
10,500,3,1,76,0.0,0.4995,309,5.615096789070093,4.777795591182365,635,6.334267978754678,4.996982982982983,500,0.50339
10,500,3,1,77,0.0,0.49839999999999995,309,5.615096789070093,4.777795591182365,640,6.356265238462422,4.997017017017017,500,0.50626
10,500,3,1,78,0.0,0.5038,309,5.615096789070093,4.777795591182365,636,6.348906842048857,4.996892892892893,500,0.506738
10,500,3,1,79,0.0,0.4993,309,5.615096789070093,4.777795591182365,624,6.325896008454444,4.998808808808809,500,0.506794
10,500,3,1,80,0.0,0.5039,309,5.615096789070093,4.777795591182365,638,6.349011873648564,5.002472472472473,500,0.50903
10,500,3,1,81,0.0,0.5045999999999999,309,5.615096789070093,4.777795591182365,615,6.311109994158272,5.000772772772772,500,0.5067659999999999
10,500,3,1,82,0.0,0.5029,309,5.615096789070093,4.777795591182365,639,6.350536610947769,4.997667667667668,500,0.506996
10,500,3,1,83,0.0,0.49620000000000003,309,5.615096789070093,4.777795591182365,654,6.372744422792443,4.998194194194194,500,0.506182
10,500,3,1,84,0.0,0.5046,309,5.615096789070093,4.777795591182365,638,6.349430090192621,5.001037037037037,500,0.506606
10,500,3,1,85,0.0,0.5014,309,5.615096789070093,4.777795591182365,635,6.3484528153741335,4.996756756756756,500,0.5065500000000001
10,500,3,1,86,0.0,0.49360000000000004,309,5.615096789070093,4.777795591182365,664,6.398088835769901,4.998806806806807,500,0.499264
10,500,3,1,87,0.0,0.5068,309,5.615096789070093,4.777795591182365,642,6.351234112160283,5.000676676676677,500,0.508074
10,500,3,1,88,0.0,0.5055999999999999,309,5.615096789070093,4.777795591182365,650,6.370495082213968,4.99987987987988,500,0.5085480000000001
10,500,3,1,89,0.0,0.5003,309,5.615096789070093,4.777795591182365,633,6.340901771888971,5.002052052052052,500,0.5075360000000001
10,500,3,1,90,0.0,0.5013,309,5.615096789070093,4.777795591182365,638,6.352428248387319,4.998212212212212,500,0.5072960000000001
10,500,3,1,91,0.0,0.5074000000000001,309,5.615096789070093,4.777795591182365,630,6.33888088851276,5.000208208208208,500,0.509498
10,500,3,1,92,0.0,0.49610000000000004,309,5.615096789070093,4.777795591182365,637,6.343999141349274,5.002288288288288,500,0.504788
10,500,3,1,93,0.0,0.5075999999999999,309,5.615096789070093,4.777795591182365,636,6.34056197381538,4.998002002002002,500,0.50907
10,500,3,1,94,0.0,0.5027,309,5.615096789070093,4.777795591182365,635,6.341268672029319,4.999937937937938,500,0.508694
10,500,3,1,95,0.0,0.5018,309,5.615096789070093,4.777795591182365,645,6.362219435449534,5.0003323323323325,500,0.506852
10,500,3,1,96,0.0,0.5008,309,5.615096789070093,4.777795591182365,643,6.350858503956026,4.999943943943944,500,0.50561
10,500,3,1,97,0.0,0.49689999999999995,309,5.615096789070093,4.777795591182365,657,6.378202473702547,5.002528528528528,500,0.504426
10,500,3,1,98,0.0,0.4982,309,5.615096789070093,4.777795591182365,648,6.356039668989963,5.000544544544544,500,0.505728
10,500,3,1,99,0.0,0.5015,309,5.615096789070093,4.777795591182365,632,6.335966969122631,5.000926926926927,500,0.508856
10,500,3,2,0,0.0,0.4967,321,5.648818992681889,4.7525450901803605,637,6.34272418785948,5.001747747747748,500,0.5051319999999999
10,500,3,2,1,0.0,0.4973,321,5.648818992681889,4.7525450901803605,653,6.373014999396992,5.000698698698699,500,0.5061100000000001
10,500,3,2,2,0.0,0.5004,321,5.648818992681889,4.7525450901803605,648,6.367406909755089,5.000800800800801,500,0.507562
10,500,3,2,3,0.0,0.49979999999999997,321,5.648818992681889,4.7525450901803605,655,6.378385923772722,4.997713713713714,500,0.507796
10,500,3,2,4,0.0,0.5017,321,5.648818992681889,4.7525450901803605,643,6.3569269295442705,5.0014194194194195,500,0.5064740000000001
10,500,3,2,5,0.0,0.49879999999999997,321,5.648818992681889,4.7525450901803605,642,6.360406216480448,4.997625625625625,500,0.50645
10,500,3,2,6,0.0,0.5033,321,5.648818992681889,4.7525450901803605,646,6.36501912623853,4.999985985985986,500,0.508116
10,500,3,2,7,0.0,0.501,321,5.648818992681889,4.7525450901803605,620,6.3212680813608335,5.0015175175175175,500,0.506502
10,500,3,2,8,0.0,0.4995,321,5.648818992681889,4.7525450901803605,643,6.358610902576695,4.997495495495495,500,0.503832
10,500,3,2,9,0.0,0.5053,321,5.648818992681889,4.7525450901803605,640,6.347033109674637,5.001835835835836,500,0.5075919999999999
10,500,3,2,10,0.0,0.4983,321,5.648818992681889,4.7525450901803605,656,6.376205804663288,5.000142142142142,500,0.505404
10,500,3,2,11,0.0,0.5012,321,5.648818992681889,4.7525450901803605,644,6.353904557012619,4.9997437437437435,500,0.507096
10,500,3,2,12,0.0,0.4955,321,5.648818992681889,4.7525450901803605,641,6.347652681354201,4.998128128128128,500,0.503148
10,500,3,2,13,0.0,0.5001,321,5.648818992681889,4.7525450901803605,642,6.3582260973710145,5.001047047047047,500,0.5078480000000001
10,500,3,2,14,0.0,0.4991,321,5.648818992681889,4.7525450901803605,633,6.33207866264382,4.997663663663664,500,0.505854
10,500,3,2,15,0.0,0.4963,321,5.648818992681889,4.7525450901803605,625,6.336911321540256,5.002992992992993,500,0.503976
10,500,3,2,16,0.0,0.497,321,5.648818992681889,4.7525450901803605,654,6.369947619733251,5.000544544544544,500,0.50356
10,500,3,2,17,0.0,0.49960000000000004,321,5.648818992681889,4.7525450901803605,632,6.333290703936191,5.000092092092092,500,0.50636
10,500,3,2,18,0.0,0.5024000000000001,321,5.648818992681889,4.7525450901803605,644,6.356770581540854,4.998194194194194,500,0.508722
10,500,3,2,19,0.0,0.5001,321,5.648818992681889,4.7525450901803605,632,6.332993025264884,4.998832832832833,500,0.505764
10,500,3,2,20,0.0,0.5028,321,5.648818992681889,4.7525450901803605,646,6.360066418406857,5.001593593593594,500,0.5076160000000001
10,500,3,2,21,0.0,0.5036,321,5.648818992681889,4.7525450901803605,646,6.357155386746534,5.001861861861862,500,0.506072
10,500,3,2,22,0.0,0.5068,321,5.648818992681889,4.7525450901803605,645,6.361864620040414,5.000496496496496,500,0.509486
10,500,3,2,23,0.0,0.5,321,5.648818992681889,4.7525450901803605,650,6.3612179462940945,4.999559559559559,500,0.5032300000000001
10,500,3,2,24,0.0,0.5023,321,5.648818992681889,4.7525450901803605,633,6.334652783960358,4.9998458458458455,500,0.5078039999999999
10,500,3,2,25,0.0,0.5078,321,5.648818992681889,4.7525450901803605,653,6.368200734503403,4.99752952952953,500,0.509784
10,500,3,2,26,0.0,0.5054,321,5.648818992681889,4.7525450901803605,636,6.3501096863398026,4.998498498498498,500,0.50907
10,500,3,2,27,0.0,0.5028,321,5.648818992681889,4.7525450901803605,626,6.332611107789008,5.000568568568569,500,0.508824
10,500,3,2,28,0.0,0.5026,321,5.648818992681889,4.7525450901803605,648,6.370816975222226,4.998974974974975,500,0.504866
10,500,3,2,29,0.0,0.5082,321,5.648818992681889,4.7525450901803605,629,6.329814304729817,4.99813013013013,500,0.5091659999999999
10,500,3,2,30,0.0,0.5006,321,5.648818992681889,4.7525450901803605,642,6.3541814428887875,5.000828828828829,500,0.506718
10,500,3,2,31,0.0,0.497,321,5.648818992681889,4.7525450901803605,631,6.330283348740068,5.002610610610611,500,0.504736
10,500,3,2,32,0.0,0.5025,321,5.648818992681889,4.7525450901803605,646,6.365882172455886,5.001935935935936,500,0.505308
10,500,3,2,33,0.0,0.5027999999999999,321,5.648818992681889,4.7525450901803605,634,6.334667801295886,4.993721721721721,500,0.507732
10,500,3,2,34,0.0,0.5069,321,5.648818992681889,4.7525450901803605,637,6.3503623578790185,4.999433433433434,500,0.506714
10,500,3,2,35,0.0,0.5058,321,5.648818992681889,4.7525450901803605,656,6.379561665996911,5.001481481481481,500,0.5082340000000001
10,500,3,2,36,0.0,0.49960000000000004,321,5.648818992681889,4.7525450901803605,630,6.332812462924515,5.002174174174174,500,0.505884
10,500,3,2,37,0.0,0.5046,321,5.648818992681889,4.7525450901803605,632,6.335383696511249,5.000228228228228,500,0.5094059999999999
10,500,3,2,38,0.0,0.5009,321,5.648818992681889,4.7525450901803605,635,6.3401979614048365,5.001707707707708,500,0.50673
10,500,3,2,39,0.0,0.5,321,5.648818992681889,4.7525450901803605,635,6.339873180666775,4.998934934934935,500,0.506382
10,500,3,2,40,0.0,0.5043,321,5.648818992681889,4.7525450901803605,657,6.390137969743529,4.999265265265265,500,0.50921
10,500,3,2,41,0.0,0.5014,321,5.648818992681889,4.7525450901803605,634,6.344877204902157,5.000632632632633,500,0.5058539999999999
10,500,3,2,42,0.0,0.5014,321,5.648818992681889,4.7525450901803605,650,6.375881023925226,5.000664664664665,500,0.5033179999999999
10,500,3,2,43,0.0,0.5028,321,5.648818992681889,4.7525450901803605,638,6.351312530630748,5.003267267267267,500,0.508024
10,500,3,2,44,0.0,0.49739999999999995,321,5.648818992681889,4.7525450901803605,655,6.382108685246692,5.000408408408409,500,0.50753
10,500,3,2,45,0.0,0.5024,321,5.648818992681889,4.7525450901803605,629,6.333516273408648,4.998114114114114,500,0.5074120000000001
10,500,3,2,46,0.0,0.4992,321,5.648818992681889,4.7525450901803605,636,6.350293136409976,4.9989189189189185,500,0.50686
10,500,3,2,47,0.0,0.4997,321,5.648818992681889,4.7525450901803605,663,6.394002061885388,4.999441441441442,500,0.505888
10,500,3,2,48,0.0,0.4953,321,5.648818992681889,4.7525450901803605,641,6.345941606255019,5.002372372372372,500,0.504394
10,500,3,2,49,0.0,0.49560000000000004,321,5.648818992681889,4.7525450901803605,625,6.327474949887161,4.999847847847848,500,0.502676
10,500,3,2,50,0.0,0.5016,321,5.648818992681889,4.7525450901803605,634,6.34333456253762,5.001701701701702,500,0.504838
10,500,3,2,51,0.0,0.49939999999999996,321,5.648818992681889,4.7525450901803605,631,6.335540044514666,5.0002002002002,500,0.506178
10,500,3,2,52,0.0,0.5029,321,5.648818992681889,4.7525450901803605,634,6.3422188447810495,5.000430430430431,500,0.5098339999999999
10,500,3,2,53,0.0,0.5044,321,5.648818992681889,4.7525450901803605,642,6.355811211787699,5.0012012012012015,500,0.508288
10,500,3,2,54,0.0,0.49369999999999997,321,5.648818992681889,4.7525450901803605,644,6.351628114367387,4.999377377377377,500,0.502858
10,500,3,2,55,0.0,0.5038,321,5.648818992681889,4.7525450901803605,633,6.3364480978641105,4.995543543543543,500,0.506918
10,500,3,2,56,0.0,0.49689999999999995,321,5.648818992681889,4.7525450901803605,633,6.343770684147009,5.0014194194194195,500,0.504406
10,500,3,2,57,0.0,0.5012,321,5.648818992681889,4.7525450901803605,651,6.372927872862617,4.997085085085085,500,0.5055320000000001
10,500,3,2,58,0.0,0.5067999999999999,321,5.648818992681889,4.7525450901803605,645,6.359404727325009,4.9994994994995,500,0.510446
10,500,3,2,59,0.0,0.49989999999999996,321,5.648818992681889,4.7525450901803605,627,6.3286114604388715,5.00021021021021,500,0.505578
10,500,3,2,60,0.0,0.5034,321,5.648818992681889,4.7525450901803605,654,6.378707816780979,5.002114114114114,500,0.5087480000000001
10,500,3,2,61,0.0,0.5038,321,5.648818992681889,4.7525450901803605,646,6.361539839302353,5.001765765765766,500,0.507188
10,500,3,2,62,0.0,0.5057,321,5.648818992681889,4.7525450901803605,646,6.357810768556764,5.000506506506507,500,0.508424
10,500,3,2,63,0.0,0.4985,321,5.648818992681889,4.7525450901803605,653,6.371610799970538,4.998768768768769,500,0.505284
10,500,3,2,64,0.0,0.5042,321,5.648818992681889,4.7525450901803605,621,6.317030779807008,4.996216216216216,500,0.507008
10,500,3,2,65,0.0,0.5004,321,5.648818992681889,4.7525450901803605,640,6.35520083710956,5.000072072072072,500,0.505552
10,500,3,2,66,0.0,0.49739999999999995,321,5.648818992681889,4.7525450901803605,632,6.344408160891906,5.002262262262263,500,0.5028440000000001
10,500,3,2,67,0.0,0.49739999999999995,321,5.648818992681889,4.7525450901803605,642,6.353267080267723,4.997357357357357,500,0.504396
10,500,3,2,68,0.0,0.5049,321,5.648818992681889,4.7525450901803605,644,6.3598408489343985,5.000706706706707,500,0.50676
10,500,3,2,69,0.0,0.5004,321,5.648818992681889,4.7525450901803605,641,6.347676895691153,4.9996636636636635,500,0.508008
10,500,3,2,70,0.0,0.5004,321,5.648818992681889,4.7525450901803605,639,6.347355002682896,5.000244244244244,500,0.5066700000000001
10,500,3,2,71,0.0,0.5004,321,5.648818992681889,4.7525450901803605,642,6.354337790892204,5.002650650650651,500,0.5068720000000001
10,500,3,2,72,0.0,0.496,321,5.648818992681889,4.7525450901803605,644,6.356430783467262,4.998670670670671,500,0.5035940000000001
10,500,3,2,73,0.0,0.4997,321,5.648818992681889,4.7525450901803605,651,6.3679509506939915,4.997571571571571,500,0.505614
10,500,3,2,74,0.0,0.5,321,5.648818992681889,4.7525450901803605,636,6.343632241208926,5.000368368368369,500,0.505536
10,500,3,2,75,0.0,0.5031,321,5.648818992681889,4.7525450901803605,653,6.3758839116550305,5.001227227227227,500,0.508394
10,500,3,2,76,0.0,0.5009,321,5.648818992681889,4.7525450901803605,632,6.327463850915757,5.000598598598598,500,0.50582
10,500,3,2,77,0.0,0.5005,321,5.648818992681889,4.7525450901803605,632,6.338923007915044,4.998544544544544,500,0.5053960000000001
10,500,3,2,78,0.0,0.5007999999999999,321,5.648818992681889,4.7525450901803605,637,6.344693754831983,4.9982862862862865,500,0.506542
10,500,3,2,79,0.0,0.5043,321,5.648818992681889,4.7525450901803605,648,6.361269262697804,5.0011031031031035,500,0.5110580000000001
10,500,3,2,80,0.0,0.5087999999999999,321,5.648818992681889,4.7525450901803605,633,6.337903613694272,4.99841041041041,500,0.511786
10,500,3,2,81,0.0,0.503,321,5.648818992681889,4.7525450901803605,623,6.324912913301852,4.9962762762762765,500,0.506754
10,500,3,2,82,0.0,0.49479999999999996,321,5.648818992681889,4.7525450901803605,639,6.346474051400207,5.000084084084084,500,0.502192
10,500,3,2,83,0.0,0.5061,321,5.648818992681889,4.7525450901803605,638,6.343761487145587,5.00155955955956,500,0.50938
10,500,3,2,84,0.0,0.49660000000000004,321,5.648818992681889,4.7525450901803605,642,6.345331231576879,5.000288288288289,500,0.503998
10,500,3,2,85,0.0,0.5026,321,5.648818992681889,4.7525450901803605,639,6.3570682602121575,5.000360360360361,500,0.505368
10,500,3,2,86,0.0,0.4993,321,5.648818992681889,4.7525450901803605,640,6.353360516073717,4.999937937937938,500,0.507024
10,500,3,2,87,0.0,0.5062000000000001,321,5.648818992681889,4.7525450901803605,644,6.359019922119328,4.998258258258258,500,0.5085040000000002
10,500,3,2,88,0.0,0.5013,321,5.648818992681889,4.7525450901803605,652,6.368768989779257,4.995845845845846,500,0.5057379999999999
10,500,3,2,89,0.0,0.5033,321,5.648818992681889,4.7525450901803605,643,6.357086165277492,4.999925925925926,500,0.50783
10,500,3,2,90,0.0,0.5041,321,5.648818992681889,4.7525450901803605,652,6.367244252480054,5.000294294294294,500,0.506496
10,500,3,2,91,0.0,0.4975,321,5.648818992681889,4.7525450901803605,651,6.370110277008287,4.999513513513514,500,0.5040800000000001
10,500,3,2,92,0.0,0.49639999999999995,321,5.648818992681889,4.7525450901803605,642,6.354112221419745,4.999711711711711,500,0.501904
10,500,3,2,93,0.0,0.5018,321,5.648818992681889,4.7525450901803605,647,6.355272946308406,4.996540540540541,500,0.506324
10,500,3,2,94,0.0,0.5039,321,5.648818992681889,4.7525450901803605,629,6.332262112713995,4.9982002002002,500,0.508696
10,500,3,2,95,0.0,0.5057,321,5.648818992681889,4.7525450901803605,642,6.355357185112977,4.999837837837838,500,0.5066499999999999
10,500,3,2,96,0.0,0.49920000000000003,321,5.648818992681889,4.7525450901803605,631,6.332836677261468,5.00184984984985,500,0.505558
10,500,3,2,97,0.0,0.5024,321,5.648818992681889,4.7525450901803605,650,6.369247230790932,5.001021021021021,500,0.506334
10,500,3,2,98,0.0,0.5037,321,5.648818992681889,4.7525450901803605,651,6.374653965297328,4.9976996996997,500,0.507562
10,500,3,2,99,0.0,0.5019,321,5.648818992681889,4.7525450901803605,628,6.3326711322566265,4.9971631631631634,500,0.5072
10,500,3,3,0,0.0,0.5067999999999999,311,5.626638282903971,4.78961122244489,614,6.300813464017626,4.999019019019019,500,0.509264
10,500,3,3,1,0.0,0.5059,311,5.626638282903971,4.78961122244489,624,6.316724393071794,5.000310310310311,500,0.5075
10,500,3,3,2,0.0,0.5073,311,5.626638282903971,4.78961122244489,633,6.341085221959144,5.000422422422423,500,0.50932
10,500,3,3,3,0.0,0.5035999999999999,311,5.626638282903971,4.78961122244489,641,6.356081788392249,5.002426426426426,500,0.507174
10,500,3,3,4,0.0,0.5081,311,5.626638282903971,4.78961122244489,630,6.333107253866016,4.999573573573573,500,0.511836
10,500,3,3,5,0.0,0.5045,311,5.626638282903971,4.78961122244489,633,6.335924849720346,5.002688688688688,500,0.508666
10,500,3,3,6,0.0,0.5096,311,5.626638282903971,4.78961122244489,651,6.357485987818701,4.999199199199199,500,0.511152
10,500,3,3,7,0.0,0.5081,311,5.626638282903971,4.78961122244489,638,6.351679430771096,5.001531531531532,500,0.509374
10,500,3,3,8,0.0,0.5025,311,5.626638282903971,4.78961122244489,649,6.362604240655214,5.001523523523524,500,0.506352
10,500,3,3,9,0.0,0.5059,311,5.626638282903971,4.78961122244489,658,6.382472697657234,5.001547547547547,500,0.509226
10,500,3,3,10,0.0,0.5075,311,5.626638282903971,4.78961122244489,624,6.326942504741973,5.000246246246246,500,0.507884
10,500,3,3,11,0.0,0.5129,311,5.626638282903971,4.78961122244489,623,6.325835983986826,4.998828828828829,500,0.5098360000000001
10,500,3,3,12,0.0,0.5051,311,5.626638282903971,4.78961122244489,647,6.363040362264604,5.001451451451452,500,0.5071599999999999
10,500,3,3,13,0.0,0.51,311,5.626638282903971,4.78961122244489,627,6.322076923444676,5.001697697697698,500,0.5107240000000001
10,500,3,3,14,0.0,0.5065,311,5.626638282903971,4.78961122244489,652,6.3758839116550305,5.002272272272272,500,0.5076560000000001
10,500,3,3,15,0.0,0.5063,311,5.626638282903971,4.78961122244489,628,6.33545291798029,5.001703703703703,500,0.509698
10,500,3,3,16,0.0,0.5045,311,5.626638282903971,4.78961122244489,636,6.340447745214249,4.9984604604604606,500,0.50669
10,500,3,3,17,0.0,0.5164,311,5.626638282903971,4.78961122244489,631,6.32303629319783,4.998534534534534,500,0.5105379999999999
10,500,3,3,18,0.0,0.5025999999999999,311,5.626638282903971,4.78961122244489,640,6.346221379860992,5.000696696696696,500,0.506348
10,500,3,3,19,0.0,0.5003,311,5.626638282903971,4.78961122244489,640,6.35142675923188,5.000446446446446,500,0.503808
10,500,3,3,20,0.0,0.5113,311,5.626638282903971,4.78961122244489,636,6.343969151552711,4.999021021021021,500,0.510232
10,500,3,3,21,0.0,0.5088,311,5.626638282903971,4.78961122244489,640,6.348906842048857,5.0002162162162165,500,0.51107
10,500,3,3,22,0.0,0.5007,311,5.626638282903971,4.78961122244489,641,6.350196812874177,4.999677677677678,500,0.50518
10,500,3,3,23,0.0,0.5106999999999999,311,5.626638282903971,4.78961122244489,618,6.304421996890465,4.9981481481481485,500,0.51033
10,500,3,3,24,0.0,0.5104,311,5.626638282903971,4.78961122244489,631,6.325032962237088,4.9961001001001,500,0.508486
10,500,3,3,25,0.0,0.5077,311,5.626638282903971,4.78961122244489,631,6.327492854952495,5.001635635635636,500,0.5104120000000001
10,500,3,3,26,0.0,0.5057999999999999,311,5.626638282903971,4.78961122244489,643,6.350720061017942,5.000552552552553,500,0.507344
10,500,3,3,27,0.0,0.5127,311,5.626638282903971,4.78961122244489,646,6.363972629951002,4.998556556556556,500,0.510046
10,500,3,3,28,0.0,0.5107999999999999,311,5.626638282903971,4.78961122244489,635,6.331513295097771,4.999855855855856,500,0.510294
10,500,3,3,29,0.0,0.5103,311,5.626638282903971,4.78961122244489,634,6.3337447306109125,5.000818818818819,500,0.51198
10,500,3,3,30,0.0,0.5115,311,5.626638282903971,4.78961122244489,622,6.314537964690741,4.999141141141141,500,0.51074
10,500,3,3,31,0.0,0.5114,311,5.626638282903971,4.78961122244489,635,6.338261316833196,4.999235235235235,500,0.509162
10,500,3,3,32,0.0,0.5007999999999999,311,5.626638282903971,4.78961122244489,637,6.342086711114584,5.002862862862863,500,0.508072
10,500,3,3,33,0.0,0.5089,311,5.626638282903971,4.78961122244489,637,6.342654966390438,5.000006006006006,500,0.508286
10,500,3,3,34,0.0,0.5065,311,5.626638282903971,4.78961122244489,626,6.327562076421536,5.000190190190191,500,0.507482
10,500,3,3,35,0.0,0.5152,311,5.626638282903971,4.78961122244489,632,6.331468287965681,4.996380380380381,500,0.510516
10,500,3,3,36,0.0,0.5027999999999999,311,5.626638282903971,4.78961122244489,624,6.320377933076722,4.999495495495496,500,0.5077020000000001
10,500,3,3,37,0.0,0.4991999999999999,311,5.626638282903971,4.78961122244489,642,6.353125749599834,5.00371971971972,500,0.508652
10,500,3,3,38,0.0,0.5055,311,5.626638282903971,4.78961122244489,645,6.353222073135633,5.001451451451452,500,0.507806
10,500,3,3,39,0.0,0.5067999999999999,311,5.626638282903971,4.78961122244489,627,6.324380468156663,5.003491491491491,500,0.510096
10,500,3,3,40,0.0,0.5022,311,5.626638282903971,4.78961122244489,632,6.335810621119214,5.001601601601601,500,0.5068100000000001
10,500,3,3,41,0.0,0.5067,311,5.626638282903971,4.78961122244489,647,6.360538350146913,5.001311311311311,500,0.510222
10,500,3,3,42,0.0,0.5099,311,5.626638282903971,4.78961122244489,635,6.331287725625312,5.000462462462463,500,0.510134
10,500,3,3,43,0.0,0.512,311,5.626638282903971,4.78961122244489,641,6.344128387285933,4.999067067067067,500,0.51007
10,500,3,3,44,0.0,0.5036999999999999,311,5.626638282903971,4.78961122244489,629,6.330851604015922,4.999613613613613,500,0.5065459999999999
10,500,3,3,45,0.0,0.5059,311,5.626638282903971,4.78961122244489,623,6.321920575441259,4.999077077077077,500,0.5072279999999999
10,500,3,3,46,0.0,0.5071,311,5.626638282903971,4.78961122244489,628,6.327745526491711,5.002296296296296,500,0.50813
10,500,3,3,47,0.0,0.5079,311,5.626638282903971,4.78961122244489,625,6.316306176527737,5.002904904904905,500,0.5085000000000001
10,500,3,3,48,0.0,0.5071,311,5.626638282903971,4.78961122244489,650,6.360057221405434,5.0024804804804806,500,0.507184
10,500,3,3,49,0.0,0.5027,311,5.626638282903971,4.78961122244489,635,6.335016796370901,5.001167167167167,500,0.507362
10,500,3,3,50,0.0,0.509,311,5.626638282903971,4.78961122244489,627,6.323725086346435,5.00034034034034,500,0.511582
10,500,3,3,51,0.0,0.5085,311,5.626638282903971,4.78961122244489,625,6.329270263790914,5.002400400400401,500,0.510616
10,500,3,3,52,0.0,0.5073,311,5.626638282903971,4.78961122244489,641,6.358271104503104,5.000494494494495,500,0.507602
10,500,3,3,53,0.0,0.5051,311,5.626638282903971,4.78961122244489,645,6.356334459931464,4.999585585585586,500,0.508012
10,500,3,3,54,0.0,0.5091,311,5.626638282903971,4.78961122244489,641,6.348356491838334,5.0022442442442445,500,0.5106080000000001
10,500,3,3,55,0.0,0.5075,311,5.626638282903971,4.78961122244489,640,6.349306664590065,4.999837837837838,500,0.50722
10,500,3,3,56,0.0,0.5085,311,5.626638282903971,4.78961122244489,625,6.315127546573743,4.999813813813814,500,0.5077180000000001
10,500,3,3,57,0.0,0.5082,311,5.626638282903971,4.78961122244489,641,6.353928771349571,5.000872872872873,500,0.508392
10,500,3,3,58,0.0,0.5064,311,5.626638282903971,4.78961122244489,621,6.313464366336455,5.001937937937938,500,0.509336
10,500,3,3,59,0.0,0.5095,311,5.626638282903971,4.78961122244489,647,6.356151009861289,5.000026026026026,500,0.510192
10,500,3,3,60,0.0,0.5109999999999999,311,5.626638282903971,4.78961122244489,632,6.337040567476917,4.998974974974975,500,0.509724
10,500,3,3,61,0.0,0.5024,311,5.626638282903971,4.78961122244489,628,6.3236916750080585,5.003535535535535,500,0.5061420000000001
10,500,3,3,62,0.0,0.5049999999999999,311,5.626638282903971,4.78961122244489,628,6.3280432051630155,5.000376376376376,500,0.50713
10,500,3,3,63,0.0,0.5107999999999999,311,5.626638282903971,4.78961122244489,622,6.313106663197532,5.000876876876877,500,0.5121020000000001
10,500,3,3,64,0.0,0.5149,311,5.626638282903971,4.78961122244489,617,6.291578447500038,4.998176176176176,500,0.512394
10,500,3,3,65,0.0,0.5084,311,5.626638282903971,4.78961122244489,641,6.35554063518315,5.000312312312312,500,0.507838
10,500,3,3,66,0.0,0.5052,311,5.626638282903971,4.78961122244489,633,6.339106457985218,5.003223223223223,500,0.509328
10,500,3,3,67,0.0,0.5051,311,5.626638282903971,4.78961122244489,643,6.35753730422241,5.002920920920921,500,0.508612
10,500,3,3,68,0.0,0.5057999999999999,311,5.626638282903971,4.78961122244489,632,6.333194380400391,4.999607607607608,500,0.508594
10,500,3,3,69,0.0,0.5122000000000001,311,5.626638282903971,4.78961122244489,634,6.338444766903369,4.9997837837837835,500,0.511564
10,500,3,3,70,0.0,0.499,311,5.626638282903971,4.78961122244489,642,6.356971936676359,5.001921921921922,500,0.505996
10,500,3,3,71,0.0,0.5120999999999999,311,5.626638282903971,4.78961122244489,629,6.325174292904977,4.995741741741742,500,0.509282
10,500,3,3,72,0.0,0.507,311,5.626638282903971,4.78961122244489,636,6.3356963925180825,5.0017537537537535,500,0.507924
10,500,3,3,73,0.0,0.5077999999999999,311,5.626638282903971,4.78961122244489,641,6.357675747160494,5.001333333333333,500,0.509258
10,500,3,3,74,0.0,0.5119999999999999,311,5.626638282903971,4.78961122244489,639,6.34921953805569,4.999623623623624,500,0.509324
10,500,3,3,75,0.0,0.513,311,5.626638282903971,4.78961122244489,630,6.327083835409862,4.999871871871872,500,0.512194
10,500,3,3,76,0.0,0.5076999999999999,311,5.626638282903971,4.78961122244489,626,6.32519850724193,5.000714714714714,500,0.51043
10,500,3,3,77,0.0,0.5015,311,5.626638282903971,4.78961122244489,641,6.348777596112196,5.002,500,0.506312
10,500,3,3,78,0.0,0.5051,311,5.626638282903971,4.78961122244489,627,6.325252711375443,5.000862862862863,500,0.506178
10,500,3,3,79,0.0,0.507,311,5.626638282903971,4.78961122244489,650,6.3571461897451105,5.00235035035035,500,0.51032
10,500,3,3,80,0.0,0.5115,311,5.626638282903971,4.78961122244489,617,6.309558154792311,4.999821821821822,500,0.512284
10,500,3,3,81,0.0,0.5047,311,5.626638282903971,4.78961122244489,626,6.327649202955911,5.001627627627627,500,0.50851
10,500,3,3,82,0.0,0.5043,311,5.626638282903971,4.78961122244489,616,6.29917449811729,5.001843843843844,500,0.508066
10,500,3,3,83,0.0,0.5093,311,5.626638282903971,4.78961122244489,633,6.3347220054294,5.001883883883884,500,0.508142
10,500,3,3,84,0.0,0.5029,311,5.626638282903971,4.78961122244489,642,6.345577593844476,5.001151151151151,500,0.5055320000000001
10,500,3,3,85,0.0,0.5102,311,5.626638282903971,4.78961122244489,639,6.34749344562098,4.998366366366366,500,0.510246
10,500,3,3,86,0.0,0.5069,311,5.626638282903971,4.78961122244489,642,6.353447642608092,5.000890890890891,500,0.510082
10,500,3,3,87,0.0,0.5035999999999999,311,5.626638282903971,4.78961122244489,642,6.348539941908509,5.001681681681681,500,0.507024
10,500,3,3,88,0.0,0.5045,311,5.626638282903971,4.78961122244489,644,6.351294625565416,5.001787787787788,500,0.510562
10,500,3,3,89,0.0,0.507,311,5.626638282903971,4.78961122244489,624,6.318477587573261,5.002614614614615,500,0.50735
10,500,3,3,90,0.0,0.5066999999999999,311,5.626638282903971,4.78961122244489,646,6.369133002189801,5.001363363363363,500,0.509706
10,500,3,3,91,0.0,0.5103,311,5.626638282903971,4.78961122244489,618,6.307378035682878,5.001331331331332,500,0.513254
10,500,3,3,92,0.0,0.5107999999999999,311,5.626638282903971,4.78961122244489,642,6.355044489106142,5.0017137137137135,500,0.51024
10,500,3,3,93,0.0,0.5056999999999999,311,5.626638282903971,4.78961122244489,638,6.352314019786188,4.9974394394394395,500,0.5059
10,500,3,3,94,0.0,0.5025,311,5.626638282903971,4.78961122244489,631,6.328226655233189,5.001275275275275,500,0.507632
10,500,3,3,95,0.0,0.5052,311,5.626638282903971,4.78961122244489,651,6.366841542209039,5.00251051051051,500,0.5073139999999999
10,500,3,3,96,0.0,0.5031,311,5.626638282903971,4.78961122244489,634,6.339386231591191,5.000574574574575,500,0.507704
10,500,3,3,97,0.0,0.5099,311,5.626638282903971,4.78961122244489,636,6.340161662336657,4.999973973973974,500,0.512876
10,500,3,3,98,0.0,0.5013,311,5.626638282903971,4.78961122244489,636,6.345078560037664,5.001095095095095,500,0.506882
10,500,3,3,99,0.0,0.5071,311,5.626638282903971,4.78961122244489,629,6.3291318208528295,5.001207207207207,500,0.507642
10,500,8,1,0,0.004,0.5015,400,5.919925689450567,4.9977875751503005,640,6.343788589212343,5.002408408408408,500,0.0077160000000000015
10,500,8,1,1,0.0052,0.5029,400,5.919925689450567,4.9977875751503005,618,6.304999449167742,4.994348348348348,500,0.007592000000000001
10,500,8,1,2,0.0079,0.49939999999999996,400,5.919925689450567,4.9977875751503005,625,6.313220891798663,4.9991111111111115,500,0.007638
10,500,8,1,3,0.0095,0.49789999999999995,400,5.919925689450567,4.9977875751503005,621,6.316700178734841,5.000106106106106,500,0.007664
10,500,8,1,4,0.011200000000000002,0.501,400,5.919925689450567,4.9977875751503005,627,6.3233470872346835,5.001917917917918,500,0.007795999999999999
10,500,8,1,5,0.0123,0.5007,400,5.919925689450567,4.9977875751503005,616,6.311921723971919,5.002488488488488,498,0.007602
10,500,8,1,6,0.014900000000000002,0.4904,400,5.919925689450567,4.9977875751503005,635,6.334310098156962,4.997121121121121,500,0.00761
10,500,8,1,7,0.017200000000000003,0.49739999999999995,400,5.919925689450567,4.9977875751503005,619,6.309017001583213,5.001897897897898,500,0.007498000000000001
10,500,8,1,8,0.019700000000000002,0.4977,400,5.919925689450567,4.9977875751503005,632,6.323137520857577,4.9995255255255255,500,0.007586000000000001
10,500,8,1,9,0.021900000000000003,0.4957,400,5.919925689450567,4.9977875751503005,599,6.251199267051317,4.997947947947948,500,0.007372
10,500,8,1,10,0.0241,0.5003,400,5.919925689450567,4.9977875751503005,610,6.278060206086378,5.000162162162162,500,0.007302
10,500,8,1,11,0.027,0.5039999999999999,400,5.919925689450567,4.9977875751503005,620,6.290519896169782,4.998986986986987,500,0.007364
10,500,8,1,12,0.029099999999999997,0.49160000000000004,400,5.919925689450567,4.9977875751503005,606,6.2582072553574015,4.9975375375375375,500,0.007404000000000001
10,500,8,1,13,0.030899999999999997,0.49710000000000004,400,5.919925689450567,4.9977875751503005,610,6.252985872891159,4.998824824824825,500,0.007412000000000001
10,500,8,1,14,0.0339,0.49460000000000004,400,5.919925689450567,4.9977875751503005,579,6.183869277416017,4.995363363363364,500,0.007278000000000001
10,500,8,1,15,0.038299999999999994,0.49999999999999994,400,5.919925689450567,4.9977875751503005,602,6.220541096124444,5.000368368368369,500,0.007082000000000001
10,500,8,1,16,0.0394,0.4967,400,5.919925689450567,4.9977875751503005,606,6.220453512628927,4.9965705705705705,500,0.007124
10,500,8,1,17,0.041100000000000005,0.49099999999999994,400,5.919925689450567,4.9977875751503005,603,6.213602109692653,4.994126126126126,500,0.007104000000000001
10,500,8,1,18,0.0427,0.4925,400,5.919925689450567,4.9977875751503005,602,6.203172986636529,4.9987807807807805,500,0.007008000000000001
10,500,8,1,19,0.04520000000000001,0.49290000000000006,400,5.919925689450567,4.9977875751503005,582,6.147234442849729,4.993327327327328,500,0.006886000000000001
10,500,8,1,20,0.04870000000000001,0.49560000000000004,400,5.919925689450567,4.9977875751503005,589,6.156587109510263,4.994434434434434,500,0.006926
10,500,8,1,21,0.051200000000000016,0.4909000000000001,400,5.919925689450567,4.9977875751503005,564,6.10459137843792,4.997679679679679,500,0.006838000000000001
10,500,8,1,22,0.05380000000000002,0.4913,400,5.919925689450567,4.9977875751503005,595,6.149608179803986,4.993059059059059,499,0.00698
10,500,8,1,23,0.05470000000000002,0.4935,400,5.919925689450567,4.9977875751503005,596,6.1481517079025005,4.998556556556556,500,0.006952000000000001
10,500,8,1,24,0.055500000000000015,0.49720000000000003,400,5.919925689450567,4.9977875751503005,576,6.108214953805552,4.997153153153153,500,0.00675
10,500,8,1,25,0.05840000000000002,0.49570000000000003,400,5.919925689450567,4.9977875751503005,600,6.136697687864321,4.993335335335336,500,0.00675
10,500,8,1,26,0.059300000000000026,0.49560000000000004,400,5.919925689450567,4.9977875751503005,586,6.101945461365567,4.99602002002002,500,0.006738
10,500,8,1,27,0.06240000000000002,0.49010000000000004,400,5.919925689450567,4.9977875751503005,591,6.095855183473079,4.99154954954955,500,0.0065840000000000004
10,500,8,1,28,0.06610000000000002,0.4887,400,5.919925689450567,4.9977875751503005,563,6.032175646171204,4.989191191191191,497,0.006578000000000001
10,500,8,1,29,0.06750000000000002,0.49260000000000004,400,5.919925689450567,4.9977875751503005,560,6.027173279198726,4.992356356356356,500,0.006536
10,500,8,1,30,0.07050000000000003,0.48580000000000007,400,5.919925689450567,4.9977875751503005,576,6.034499683626311,4.98617017017017,500,0.006556000000000001
10,500,8,1,31,0.07370000000000002,0.48680000000000007,400,5.919925689450567,4.9977875751503005,576,6.018255167126556,4.987147147147147,499,0.0064860000000000004
10,500,8,1,32,0.07610000000000003,0.4912,400,5.919925689450567,4.9977875751503005,562,5.990115727681184,4.98596996996997,499,0.0064860000000000004
10,500,8,1,33,0.0781,0.4817000000000001,400,5.919925689450567,4.9977875751503005,554,5.968553144573991,4.984734734734735,498,0.006450000000000001
10,500,8,1,34,0.07880000000000001,0.4892,400,5.919925689450567,4.9977875751503005,543,5.934216682621761,4.981525525525526,500,0.0064080000000000005
10,500,8,1,35,0.0814,0.4849,400,5.919925689450567,4.9977875751503005,560,5.937108383202677,4.98591991991992,500,0.0062180000000000004
10,500,8,1,36,0.08420000000000001,0.485,400,5.919925689450567,4.9977875751503005,556,5.923563956714288,4.97612012012012,500,0.00636
10,500,8,1,37,0.08660000000000002,0.481,400,5.919925689450567,4.9977875751503005,554,5.906756544333776,4.974262262262262,500,0.006358000000000001
10,500,8,1,38,0.08910000000000003,0.4827,400,5.919925689450567,4.9977875751503005,543,5.871494439574082,4.973231231231232,499,0.005966000000000001
10,500,8,1,39,0.09110000000000003,0.48660000000000003,400,5.919925689450567,4.9977875751503005,547,5.870008127335359,4.973741741741741,496,0.0060680000000000005
10,500,8,1,40,0.09290000000000001,0.49060000000000004,400,5.919925689450567,4.9977875751503005,547,5.846484203246103,4.96946946946947,500,0.006044000000000002
10,500,8,1,41,0.09600000000000002,0.48310000000000003,400,5.919925689450567,4.9977875751503005,535,5.814435913695859,4.969547547547547,499,0.005992000000000001
10,500,8,1,42,0.09820000000000002,0.48460000000000003,400,5.919925689450567,4.9977875751503005,537,5.813975285398143,4.9732972972972975,500,0.005966000000000001
10,500,8,1,43,0.09920000000000001,0.4824,400,5.919925689450567,4.9977875751503005,523,5.77450668401125,4.961013013013013,497,0.006076000000000001
10,500,8,1,44,0.10170000000000001,0.487,400,5.919925689450567,4.9977875751503005,527,5.768186120695801,4.96968968968969,500,0.005884
10,500,8,1,45,0.10280000000000002,0.4797,400,5.919925689450567,4.9977875751503005,515,5.750460832440071,4.962924924924925,500,0.0058920000000000005
10,500,8,1,46,0.10389999999999999,0.485,400,5.919925689450567,4.9977875751503005,526,5.743711350924084,4.97003003003003,499,0.005814000000000001
10,500,8,1,47,0.10719999999999999,0.4775,400,5.919925689450567,4.9977875751503005,537,5.742003280982274,4.959137137137137,499,0.0059240000000000004
10,500,8,1,48,0.1107,0.4739,400,5.919925689450567,4.9977875751503005,511,5.687292068960439,4.955413413413414,500,0.005650000000000001
10,500,8,1,49,0.1123,0.47659999999999997,400,5.919925689450567,4.9977875751503005,530,5.70627032729038,4.947463463463463,499,0.005634
10,500,8,1,50,0.1142,0.4791,400,5.919925689450567,4.9977875751503005,527,5.692174635080857,4.9516056056056055,498,0.00561
10,500,8,1,51,0.1148,0.4758,400,5.919925689450567,4.9977875751503005,513,5.666074060324553,4.954706706706706,500,0.005660000000000001
10,500,8,1,52,0.11700000000000002,0.4726,400,5.919925689450567,4.9977875751503005,532,5.672730999133882,4.939175175175175,495,0.005502000000000001
10,500,8,1,53,0.119,0.4749,400,5.919925689450567,4.9977875751503005,508,5.62446967730552,4.935625625625626,499,0.005542000000000001
10,500,8,1,54,0.1199,0.4685,400,5.919925689450567,4.9977875751503005,520,5.637402855796871,4.92997997997998,500,0.005548000000000001
10,500,8,1,55,0.1218,0.47220000000000006,400,5.919925689450567,4.9977875751503005,510,5.588720847576296,4.925521521521522,498,0.0054280000000000005
10,500,8,1,56,0.126,0.4715,400,5.919925689450567,4.9977875751503005,510,5.578670120096866,4.942148148148148,497,0.005492000000000001
10,500,8,1,57,0.1275,0.4774,400,5.919925689450567,4.9977875751503005,494,5.52700522052417,4.9342022022022025,497,0.005328
10,500,8,1,58,0.13110000000000002,0.4688,400,5.919925689450567,4.9977875751503005,492,5.504651162010864,4.914478478478478,498,0.005316
10,500,8,1,59,0.13460000000000003,0.4705,400,5.919925689450567,4.9977875751503005,481,5.468327876763279,4.925111111111111,500,0.005300000000000001
10,500,8,1,60,0.13720000000000002,0.46620000000000006,400,5.919925689450567,4.9977875751503005,494,5.473990032424414,4.920700700700701,498,0.005222000000000001
10,500,8,1,61,0.13850000000000004,0.46920000000000006,400,5.919925689450567,4.9977875751503005,498,5.472801951133368,4.926602602602602,498,0.005186
10,500,8,1,62,0.13980000000000004,0.4695,400,5.919925689450567,4.9977875751503005,493,5.454570956692429,4.93797997997998,498,0.00523
10,500,8,1,63,0.14210000000000003,0.46590000000000004,400,5.919925689450567,4.9977875751503005,487,5.422277911763528,4.914016016016016,500,0.005050000000000001
10,500,8,1,64,0.1448,0.47220000000000006,400,5.919925689450567,4.9977875751503005,490,5.413185466983482,4.921569569569569,496,0.005088000000000001
10,500,8,1,65,0.14770000000000003,0.4674,400,5.919925689450567,4.9977875751503005,491,5.396183463018465,4.917161161161161,497,0.0049700000000000005
10,500,8,1,66,0.14880000000000002,0.464,400,5.919925689450567,4.9977875751503005,490,5.3858619075862535,4.901993993993994,495,0.005034
10,500,8,1,67,0.15040000000000003,0.46820000000000006,400,5.919925689450567,4.9977875751503005,485,5.35986987288414,4.906818818818818,500,0.005044000000000001
10,500,8,1,68,0.15210000000000004,0.4686,400,5.919925689450567,4.9977875751503005,481,5.332330950086853,4.905677677677677,499,0.004802000000000001
10,500,8,1,69,0.15430000000000005,0.462,400,5.919925689450567,4.9977875751503005,466,5.29557464121236,4.891567567567567,490,0.004818
10,500,8,1,70,0.15510000000000002,0.47440000000000004,400,5.919925689450567,4.9977875751503005,463,5.284144165381441,4.902954954954955,494,0.004864000000000001
10,500,8,1,71,0.15730000000000005,0.46270000000000006,400,5.919925689450567,4.9977875751503005,477,5.292605902433965,4.892942942942943,499,0.0048920000000000005
10,500,8,1,72,0.15790000000000004,0.46770000000000006,400,5.919925689450567,4.9977875751503005,473,5.279687740850059,4.897235235235235,498,0.00478
10,500,8,1,73,0.15930000000000005,0.45740000000000003,400,5.919925689450567,4.9977875751503005,479,5.276803225328678,4.878526526526526,498,0.004798
10,500,8,1,74,0.16100000000000003,0.46440000000000003,400,5.919925689450567,4.9977875751503005,447,5.2035250589272,4.895279279279279,497,0.004756
10,500,8,1,75,0.16440000000000005,0.46020000000000005,400,5.919925689450567,4.9977875751503005,458,5.207804201184883,4.877961961961962,494,0.004640000000000001
10,500,8,1,76,0.16660000000000005,0.46730000000000005,400,5.919925689450567,4.9977875751503005,454,5.188725391744284,4.877071071071071,496,0.004604000000000001
10,500,8,1,77,0.1693,0.4614,400,5.919925689450567,4.9977875751503005,467,5.193185713508832,4.884696696696697,493,0.004520000000000001
10,500,8,1,78,0.17150000000000004,0.46330000000000005,400,5.919925689450567,4.9977875751503005,448,5.13491632645506,4.891589589589589,495,0.004466
10,500,8,1,79,0.17620000000000002,0.4673,400,5.919925689450567,4.9977875751503005,442,5.116493634870726,4.881403403403404,494,0.004328
10,500,8,1,80,0.17710000000000004,0.465,400,5.919925689450567,4.9977875751503005,434,5.085799343501053,4.884756756756757,492,0.0044
10,500,8,1,81,0.17809999999999998,0.4621,400,5.919925689450567,4.9977875751503005,452,5.09866078697797,4.895465465465466,499,0.004318
10,500,8,1,82,0.18080000000000004,0.46040000000000003,400,5.919925689450567,4.9977875751503005,426,5.028958976159167,4.870390390390391,492,0.004326000000000001
10,500,8,1,83,0.18450000000000005,0.4544000000000001,400,5.919925689450567,4.9977875751503005,443,5.0261254992154605,4.864268268268268,493,0.004256
10,500,8,1,84,0.18710000000000004,0.4495,400,5.919925689450567,4.9977875751503005,426,4.987986114515581,4.859757757757758,491,0.004390000000000001
10,500,8,1,85,0.18820000000000003,0.4595,400,5.919925689450567,4.9977875751503005,428,4.966556668646316,4.863997997997998,495,0.004066000000000001
10,500,8,1,86,0.19280000000000005,0.4488000000000001,400,5.919925689450567,4.9977875751503005,411,4.915285671403602,4.8251931931931935,493,0.004042
10,500,8,1,87,0.19560000000000002,0.4576,400,5.919925689450567,4.9977875751503005,428,4.918147324971559,4.849401401401401,496,0.004030000000000001
10,500,8,1,88,0.19900000000000007,0.45770000000000005,400,5.919925689450567,4.9977875751503005,421,4.896777064703256,4.834944944944945,498,0.004028
10,500,8,1,89,0.19990000000000002,0.4495000000000001,400,5.919925689450567,4.9977875751503005,405,4.850989194716149,4.834812812812813,475,0.003972000000000001
10,500,8,1,90,0.20160000000000003,0.4544,400,5.919925689450567,4.9977875751503005,406,4.827455994896386,4.83995995995996,494,0.00387
10,500,8,1,91,0.20360000000000006,0.44370000000000004,400,5.919925689450567,4.9977875751503005,397,4.809842139845799,4.794760760760761,495,0.004018000000000001
10,500,8,1,92,0.20490000000000003,0.457,400,5.919925689450567,4.9977875751503005,403,4.823637243363454,4.825005005005005,488,0.00392
10,500,8,1,93,0.20590000000000003,0.45389999999999997,400,5.919925689450567,4.9977875751503005,406,4.8205433369862485,4.823417417417417,492,0.004004000000000001
10,500,8,1,94,0.20690000000000003,0.4585,400,5.919925689450567,4.9977875751503005,405,4.8301323058353205,4.834848848848849,488,0.004040000000000001
10,500,8,1,95,0.20690000000000003,0.4545,400,5.919925689450567,4.9977875751503005,419,4.846517361076787,4.834908908908909,496,0.003936
10,500,8,1,96,0.20870000000000005,0.4554000000000001,400,5.919925689450567,4.9977875751503005,407,4.8295533700831035,4.8177497497497495,495,0.0038740000000000003
10,500,8,1,97,0.20970000000000005,0.46220000000000006,400,5.919925689450567,4.9977875751503005,408,4.81078061865052,4.817961961961962,490,0.0035840000000000004
10,500,8,1,98,0.21150000000000002,0.459,400,5.919925689450567,4.9977875751503005,402,4.807792194257546,4.807431431431431,489,0.003928
10,500,8,1,99,0.21250000000000002,0.4693,400,5.919925689450567,4.9977875751503005,404,4.814490420722171,4.836242242242243,494,0.0039000000000000003
10,500,8,2,0,0.0128,0.4992,383,5.866879603587664,5.0047935871743485,629,6.330491013147194,5.002870870870871,500,0.007772
10,500,8,2,1,0.0145,0.5032,383,5.866879603587664,5.0047935871743485,633,6.342585744921396,5.0010810810810815,498,0.007598000000000001
10,500,8,2,2,0.017999999999999995,0.49710000000000004,383,5.866879603587664,5.0047935871743485,651,6.369672253428917,5.001983983983984,500,0.007516000000000001
10,500,8,2,3,0.025299999999999996,0.5016,383,5.866879603587664,5.0047935871743485,634,6.333165376363654,5.003391391391391,500,0.007274
10,500,8,2,4,0.027399999999999997,0.4968,383,5.866879603587664,5.0047935871743485,631,6.323421098403511,5.000896896896897,500,0.007228
10,500,8,2,5,0.0325,0.49060000000000004,383,5.866879603587664,5.0047935871743485,624,6.3032322679650665,4.998382382382382,500,0.007558
10,500,8,2,6,0.0352,0.5057999999999999,383,5.866879603587664,5.0047935871743485,625,6.300852236441093,5.002606606606607,500,0.007326000000000001
10,500,8,2,7,0.03910000000000001,0.49979999999999997,383,5.866879603587664,5.0047935871743485,611,6.2643284400703205,5.002490490490491,500,0.00711
10,500,8,2,8,0.04340000000000001,0.502,383,5.866879603587664,5.0047935871743485,602,6.247641591333173,5.001181181181181,500,0.00706
10,500,8,2,9,0.048,0.5009,383,5.866879603587664,5.0047935871743485,612,6.255603670755113,5.000014014014014,500,0.007212
10,500,8,2,10,0.05210000000000001,0.49879999999999997,383,5.866879603587664,5.0047935871743485,599,6.223330633840693,4.9999039039039035,500,0.006998
10,500,8,2,11,0.0567,0.5047,383,5.866879603587664,5.0047935871743485,597,6.20887081560292,4.994972972972973,500,0.006870000000000001
10,500,8,2,12,0.061900000000000004,0.49739999999999995,383,5.866879603587664,5.0047935871743485,590,6.175350997760951,4.997473473473473,500,0.006906000000000001
10,500,8,2,13,0.0665,0.4975,383,5.866879603587664,5.0047935871743485,590,6.17004132097906,4.999353353353353,500,0.006686000000000001
10,500,8,2,14,0.0709,0.49410000000000004,383,5.866879603587664,5.0047935871743485,599,6.160895502734932,4.995561561561561,500,0.006588000000000001
10,500,8,2,15,0.07780000000000001,0.49970000000000003,383,5.866879603587664,5.0047935871743485,596,6.147038523570503,4.997563563563563,499,0.006518
10,500,8,2,16,0.0806,0.49310000000000004,383,5.866879603587664,5.0047935871743485,583,6.106765428078601,4.993039039039039,500,0.006424
10,500,8,2,17,0.0862,0.498,383,5.866879603587664,5.0047935871743485,578,6.069964620452959,4.990394394394395,500,0.006364000000000001
10,500,8,2,18,0.0949,0.4948,383,5.866879603587664,5.0047935871743485,579,6.049494351804956,4.986058058058058,499,0.006278000000000001
10,500,8,2,19,0.09879999999999999,0.49839999999999995,383,5.866879603587664,5.0047935871743485,566,5.994126961196483,4.995283283283284,495,0.006092
10,500,8,2,20,0.10709999999999999,0.49429999999999996,383,5.866879603587664,5.0047935871743485,557,5.979851779544122,4.98772972972973,499,0.006200000000000001
10,500,8,2,21,0.10959999999999999,0.49849999999999994,383,5.866879603587664,5.0047935871743485,567,5.971790970930049,4.982732732732733,500,0.006092
10,500,8,2,22,0.115,0.504,383,5.866879603587664,5.0047935871743485,546,5.9163641273555925,4.973561561561562,498,0.006128000000000001
10,500,8,2,23,0.11919999999999999,0.4975,383,5.866879603587664,5.0047935871743485,559,5.928460396403883,4.974552552552552,499,0.005882000000000001
10,500,8,2,24,0.12349999999999998,0.5007999999999999,383,5.866879603587664,5.0047935871743485,531,5.865767972845374,4.9678998998998996,497,0.005976000000000001
10,500,8,2,25,0.1286,0.5047,383,5.866879603587664,5.0047935871743485,536,5.853831687561315,4.961567567567568,500,0.005922
10,500,8,2,26,0.13390000000000002,0.5021,383,5.866879603587664,5.0047935871743485,546,5.853211452313572,4.970992992992993,499,0.005792
10,500,8,2,27,0.1366,0.4992,383,5.866879603587664,5.0047935871743485,532,5.817387894542259,4.967831831831832,500,0.005798000000000001
10,500,8,2,28,0.14060000000000003,0.49579999999999996,383,5.866879603587664,5.0047935871743485,533,5.799299789937499,4.962098098098098,500,0.005818
10,500,8,2,29,0.1431,0.5015,383,5.866879603587664,5.0047935871743485,513,5.766548987040965,4.965695695695696,496,0.0057220000000000005
10,500,8,2,30,0.1447,0.49629999999999996,383,5.866879603587664,5.0047935871743485,538,5.786954220996773,4.959925925925926,498,0.005576
10,500,8,2,31,0.14739999999999998,0.4955,383,5.866879603587664,5.0047935871743485,522,5.752447471427593,4.955549549549549,500,0.0055580000000000004
10,500,8,2,32,0.1499,0.5025,383,5.866879603587664,5.0047935871743485,525,5.745056320484087,4.958,497,0.005580000000000001
10,500,8,2,33,0.152,0.4975,383,5.866879603587664,5.0047935871743485,526,5.726792994426885,4.954820820820821,500,0.005536
10,500,8,2,34,0.15799999999999997,0.4986,383,5.866879603587664,5.0047935871743485,515,5.69943366661048,4.953605605605605,500,0.005426
10,500,8,2,35,0.1598,0.5002000000000001,383,5.866879603587664,5.0047935871743485,512,5.668830481833734,4.9479199199199195,500,0.005134000000000001
10,500,8,2,36,0.1651,0.49610000000000004,383,5.866879603587664,5.0047935871743485,505,5.633904351087746,4.958608608608609,500,0.005204
10,500,8,2,37,0.16729999999999998,0.5012,383,5.866879603587664,5.0047935871743485,497,5.62098696945412,4.947335335335335,500,0.005344000000000001
10,500,8,2,38,0.1696,0.4987,383,5.866879603587664,5.0047935871743485,489,5.581701975629693,4.9467167167167165,500,0.005236000000000001
10,500,8,2,39,0.1746,0.5026,383,5.866879603587664,5.0047935871743485,488,5.5719020955330425,4.94621021021021,494,0.005096000000000001
10,500,8,2,40,0.17729999999999999,0.4991,383,5.866879603587664,5.0047935871743485,494,5.549147679583783,4.930268268268268,493,0.0051340000000000005
10,500,8,2,41,0.18189999999999998,0.5029,383,5.866879603587664,5.0047935871743485,479,5.489863976920471,4.935717717717718,495,0.0049440000000000005
10,500,8,2,42,0.1906,0.49820000000000003,383,5.866879603587664,5.0047935871743485,492,5.480527006969784,4.9263983983983985,495,0.004712000000000001
10,500,8,2,43,0.1968,0.49829999999999997,383,5.866879603587664,5.0047935871743485,473,5.426743058577326,4.919913913913914,494,0.004724000000000001
10,500,8,2,44,0.201,0.5003,383,5.866879603587664,5.0047935871743485,455,5.373456637839205,4.926884884884885,485,0.004718
10,500,8,2,45,0.20410000000000003,0.4965,383,5.866879603587664,5.0047935871743485,475,5.38675810267263,4.923913913913914,498,0.004712000000000001
10,500,8,2,46,0.2083,0.49960000000000004,383,5.866879603587664,5.0047935871743485,445,5.306263834783741,4.910894894894895,492,0.004698000000000001
10,500,8,2,47,0.2135,0.5004,383,5.866879603587664,5.0047935871743485,455,5.307356263563183,4.919283283283283,494,0.004550000000000001
10,500,8,2,48,0.2164,0.4995,383,5.866879603587664,5.0047935871743485,458,5.305069875506665,4.906704704704705,493,0.004646000000000001
10,500,8,2,49,0.21800000000000003,0.5005,383,5.866879603587664,5.0047935871743485,445,5.269177732321083,4.9035255255255255,494,0.004404000000000001
10,500,8,2,50,0.22030000000000002,0.5046,383,5.866879603587664,5.0047935871743485,442,5.247393819332023,4.877025025025025,492,0.004306
10,500,8,2,51,0.22410000000000002,0.5006,383,5.866879603587664,5.0047935871743485,442,5.232778463157486,4.903231231231231,496,0.00441
10,500,8,2,52,0.22700000000000004,0.4943,383,5.866879603587664,5.0047935871743485,429,5.189528581704129,4.909855855855856,495,0.004332000000000001
10,500,8,2,53,0.2305,0.49979999999999997,383,5.866879603587664,5.0047935871743485,435,5.187593974459217,4.9034634634634635,496,0.004212
10,500,8,2,54,0.23370000000000002,0.49760000000000004,383,5.866879603587664,5.0047935871743485,440,5.160198770390609,4.907947947947948,493,0.004198
10,500,8,2,55,0.2387,0.49889999999999995,383,5.866879603587664,5.0047935871743485,423,5.110730199796641,4.866796796796796,491,0.00412
10,500,8,2,56,0.24259999999999998,0.4982,383,5.866879603587664,5.0047935871743485,413,5.083263438180523,4.879483483483483,492,0.00409
10,500,8,2,57,0.2462,0.5012,383,5.866879603587664,5.0047935871743485,417,5.079233559402395,4.872812812812813,494,0.0039180000000000005
10,500,8,2,58,0.24789999999999998,0.505,383,5.866879603587664,5.0047935871743485,406,5.043147885643278,4.8771771771771775,494,0.0038400000000000005
10,500,8,2,59,0.2507,0.49579999999999996,383,5.866879603587664,5.0047935871743485,414,5.044266625826296,4.85654054054054,489,0.00379
10,500,8,2,60,0.2516,0.5029,383,5.866879603587664,5.0047935871743485,412,5.025546628329838,4.866844844844845,491,0.00391
10,500,8,2,61,0.2541,0.5041,383,5.866879603587664,5.0047935871743485,391,4.992135764865974,4.860626626626627,489,0.003686
10,500,8,2,62,0.2575,0.5033,383,5.866879603587664,5.0047935871743485,401,5.00556133374059,4.828942942942943,491,0.003920000000000001
10,500,8,2,63,0.2591,0.5107,383,5.866879603587664,5.0047935871743485,409,5.013228169927787,4.828122122122122,486,0.0037980000000000006
10,500,8,2,64,0.2604,0.5154000000000001,383,5.866879603587664,5.0047935871743485,402,4.981225759819048,4.804336336336337,489,0.003904
10,500,8,2,65,0.2622,0.5065,383,5.866879603587664,5.0047935871743485,409,5.006698753370788,4.805219219219219,477,0.003766
10,500,8,2,66,0.26339999999999997,0.5085,383,5.866879603587664,5.0047935871743485,408,4.9900765539109635,4.828318318318319,497,0.0038220000000000007
10,500,8,2,67,0.26559999999999995,0.511,383,5.866879603587664,5.0047935871743485,398,4.96431851994944,4.819179179179179,499,0.003966
10,500,8,2,68,0.26830000000000004,0.519,383,5.866879603587664,5.0047935871743485,413,4.971974158348301,4.819003003003003,492,0.003948
10,500,8,2,69,0.2701,0.5225,383,5.866879603587664,5.0047935871743485,408,4.960173942768517,4.80396996996997,495,0.0038360000000000004
10,500,8,2,70,0.2708,0.5229,383,5.866879603587664,5.0047935871743485,400,4.9504945288095,4.80415015015015,488,0.003808
10,500,8,2,71,0.27220000000000005,0.5217,383,5.866879603587664,5.0047935871743485,425,4.999985813245196,4.800342342342343,493,0.003942
10,500,8,2,72,0.27270000000000005,0.5184000000000001,383,5.866879603587664,5.0047935871743485,415,4.975496152587509,4.83396996996997,490,0.003968
10,500,8,2,73,0.2735,0.5250999999999999,383,5.866879603587664,5.0047935871743485,411,4.97273963995085,4.802700700700701,493,0.00395
10,500,8,2,74,0.27420000000000005,0.5299,383,5.866879603587664,5.0047935871743485,412,4.967541884249311,4.786008008008008,493,0.003922
10,500,8,2,75,0.2751,0.5217999999999999,383,5.866879603587664,5.0047935871743485,412,4.9817297402156235,4.82190990990991,495,0.0039640000000000005
10,500,8,2,76,0.27520000000000006,0.5245,383,5.866879603587664,5.0047935871743485,403,4.950536226977121,4.824666666666666,496,0.00384
10,500,8,2,77,0.276,0.5207999999999999,383,5.866879603587664,5.0047935871743485,398,4.937044208015877,4.790734734734735,493,0.0038520000000000004
10,500,8,2,78,0.2765,0.522,383,5.866879603587664,5.0047935871743485,388,4.922829241218196,4.825177177177177,487,0.003996
10,500,8,2,79,0.2775,0.5243,383,5.866879603587664,5.0047935871743485,403,4.93798331210997,4.798776776776776,493,0.0038340000000000006
10,500,8,2,80,0.27870000000000006,0.529,383,5.866879603587664,5.0047935871743485,410,4.954262346029711,4.817561561561561,492,0.003808
10,500,8,2,81,0.2794,0.5197999999999999,383,5.866879603587664,5.0047935871743485,395,4.925075571278785,4.798826826826827,487,0.003968
10,500,8,2,82,0.2801,0.5283,383,5.866879603587664,5.0047935871743485,410,4.939807273806192,4.812666666666667,492,0.0038380000000000007
10,500,8,2,83,0.2816,0.5301,383,5.866879603587664,5.0047935871743485,404,4.9363464725742325,4.792178178178178,493,0.003968
10,500,8,2,84,0.2819,0.5277,383,5.866879603587664,5.0047935871743485,410,4.912424520328287,4.808730730730731,499,0.0038280000000000002
10,500,8,2,85,0.2838,0.536,383,5.866879603587664,5.0047935871743485,408,4.9111657520768475,4.819551551551552,489,0.003862
10,500,8,2,86,0.2845,0.5332,383,5.866879603587664,5.0047935871743485,400,4.900953714221044,4.821897897897898,498,0.0038840000000000003
10,500,8,2,87,0.2848,0.5360999999999999,383,5.866879603587664,5.0047935871743485,400,4.873903702027168,4.80809009009009,491,0.003972000000000001
10,500,8,2,88,0.2864,0.5367999999999999,383,5.866879603587664,5.0047935871743485,390,4.830632495520717,4.811047047047047,482,0.00384
10,500,8,2,89,0.2869,0.5340999999999999,383,5.866879603587664,5.0047935871743485,420,4.886889847343003,4.790404404404405,491,0.003862
10,500,8,2,90,0.28729999999999994,0.5405999999999999,383,5.866879603587664,5.0047935871743485,404,4.868354947714444,4.791983983983984,496,0.0039900000000000005
10,500,8,2,91,0.28779999999999994,0.5384,383,5.866879603587664,5.0047935871743485,410,4.864310153565251,4.813417417417417,494,0.003744000000000001
10,500,8,2,92,0.288,0.5335,383,5.866879603587664,5.0047935871743485,419,4.887001284957211,4.79062062062062,490,0.003978000000000001
10,500,8,2,93,0.2884999999999999,0.5350999999999999,383,5.866879603587664,5.0047935871743485,398,4.858239802882804,4.832542542542543,490,0.0038900000000000002
10,500,8,2,94,0.2884999999999999,0.5370999999999999,383,5.866879603587664,5.0047935871743485,410,4.866555777725124,4.795325325325325,490,0.003878
10,500,8,2,95,0.28879999999999995,0.5431999999999999,383,5.866879603587664,5.0047935871743485,405,4.860132939665014,4.750538538538539,488,0.004024000000000001
10,500,8,2,96,0.2890999999999999,0.5393,383,5.866879603587664,5.0047935871743485,403,4.865612692592612,4.7633013013013015,494,0.003982
10,500,8,2,97,0.2896,0.5443,383,5.866879603587664,5.0047935871743485,391,4.830561932017029,4.784494494494495,496,0.003946
10,500,8,2,98,0.2904,0.5423,383,5.866879603587664,5.0047935871743485,406,4.861090597990811,4.799129129129129,490,0.00408
10,500,8,2,99,0.2904999999999999,0.5395,383,5.866879603587664,5.0047935871743485,409,4.854086113864723,4.778056056056056,499,0.0038920000000000005
10,500,8,3,0,0.007600000000000001,0.4943000000000001,391,5.897065383525468,4.997939879759519,636,6.34909029211903,5.0011831831831834,500,0.00774
10,500,8,3,1,0.009300000000000001,0.49739999999999995,391,5.897065383525468,4.997939879759519,639,6.354130126485078,5.001881881881882,500,0.007794000000000001
10,500,8,3,2,0.012199999999999999,0.5078,391,5.897065383525468,4.997939879759519,647,6.361185023893233,4.996892892892893,500,0.007778
10,500,8,3,3,0.013800000000000002,0.49879999999999997,391,5.897065383525468,4.997939879759519,647,6.356424474195643,5.0033273273273275,500,0.007842
10,500,8,3,4,0.0157,0.5044000000000001,391,5.897065383525468,4.997939879759519,632,6.336360971329736,5.001093093093093,500,0.0077220000000000006
10,500,8,3,5,0.0189,0.49670000000000003,391,5.897065383525468,4.997939879759519,629,6.312276539381037,5.00242042042042,500,0.0075899999999999995
10,500,8,3,6,0.023,0.4995,391,5.897065383525468,4.997939879759519,628,6.3103940989429095,5.000526526526526,500,0.007764
10,500,8,3,7,0.026600000000000002,0.5045,391,5.897065383525468,4.997939879759519,636,6.32657659036145,4.99986986986987,499,0.007658000000000001
10,500,8,3,8,0.0291,0.49989999999999996,391,5.897065383525468,4.997939879759519,620,6.275632205137514,5.000458458458459,500,0.007572000000000001
10,500,8,3,9,0.032600000000000004,0.49860000000000004,391,5.897065383525468,4.997939879759519,625,6.2862724415432085,4.99668068068068,500,0.007448000000000001
10,500,8,3,10,0.036199999999999996,0.49879999999999997,391,5.897065383525468,4.997939879759519,632,6.281707778437578,5.00016016016016,500,0.007392
10,500,8,3,11,0.04159999999999999,0.5035999999999999,391,5.897065383525468,4.997939879759519,625,6.269572829231071,4.998506506506507,499,0.007280000000000001
10,500,8,3,12,0.0446,0.4986999999999999,391,5.897065383525468,4.997939879759519,603,6.223163646114886,4.996962962962963,500,0.007084000000000001
10,500,8,3,13,0.0482,0.4987,391,5.897065383525468,4.997939879759519,619,6.234377214896448,4.997243243243243,498,0.007212000000000001
10,500,8,3,14,0.0515,0.5095,391,5.897065383525468,4.997939879759519,602,6.202693179961656,4.990968968968969,498,0.007162000000000001
10,500,8,3,15,0.0539,0.5035,391,5.897065383525468,4.997939879759519,587,6.168469789001949,4.995193193193193,500,0.0071
10,500,8,3,16,0.0555,0.5022000000000001,391,5.897065383525468,4.997939879759519,610,6.202594024040996,4.992616616616616,500,0.007130000000000001
10,500,8,3,17,0.0571,0.4985,391,5.897065383525468,4.997939879759519,626,6.222632453002543,4.990432432432432,500,0.0070739999999999996
10,500,8,3,18,0.0587,0.5035999999999999,391,5.897065383525468,4.997939879759519,601,6.175844188510867,4.993997997997998,500,0.007154
10,500,8,3,19,0.0596,0.5021,391,5.897065383525468,4.997939879759519,604,6.172192097605271,4.99052052052052,499,0.006914000000000002
10,500,8,3,20,0.0619,0.5007,391,5.897065383525468,4.997939879759519,594,6.145434162821234,4.992186186186186,500,0.0069700000000000005
10,500,8,3,21,0.0647,0.5004,391,5.897065383525468,4.997939879759519,610,6.166600393456868,4.988516516516516,500,0.007006
10,500,8,3,22,0.0669,0.5008,391,5.897065383525468,4.997939879759519,589,6.120052281636491,4.991171171171171,499,0.006940000000000001
10,500,8,3,23,0.0701,0.4957,391,5.897065383525468,4.997939879759519,589,6.103245454436609,4.987245245245245,500,0.006804
10,500,8,3,24,0.076,0.49939999999999996,391,5.897065383525468,4.997939879759519,587,6.09993874048182,4.988992992992993,498,0.006768000000000001
10,500,8,3,25,0.078,0.5012,391,5.897065383525468,4.997939879759519,595,6.085947450593082,4.9857537537537535,500,0.006678000000000001
10,500,8,3,26,0.0821,0.5043,391,5.897065383525468,4.997939879759519,570,6.048899420318722,4.982436436436436,498,0.006686000000000001
10,500,8,3,27,0.0821,0.49839999999999995,391,5.897065383525468,4.997939879759519,583,6.056564531195663,4.973317317317317,497,0.0066560000000000005
10,500,8,3,28,0.0856,0.501,391,5.897065383525468,4.997939879759519,590,6.045229359809294,4.982770770770771,499,0.006718
10,500,8,3,29,0.0892,0.5067,391,5.897065383525468,4.997939879759519,577,6.017884213614828,4.975109109109109,498,0.006514000000000001
10,500,8,3,30,0.0919,0.503,391,5.897065383525468,4.997939879759519,578,6.006699322735887,4.980336336336336,499,0.006674
10,500,8,3,31,0.09389999999999998,0.503,391,5.897065383525468,4.997939879759519,576,6.009505109728722,4.976588588588589,500,0.006600000000000001
10,500,8,3,32,0.09549999999999997,0.4995,391,5.897065383525468,4.997939879759519,559,5.959903361596567,4.981983983983984,497,0.006552000000000001
10,500,8,3,33,0.09799999999999999,0.5085999999999999,391,5.897065383525468,4.997939879759519,582,5.983392955067547,4.973345345345345,500,0.006352
10,500,8,3,34,0.1033,0.503,391,5.897065383525468,4.997939879759519,572,5.968935725391097,4.974974974974975,500,0.006500000000000001
10,500,8,3,35,0.10439999999999999,0.5101,391,5.897065383525468,4.997939879759519,578,5.956610474304098,4.969543543543543,498,0.006420000000000001
10,500,8,3,36,0.10719999999999998,0.504,391,5.897065383525468,4.997939879759519,566,5.931057760560712,4.971975975975976,500,0.006466000000000001
10,500,8,3,37,0.10899999999999997,0.5052,391,5.897065383525468,4.997939879759519,562,5.9186447522484364,4.97465065065065,500,0.006332
10,500,8,3,38,0.11119999999999998,0.4988,391,5.897065383525468,4.997939879759519,567,5.906912449964256,4.9605285285285285,500,0.006262
10,500,8,3,39,0.11599999999999998,0.5091,391,5.897065383525468,4.997939879759519,567,5.895222672048938,4.9726506506506505,497,0.0064020000000000014
10,500,8,3,40,0.11779999999999999,0.5076999999999999,391,5.897065383525468,4.997939879759519,546,5.8603003075214435,4.969183183183183,497,0.006324000000000001
10,500,8,3,41,0.11919999999999996,0.5100999999999999,391,5.897065383525468,4.997939879759519,554,5.861731285695727,4.95998998998999,500,0.006124000000000001
10,500,8,3,42,0.12069999999999996,0.5094,391,5.897065383525468,4.997939879759519,564,5.876557507251539,4.9674274274274275,500,0.006146
10,500,8,3,43,0.12179999999999998,0.5037999999999999,391,5.897065383525468,4.997939879759519,567,5.881531913915837,4.97005005005005,498,0.006164000000000001
10,500,8,3,44,0.12239999999999998,0.5082,391,5.897065383525468,4.997939879759519,545,5.823324431578798,4.961297297297297,499,0.005988000000000001
10,500,8,3,45,0.12599999999999995,0.5053,391,5.897065383525468,4.997939879759519,544,5.819400245742017,4.968734734734735,498,0.006186
10,500,8,3,46,0.12779999999999997,0.5067999999999999,391,5.897065383525468,4.997939879759519,562,5.83214714225557,4.97429029029029,498,0.005968000000000002
10,500,8,3,47,0.12969999999999998,0.5051,391,5.897065383525468,4.997939879759519,529,5.775483081283646,4.956098098098098,500,0.006044000000000002
10,500,8,3,48,0.1304,0.5097999999999999,391,5.897065383525468,4.997939879759519,544,5.776774125607861,4.95628028028028,495,0.005928000000000001
10,500,8,3,49,0.1354,0.5146,391,5.897065383525468,4.997939879759519,543,5.766669869118313,4.943223223223224,500,0.006128000000000001
10,500,8,3,50,0.1375,0.5107999999999999,391,5.897065383525468,4.997939879759519,543,5.759656667475994,4.951475475475475,498,0.00602
10,500,8,3,51,0.1386,0.5141,391,5.897065383525468,4.997939879759519,537,5.738190345218976,4.95078078078078,500,0.005926000000000001
10,500,8,3,52,0.1409,0.5130999999999999,391,5.897065383525468,4.997939879759519,541,5.721208500772394,4.960546546546547,500,0.005914000000000001
10,500,8,3,53,0.1455,0.5027,391,5.897065383525468,4.997939879759519,527,5.697925892184569,4.964246246246247,499,0.005832
10,500,8,3,54,0.1468,0.5096,391,5.897065383525468,4.997939879759519,534,5.686527386041916,4.943095095095095,498,0.0058660000000000006
10,500,8,3,55,0.15,0.5143,391,5.897065383525468,4.997939879759519,527,5.670031609459588,4.9607467467467465,499,0.005706000000000001
10,500,8,3,56,0.15139999999999998,0.5137999999999999,391,5.897065383525468,4.997939879759519,533,5.67453775025775,4.951871871871872,496,0.005664000000000001
10,500,8,3,57,0.15359999999999996,0.5082,391,5.897065383525468,4.997939879759519,520,5.643499424129635,4.946870870870871,499,0.005692
10,500,8,3,58,0.1559,0.5108,391,5.897065383525468,4.997939879759519,513,5.631348655801607,4.945177177177177,496,0.005648000000000001
10,500,8,3,59,0.1564,0.5143,391,5.897065383525468,4.997939879759519,516,5.616564762480293,4.951745745745746,499,0.005672000000000001
10,500,8,3,60,0.16099999999999998,0.516,391,5.897065383525468,4.997939879759519,521,5.60112064753556,4.947295295295295,499,0.005580000000000001
10,500,8,3,61,0.16419999999999996,0.5197,391,5.897065383525468,4.997939879759519,515,5.580244290465419,4.954184184184184,500,0.005658000000000002
10,500,8,3,62,0.16709999999999997,0.5097999999999999,391,5.897065383525468,4.997939879759519,506,5.551097264689956,4.955663663663664,499,0.005552000000000001
10,500,8,3,63,0.16909999999999997,0.5150999999999999,391,5.897065383525468,4.997939879759519,511,5.548690873742384,4.9385205205205205,500,0.005498000000000001
10,500,8,3,64,0.17149999999999996,0.5133,391,5.897065383525468,4.997939879759519,507,5.5342750539751435,4.935837837837838,496,0.005404000000000001
10,500,8,3,65,0.17289999999999997,0.5047999999999999,391,5.897065383525468,4.997939879759519,502,5.501790591820322,4.941025025025025,499,0.005468
10,500,8,3,66,0.17729999999999999,0.5157,391,5.897065383525468,4.997939879759519,505,5.489577220223741,4.93192992992993,499,0.005394
10,500,8,3,67,0.17999999999999997,0.5126999999999999,391,5.897065383525468,4.997939879759519,505,5.494262129005108,4.9356416416416415,498,0.005442
10,500,8,3,68,0.18129999999999996,0.5155,391,5.897065383525468,4.997939879759519,505,5.477185406299768,4.953327327327328,499,0.005316
10,500,8,3,69,0.18439999999999998,0.5133,391,5.897065383525468,4.997939879759519,484,5.418818283662192,4.937007007007007,499,0.005236000000000001
10,500,8,3,70,0.18879999999999997,0.5096999999999999,391,5.897065383525468,4.997939879759519,491,5.416520736122654,4.918688688688689,497,0.005190000000000001
10,500,8,3,71,0.1914,0.5135,391,5.897065383525468,4.997939879759519,504,5.421210082666967,4.918548548548548,495,0.005162000000000001
10,500,8,3,72,0.19369999999999996,0.5155,391,5.897065383525468,4.997939879759519,486,5.367562161275175,4.92967967967968,495,0.005028
10,500,8,3,73,0.19749999999999998,0.5157999999999999,391,5.897065383525468,4.997939879759519,492,5.365952466265716,4.930194194194194,499,0.005208
10,500,8,3,74,0.20009999999999997,0.5161999999999999,391,5.897065383525468,4.997939879759519,484,5.352254609885931,4.918622622622623,497,0.0051140000000000005
10,500,8,3,75,0.2012,0.5132000000000001,391,5.897065383525468,4.997939879759519,477,5.324069814905276,4.924616616616617,497,0.005130000000000001
10,500,8,3,76,0.20409999999999998,0.518,391,5.897065383525468,4.997939879759519,486,5.312969592483796,4.9096936936936935,500,0.004886
10,500,8,3,77,0.20810000000000003,0.5157999999999999,391,5.897065383525468,4.997939879759519,466,5.259295429097792,4.925245245245245,488,0.0050620000000000005
10,500,8,3,78,0.21159999999999995,0.5116999999999999,391,5.897065383525468,4.997939879759519,477,5.272024515122148,4.906436436436437,499,0.005012000000000001
10,500,8,3,79,0.2135,0.5214,391,5.897065383525468,4.997939879759519,468,5.23087472431425,4.907003003003003,499,0.004772
10,500,8,3,80,0.21789999999999998,0.5229,391,5.897065383525468,4.997939879759519,464,5.21003956836851,4.90831031031031,500,0.004726000000000001
10,500,8,3,81,0.22099999999999997,0.52,391,5.897065383525468,4.997939879759519,460,5.188196215131801,4.897285285285285,489,0.004784000000000001
10,500,8,3,82,0.22349999999999998,0.5200999999999999,391,5.897065383525468,4.997939879759519,456,5.166833186146235,4.893139139139139,498,0.0045780000000000005
10,500,8,3,83,0.22619999999999998,0.5161999999999999,391,5.897065383525468,4.997939879759519,455,5.149209953966018,4.891567567567567,494,0.004642000000000001
10,500,8,3,84,0.22929999999999998,0.5232,391,5.897065383525468,4.997939879759519,459,5.1326275066726215,4.8941221221221225,495,0.0046500000000000005
10,500,8,3,85,0.23239999999999997,0.5180999999999999,391,5.897065383525468,4.997939879759519,456,5.101157544370536,4.878508508508508,496,0.0044480000000000006
10,500,8,3,86,0.23739999999999997,0.5199,391,5.897065383525468,4.997939879759519,452,5.077809534833742,4.900374374374374,497,0.004520000000000001
10,500,8,3,87,0.2405,0.5225,391,5.897065383525468,4.997939879759519,445,5.052688657314722,4.860914914914915,497,0.004528000000000001
10,500,8,3,88,0.2425,0.5252,391,5.897065383525468,4.997939879759519,433,5.028601999284617,4.874966966966967,488,0.004406
10,500,8,3,89,0.24419999999999997,0.5186999999999999,391,5.897065383525468,4.997939879759519,449,5.045896633224817,4.883553553553553,493,0.004422000000000001
10,500,8,3,90,0.24539999999999998,0.5286,391,5.897065383525468,4.997939879759519,427,4.97399323134776,4.875835835835836,492,0.004272000000000001
10,500,8,3,91,0.25129999999999997,0.5127999999999999,391,5.897065383525468,4.997939879759519,427,4.967744752970571,4.855623623623623,498,0.004208
10,500,8,3,92,0.25299999999999995,0.5259999999999999,391,5.897065383525468,4.997939879759519,430,4.954265585905854,4.861953953953954,495,0.004334
10,500,8,3,93,0.25579999999999997,0.5167999999999999,391,5.897065383525468,4.997939879759519,418,4.914410407587148,4.880588588588589,492,0.004076000000000001
10,500,8,3,94,0.25849999999999995,0.5236,391,5.897065383525468,4.997939879759519,428,4.915729290038133,4.8735135135135135,495,0.004288
10,500,8,3,95,0.2602,0.5227,391,5.897065383525468,4.997939879759519,431,4.914311171225902,4.883469469469469,494,0.004106
10,500,8,3,96,0.2620999999999999,0.5236999999999999,391,5.897065383525468,4.997939879759519,416,4.875134102186407,4.865591591591592,497,0.004124000000000001
10,500,8,3,97,0.26549999999999996,0.5271999999999998,391,5.897065383525468,4.997939879759519,418,4.857171063032301,4.85796996996997,494,0.004162000000000001
10,500,8,3,98,0.2682999999999999,0.5297,391,5.897065383525468,4.997939879759519,408,4.829821142255847,4.841303303303303,487,0.004022
10,500,8,3,99,0.27029999999999993,0.5284,391,5.897065383525468,4.997939879759519,412,4.820457573704931,4.8363483483483485,489,0.003942
10,1000,2,1,0,0.0,0.511,143,4.89031259681304,4.119817817817818,629,6.334791226898442,4.998922922922923,1000,0.867636
10,1000,2,1,1,0.0,0.5103,143,4.89031259681304,4.119817817817818,645,6.3638855034166255,5.00013013013013,1000,0.8654259999999999
10,1000,2,1,2,0.0,0.5114000000000001,143,4.89031259681304,4.119817817817818,638,6.339806846927537,4.9965525525525525,1000,0.8662859999999999
10,1000,2,1,3,0.0,0.5067,143,4.89031259681304,4.119817817817818,630,6.330361767210533,4.999701701701702,1000,0.8620160000000001
10,1000,2,1,4,0.0,0.5046,143,4.89031259681304,4.119817817817818,633,6.343535917673126,4.999483483483483,1000,0.858814
10,1000,2,1,5,0.0,0.5045,143,4.89031259681304,4.119817817817818,644,6.362204418114005,4.996438438438439,1000,0.862442
10,1000,2,1,6,0.0,0.5088,143,4.89031259681304,4.119817817817818,634,6.339377034589767,4.999391391391391,1000,0.8638810000000001
10,1000,2,1,7,0.0,0.512,143,4.89031259681304,4.119817817817818,626,6.317149415709779,4.994178178178178,1000,0.866669
10,1000,2,1,8,0.0,0.5015999999999999,143,4.89031259681304,4.119817817817818,630,6.328154546034344,5.002530530530531,1000,0.8595470000000001
10,1000,2,1,9,0.0,0.5048,143,4.89031259681304,4.119817817817818,629,6.327162253880328,5.001113113113113,1000,0.863815
10,1000,2,1,10,0.0,0.5077999999999999,143,4.89031259681304,4.119817817817818,635,6.338513988372412,4.999603603603604,1000,0.861669
10,1000,2,1,11,0.0,0.5061,143,4.89031259681304,4.119817817817818,636,6.335303376070803,5.0022842842842845,1000,0.860824
10,1000,2,1,12,0.0,0.5032,143,4.89031259681304,4.119817817817818,631,6.323953543548698,4.9985225225225225,1000,0.860269
10,1000,2,1,13,0.0,0.5052,143,4.89031259681304,4.119817817817818,632,6.336333869262979,4.998746746746747,1000,0.861438
10,1000,2,1,14,0.0,0.5088,143,4.89031259681304,4.119817817817818,629,6.325554308410873,4.999047047047047,1000,0.8666500000000001
10,1000,2,1,15,0.0,0.5077,143,4.89031259681304,4.119817817817818,657,6.375168016439669,5.000598598598598,1000,0.86462
10,1000,2,1,16,0.0,0.5034,143,4.89031259681304,4.119817817817818,634,6.34151024459713,5.0006126126126125,1000,0.8596110000000001
10,1000,2,1,17,0.0,0.5097,143,4.89031259681304,4.119817817817818,634,6.333619403038377,4.999193193193193,1000,0.8683820000000001
10,1000,2,1,18,0.0,0.5082,143,4.89031259681304,4.119817817817818,626,6.316122726457563,4.996776776776777,1000,0.8645409999999999
10,1000,2,1,19,0.0,0.5094,143,4.89031259681304,4.119817817817818,629,6.328470129770982,4.998930930930931,1000,0.8607259999999999
10,1000,2,1,20,0.0,0.5074000000000001,143,4.89031259681304,4.119817817817818,620,6.3114947993639525,4.998358358358359,1000,0.864888
10,1000,2,1,21,0.0,0.5087,143,4.89031259681304,4.119817817817818,650,6.355588530045045,4.994280280280281,1000,0.865042
10,1000,2,1,22,0.0,0.5065,143,4.89031259681304,4.119817817817818,632,6.336150419192805,5.001267267267267,1000,0.864933
10,1000,2,1,23,0.0,0.5095,143,4.89031259681304,4.119817817817818,646,6.363605729810654,4.999505505505505,1000,0.8642139999999999
10,1000,2,1,24,0.0,0.5065,143,4.89031259681304,4.119817817817818,640,6.3439178351490035,4.997943943943944,1000,0.8644919999999999
10,1000,2,1,25,0.0,0.506,143,4.89031259681304,4.119817817817818,643,6.343737272808633,5.000316316316316,1000,0.860694
10,1000,2,1,26,0.0,0.4987,143,4.89031259681304,4.119817817817818,640,6.343587234076836,5.000238238238238,1000,0.859527
10,1000,2,1,27,0.0,0.5041,143,4.89031259681304,4.119817817817818,643,6.354015897883947,4.998524524524525,1000,0.8613910000000001
10,1000,2,1,28,0.0,0.5058,143,4.89031259681304,4.119817817817818,625,6.324494696757796,5.000416416416416,1000,0.863973
10,1000,2,1,29,0.0,0.5065,143,4.89031259681304,4.119817817817818,634,6.333928180681086,4.999029029029029,1000,0.862505
10,1000,2,1,30,0.0,0.5064,143,4.89031259681304,4.119817817817818,639,6.349758789294807,4.998854854854855,1000,0.862009
10,1000,2,1,31,0.0,0.5055,143,4.89031259681304,4.119817817817818,633,6.3325597913853,4.998008008008008,1000,0.8635229999999999
10,1000,2,1,32,0.0,0.5039,143,4.89031259681304,4.119817817817818,635,6.325440079809741,4.998168168168168,1000,0.8616609999999999
10,1000,2,1,33,0.0,0.5065999999999999,143,4.89031259681304,4.119817817817818,634,6.336971346007875,4.997549549549549,1000,0.8626269999999999
10,1000,2,1,34,0.0,0.5045999999999999,143,4.89031259681304,4.119817817817818,646,6.356535815066971,4.9994674674674675,1000,0.8636520000000001
10,1000,2,1,35,0.0,0.5136,143,4.89031259681304,4.119817817817818,648,6.3657950459215105,4.994786786786787,1000,0.866598
10,1000,2,1,36,0.0,0.49979999999999997,143,4.89031259681304,4.119817817817818,637,6.346165273757498,5.002314314314314,1000,0.859006
10,1000,2,1,37,0.0,0.5047,143,4.89031259681304,4.119817817817818,630,6.3280853245653015,4.996998998998999,1000,0.861954
10,1000,2,1,38,0.0,0.5069,143,4.89031259681304,4.119817817817818,643,6.3488265216084105,5.001071071071071,1000,0.867637
10,1000,2,1,39,0.0,0.5063,143,4.89031259681304,4.119817817817818,617,6.3057390697825415,4.997243243243243,1000,0.8600789999999999
10,1000,2,1,40,0.0,0.5025,143,4.89031259681304,4.119817817817818,629,6.322965169758808,4.999581581581581,1000,0.861328
10,1000,2,1,41,0.0,0.5065,143,4.89031259681304,4.119817817817818,654,6.373249765870875,5.002468468468469,1000,0.8634680000000001
10,1000,2,1,42,0.0,0.5073,143,4.89031259681304,4.119817817817818,633,6.337293239016132,5.001011011011011,1000,0.8613449999999999
10,1000,2,1,43,0.0,0.5068,143,4.89031259681304,4.119817817817818,624,6.31926221532015,4.997249249249249,1000,0.8628969999999999
10,1000,2,1,44,0.0,0.5097,143,4.89031259681304,4.119817817817818,635,6.332307119846083,4.99984984984985,1000,0.865287
10,1000,2,1,45,0.0,0.5035,143,4.89031259681304,4.119817817817818,639,6.338306323965286,5.000894894894895,1000,0.8650950000000001
10,1000,2,1,46,0.0,0.5067999999999999,143,4.89031259681304,4.119817817817818,621,6.314625091225116,4.998714714714715,1000,0.8637929999999999
10,1000,2,1,47,0.0,0.5043,143,4.89031259681304,4.119817817817818,632,6.330650248880415,4.9981081081081085,1000,0.8592690000000001
10,1000,2,1,48,0.0,0.5039,143,4.89031259681304,4.119817817817818,641,6.349360868723579,4.998960960960961,1000,0.8617850000000001
10,1000,2,1,49,0.0,0.5149,143,4.89031259681304,4.119817817817818,636,6.332192891244952,4.993243243243243,1000,0.866441
10,1000,2,1,50,0.0,0.5045,143,4.89031259681304,4.119817817817818,642,6.351285428563992,4.999269269269269,1000,0.861617
10,1000,2,1,51,0.0,0.5087,143,4.89031259681304,4.119817817817818,636,6.32752676311318,4.999125125125125,1000,0.864912
10,1000,2,1,52,0.0,0.5101,143,4.89031259681304,4.119817817817818,638,6.33787939935732,4.9981081081081085,1000,0.866022
10,1000,2,1,53,0.0,0.512,143,4.89031259681304,4.119817817817818,645,6.345012226298427,4.997757757757758,1000,0.864367
10,1000,2,1,54,0.0,0.5012,143,4.89031259681304,4.119817817817818,630,6.334878353432817,5.000028028028028,1000,0.861308
10,1000,2,1,55,0.0,0.5096,143,4.89031259681304,4.119817817817818,627,6.327562076421536,4.999103103103103,1000,0.86653
10,1000,2,1,56,0.0,0.5089,143,4.89031259681304,4.119817817817818,640,6.337452474749354,4.9983443443443445,1000,0.864989
10,1000,2,1,57,0.0,0.5076,143,4.89031259681304,4.119817817817818,636,6.337972835163314,4.9956996996997,1000,0.866686
10,1000,2,1,58,0.0,0.5031,143,4.89031259681304,4.119817817817818,651,6.359900873402017,4.998532532532533,1000,0.8631769999999999
10,1000,2,1,59,0.0,0.5075,143,4.89031259681304,4.119817817817818,627,6.315740808981687,4.998204204204204,1000,0.8648810000000001
10,1000,2,1,60,0.0,0.5021,143,4.89031259681304,4.119817817817818,636,6.345541783713809,5.001755755755756,1000,0.86092
10,1000,2,1,61,0.0,0.5104,143,4.89031259681304,4.119817817817818,628,6.323150521798961,4.99869069069069,1000,0.865447
10,1000,2,1,62,0.0,0.5115,143,4.89031259681304,4.119817817817818,626,6.323915342510537,4.999045045045045,1000,0.865579
10,1000,2,1,63,0.0,0.503,143,4.89031259681304,4.119817817817818,648,6.359019922119328,5.000388388388388,1000,0.861971
10,1000,2,1,64,0.0,0.5076,143,4.89031259681304,4.119817817817818,648,6.363747060478542,5.002006006006006,1000,0.862688
10,1000,2,1,65,0.0,0.5137,143,4.89031259681304,4.119817817817818,635,6.3324634678495,4.996142142142142,1000,0.8664700000000001
10,1000,2,1,66,0.0,0.5118,143,4.89031259681304,4.119817817817818,634,6.336177521259561,4.999079079079079,1000,0.865559
10,1000,2,1,67,0.0,0.5064,143,4.89031259681304,4.119817817817818,631,6.331495390032437,4.999511511511511,1000,0.862943
10,1000,2,1,68,0.0,0.5069,143,4.89031259681304,4.119817817817818,638,6.342200939715716,5.000562562562562,1000,0.8640019999999999
10,1000,2,1,69,0.0,0.5089,143,4.89031259681304,4.119817817817818,639,6.340962782116414,4.998924924924925,1000,0.861942
10,1000,2,1,70,0.0,0.5106,143,4.89031259681304,4.119817817817818,644,6.3545841531598,4.9988388388388385,1000,0.865934
10,1000,2,1,71,0.0,0.5039,143,4.89031259681304,4.119817817817818,631,6.333317806002947,4.993803803803804,1000,0.8628640000000001
10,1000,2,1,72,0.0,0.5074,143,4.89031259681304,4.119817817817818,638,6.349079193147626,4.995807807807807,1000,0.86625
10,1000,2,1,73,0.0,0.504,143,4.89031259681304,4.119817817817818,634,6.337169813413577,5.002370370370371,1000,0.861582
10,1000,2,1,74,0.0,0.5012,143,4.89031259681304,4.119817817817818,640,6.351637311368811,4.999955955955956,1000,0.859523
10,1000,2,1,75,0.0,0.5093,143,4.89031259681304,4.119817817817818,633,6.33073737541479,4.99802002002002,1000,0.8645539999999999
10,1000,2,1,76,0.0,0.5097,143,4.89031259681304,4.119817817817818,633,6.33289958945889,5.000026026026026,1000,0.863823
10,1000,2,1,77,0.0,0.5067999999999999,143,4.89031259681304,4.119817817817818,641,6.347192345407859,4.999075075075075,1000,0.862902
10,1000,2,1,78,0.0,0.5072,143,4.89031259681304,4.119817817817818,646,6.353239978200966,4.998386386386386,1000,0.863567
10,1000,2,1,79,0.0,0.5047,143,4.89031259681304,4.119817817817818,647,6.358715934176404,4.998552552552552,1000,0.862193
10,1000,2,1,80,0.0,0.5053,143,4.89031259681304,4.119817817817818,615,6.302581675854622,4.999201201201201,1000,0.864494
10,1000,2,1,81,0.0,0.5046,143,4.89031259681304,4.119817817817818,626,6.3220619061091465,5.000824824824825,1000,0.8624449999999999
10,1000,2,1,82,0.0,0.5047,143,4.89031259681304,4.119817817817818,635,6.341521343568534,4.999745745745746,1000,0.86622
10,1000,2,1,83,0.0,0.5089,143,4.89031259681304,4.119817817817818,644,6.349430090192621,5.001331331331332,1000,0.8639169999999999
10,1000,2,1,84,0.0,0.5026,143,4.89031259681304,4.119817817817818,630,6.332286327050946,5.001765765765766,1000,0.8611530000000001
10,1000,2,1,85,0.0,0.5122000000000001,143,4.89031259681304,4.119817817817818,636,6.339784152162419,4.997645645645646,1000,0.8662139999999999
10,1000,2,1,86,0.0,0.5042,143,4.89031259681304,4.119817817817818,622,6.316246152060119,4.996832832832832,1000,0.8613729999999999
10,1000,2,1,87,0.0,0.5058,143,4.89031259681304,4.119817817817818,631,6.328460932769558,5.000152152152152,1000,0.863486
10,1000,2,1,88,0.0,0.5109,143,4.89031259681304,4.119817817817818,640,6.345244105042505,4.998932932932933,1000,0.865477
10,1000,2,1,89,0.0,0.505,143,4.89031259681304,4.119817817817818,641,6.3514446642972135,5.001169169169169,1000,0.8622110000000001
10,1000,2,1,90,0.0,0.5051,143,4.89031259681304,4.119817817817818,651,6.362718469256347,5.000138138138138,1000,0.8641409999999999
10,1000,2,1,91,0.0,0.5073,143,4.89031259681304,4.119817817817818,628,6.321677100903466,4.997067067067067,1000,0.863615
10,1000,2,1,92,0.0,0.5052,143,4.89031259681304,4.119817817817818,653,6.361626965836727,4.998202202202203,1000,0.862678
10,1000,2,1,93,0.0,0.5096,143,4.89031259681304,4.119817817817818,624,6.312968220259448,4.999771771771772,1000,0.866649
10,1000,2,1,94,0.0,0.5029,143,4.89031259681304,4.119817817817818,629,6.324100694550692,4.998688688688689,1000,0.860716
10,1000,2,1,95,0.0,0.5073,143,4.89031259681304,4.119817817817818,630,6.329498720993177,4.998564564564565,1000,0.865327
10,1000,2,1,96,0.0,0.504,143,4.89031259681304,4.119817817817818,645,6.36324171740011,4.997945945945946,1000,0.862466
10,1000,2,1,97,0.0,0.5109,143,4.89031259681304,4.119817817817818,633,6.332018638176201,4.999205205205206,1000,0.863645
10,1000,2,1,98,0.0,0.516,143,4.89031259681304,4.119817817817818,631,6.333509964137029,4.995623623623624,1000,0.8663990000000001
10,1000,2,1,99,0.0,0.5095,143,4.89031259681304,4.119817817817818,636,6.34022217574179,4.99588988988989,1000,0.8631030000000001
10,1000,2,2,0,0.0,0.5099,144,4.8830019737035615,4.041513513513514,641,6.349108197184362,4.999405405405406,1000,0.866105
10,1000,2,2,1,0.0,0.5078,144,4.8830019737035615,4.041513513513514,637,6.34583657465531,5.001977977977978,1000,0.862798
10,1000,2,2,2,0.0,0.5062000000000001,144,4.8830019737035615,4.041513513513514,651,6.366973675875505,5.002370370370371,1000,0.8641369999999999
10,1000,2,2,3,0.0,0.5091,144,4.8830019737035615,4.041513513513514,630,6.32791977956046,4.999797797797798,1000,0.864642
10,1000,2,2,4,0.0,0.5079,144,4.8830019737035615,4.041513513513514,637,6.3492466401224465,5.001431431431431,1000,0.865383
10,1000,2,2,5,0.0,0.49960000000000004,144,4.8830019737035615,4.041513513513514,629,6.336385185666687,5.002018018018018,1000,0.859379
10,1000,2,2,6,0.0,0.5003,144,4.8830019737035615,4.041513513513514,644,6.355402192245066,5.0026406406406405,1000,0.8608309999999999
10,1000,2,2,7,0.0,0.4989,144,4.8830019737035615,4.041513513513514,636,6.348948961451141,4.999621621621622,1000,0.862596
10,1000,2,2,8,0.0,0.5067,144,4.8830019737035615,4.041513513513514,618,6.321947677508016,5.001383383383383,1000,0.86499
10,1000,2,2,9,0.0,0.5109,144,4.8830019737035615,4.041513513513514,633,6.335383696511249,4.997175175175175,1000,0.8679439999999999
10,1000,2,2,10,0.0,0.5052000000000001,144,4.8830019737035615,4.041513513513514,635,6.336926338875785,5.0023063063063065,1000,0.864463
10,1000,2,2,11,0.0,0.5078,144,4.8830019737035615,4.041513513513514,638,6.343719367743301,5.001157157157158,1000,0.86239
10,1000,2,2,12,0.0,0.501,144,4.8830019737035615,4.041513513513514,638,6.343587234076836,4.998694694694695,1000,0.861154
10,1000,2,2,13,0.0,0.5039,144,4.8830019737035615,4.041513513513514,644,6.353336301736765,5.0030730730730735,1000,0.863221
10,1000,2,2,14,0.0,0.5068,144,4.8830019737035615,4.041513513513514,640,6.3416505895051944,4.99845045045045,1000,0.863264
10,1000,2,2,15,0.0,0.5034000000000001,144,4.8830019737035615,4.041513513513514,634,6.336036190591673,5.0021061061061065,1000,0.8646179999999999
10,1000,2,2,16,0.0,0.5063,144,4.8830019737035615,4.041513513513514,631,6.33051811521395,5.001743743743743,1000,0.867386
10,1000,2,2,17,0.0,0.5042000000000001,144,4.8830019737035615,4.041513513513514,641,6.357606525691452,5.000800800800801,1000,0.862088
10,1000,2,2,18,0.0,0.5097,144,4.8830019737035615,4.041513513513514,622,6.308809337176088,4.998536536536537,1000,0.8661749999999999
10,1000,2,2,19,0.0,0.5065,144,4.8830019737035615,4.041513513513514,642,6.349237443121023,4.998168168168168,1000,0.865799
10,1000,2,2,20,0.0,0.509,144,4.8830019737035615,4.041513513513514,617,6.3099942764017,4.999835835835836,1000,0.8667659999999998
10,1000,2,2,21,0.0,0.5102,144,4.8830019737035615,4.041513513513514,625,6.326202884127174,4.998318318318319,1000,0.868142
10,1000,2,2,22,0.0,0.5084,144,4.8830019737035615,4.041513513513514,642,6.352969401596417,5.001005005005005,1000,0.86486
10,1000,2,2,23,0.0,0.5078,144,4.8830019737035615,4.041513513513514,634,6.342375192784466,5.000708708708709,1000,0.865428
10,1000,2,2,24,0.0,0.507,144,4.8830019737035615,4.041513513513514,632,6.333152260998107,5.000604604604605,1000,0.865242
10,1000,2,2,25,0.0,0.5042000000000001,144,4.8830019737035615,4.041513513513514,642,6.3497606912647875,5.000992992992993,1000,0.8621890000000001
10,1000,2,2,26,0.0,0.5069,144,4.8830019737035615,4.041513513513514,629,6.336288862130889,5.000546546546547,1000,0.8650209999999999
10,1000,2,2,27,0.0,0.5069,144,4.8830019737035615,4.041513513513514,630,6.331014261290958,5.003053053053053,1000,0.864441
10,1000,2,2,28,0.0,0.5029,144,4.8830019737035615,4.041513513513514,639,6.3403945268405595,5.00037037037037,1000,0.863558
10,1000,2,2,29,0.0,0.5141,144,4.8830019737035615,4.041513513513514,643,6.35726672761786,4.996258258258258,1000,0.869279
10,1000,2,2,30,0.0,0.5016,144,4.8830019737035615,4.041513513513514,640,6.341181545494944,5.001577577577578,1000,0.862444
10,1000,2,2,31,0.0,0.511,144,4.8830019737035615,4.041513513513514,632,6.335356594444491,4.999027027027027,1000,0.8678009999999999
10,1000,2,2,32,0.0,0.5142,144,4.8830019737035615,4.041513513513514,635,6.338766659911627,4.996836836836837,1000,0.8699629999999999
10,1000,2,2,33,0.0,0.499,144,4.8830019737035615,4.041513513513514,625,6.322263261244654,5.001461461461462,1000,0.8597700000000001
10,1000,2,2,34,0.0,0.5152,144,4.8830019737035615,4.041513513513514,650,6.358331128970724,4.995951951951952,1000,0.871169
10,1000,2,2,35,0.0,0.5057,144,4.8830019737035615,4.041513513513514,646,6.362061185476136,5.001731731731732,1000,0.86451
10,1000,2,2,36,0.0,0.5029,144,4.8830019737035615,4.041513513513514,638,6.348428601037181,5.002488488488488,1000,0.863644
10,1000,2,2,37,0.0,0.5081,144,4.8830019737035615,4.041513513513514,629,6.330943137851936,5.001119119119119,1000,0.865582
10,1000,2,2,38,0.0,0.5056,144,4.8830019737035615,4.041513513513514,669,6.397330821152254,5.002098098098098,1000,0.865249
10,1000,2,2,39,0.0,0.5047,144,4.8830019737035615,4.041513513513514,642,6.362288656918576,5.002072072072072,1000,0.8622940000000001
10,1000,2,2,40,0.0,0.5028,144,4.8830019737035615,4.041513513513514,648,6.360354900076739,5.001925925925926,1000,0.865044
10,1000,2,2,41,0.0,0.503,144,4.8830019737035615,4.041513513513514,627,6.33151329509777,4.998946946946947,1000,0.8635630000000001
10,1000,2,2,42,0.0,0.5082,144,4.8830019737035615,4.041513513513514,646,6.355654863784282,4.99849049049049,1000,0.868162
10,1000,2,2,43,0.0,0.5069,144,4.8830019737035615,4.041513513513514,650,6.3698668024704945,4.999121121121121,1000,0.8621389999999999
10,1000,2,2,44,0.0,0.503,144,4.8830019737035615,4.041513513513514,641,6.344555311893899,5.001005005005005,1000,0.862971
10,1000,2,2,45,0.0,0.5055,144,4.8830019737035615,4.041513513513514,640,6.350729258019365,4.999017017017017,1000,0.861116
10,1000,2,2,46,0.0,0.5059,144,4.8830019737035615,4.041513513513514,625,6.321493650833292,5.00167967967968,1000,0.8642770000000001
10,1000,2,2,47,0.0,0.5102000000000001,144,4.8830019737035615,4.041513513513514,630,6.328313781767565,4.999443443443443,1000,0.8630070000000001
10,1000,2,2,48,0.0,0.5002000000000001,144,4.8830019737035615,4.041513513513514,643,6.350807187552316,5.001181181181181,1000,0.8594189999999999
10,1000,2,2,49,0.0,0.507,144,4.8830019737035615,4.041513513513514,635,6.341722698704041,5.00018018018018,1000,0.8628239999999999
10,1000,2,2,50,0.0,0.5019,144,4.8830019737035615,4.041513513513514,644,6.363954724885668,5.002868868868869,1000,0.863326
10,1000,2,2,51,0.0,0.5085,144,4.8830019737035615,4.041513513513514,641,6.356403681400505,5.000766766766767,1000,0.863826
10,1000,2,2,52,0.0,0.5056,144,4.8830019737035615,4.041513513513514,652,6.37861149324518,5.001813813813814,1000,0.864125
10,1000,2,2,53,0.0,0.5084000000000001,144,4.8830019737035615,4.041513513513514,647,6.351778153099185,5.002458458458459,1000,0.865973
10,1000,2,2,54,0.0,0.5114000000000001,144,4.8830019737035615,4.041513513513514,643,6.360276970543788,5.000616616616616,1000,0.8674869999999999
10,1000,2,2,55,0.0,0.5073,144,4.8830019737035615,4.041513513513514,629,6.330812906155451,4.998484484484485,1000,0.865559
10,1000,2,2,56,0.0,0.5067,144,4.8830019737035615,4.041513513513514,633,6.333176475335058,4.996990990990991,1000,0.8631469999999999
10,1000,2,2,57,0.0,0.5064000000000001,144,4.8830019737035615,4.041513513513514,640,6.352088450313728,5.002018018018018,1000,0.867099
10,1000,2,2,58,0.0,0.5059,144,4.8830019737035615,4.041513513513514,633,6.33008199360456,5.0015995995996,1000,0.866756
10,1000,2,2,59,0.0,0.5066,144,4.8830019737035615,4.041513513513514,635,6.336899236809028,5.0026586586586586,1000,0.865861
10,1000,2,2,60,0.0,0.504,144,4.8830019737035615,4.041513513513514,631,6.326602706668382,5.001085085085085,1000,0.8658129999999999
10,1000,2,2,61,0.0,0.5104000000000001,144,4.8830019737035615,4.041513513513514,641,6.352376931983612,4.999207207207207,1000,0.8665179999999999
10,1000,2,2,62,0.0,0.5079,144,4.8830019737035615,4.041513513513514,647,6.357495184820125,4.996198198198198,1000,0.86375
10,1000,2,2,63,0.0,0.5085,144,4.8830019737035615,4.041513513513514,643,6.35165232870434,4.997107107107107,1000,0.8656280000000001
10,1000,2,2,64,0.0,0.5035,144,4.8830019737035615,4.041513513513514,642,6.349953338336386,5.001435435435435,1000,0.8632839999999999
10,1000,2,2,65,0.0,0.508,144,4.8830019737035615,4.041513513513514,626,6.322585154252911,4.999611611611612,1000,0.866579
10,1000,2,2,66,0.0,0.5066,144,4.8830019737035615,4.041513513513514,657,6.383068054999845,5.002570570570571,1000,0.8647870000000001
10,1000,2,2,67,0.0,0.5105,144,4.8830019737035615,4.041513513513514,622,6.3161919479266055,4.995561561561561,1000,0.8670429999999999
10,1000,2,2,68,0.0,0.5083,144,4.8830019737035615,4.041513513513514,627,6.329315270923004,5.002152152152152,1000,0.864845
10,1000,2,2,69,0.0,0.5098,144,4.8830019737035615,4.041513513513514,634,6.334625681893601,4.998558558558559,1000,0.867649
10,1000,2,2,70,0.0,0.5079,144,4.8830019737035615,4.041513513513514,637,6.340152954272748,4.999349349349349,1000,0.8632730000000001
10,1000,2,2,71,0.0,0.5126000000000001,144,4.8830019737035615,4.041513513513514,644,6.3568155886729425,4.997973973973974,1000,0.8652589999999999
10,1000,2,2,72,0.0,0.5068,144,4.8830019737035615,4.041513513513514,632,6.332978007929356,5.001385385385386,1000,0.8641110000000001
10,1000,2,2,73,0.0,0.5063,144,4.8830019737035615,4.041513513513514,645,6.353179953733347,5.000658658658659,1000,0.8647699999999999
10,1000,2,2,74,0.0,0.506,144,4.8830019737035615,4.041513513513514,624,6.320814054686111,5.002682682682683,1000,0.8641040000000001
10,1000,2,2,75,0.0,0.501,144,4.8830019737035615,4.041513513513514,623,6.323628762810636,5.001393393393394,1000,0.8599549999999999
10,1000,2,2,76,0.0,0.5098,144,4.8830019737035615,4.041513513513514,633,6.330779494817076,4.996808808808809,1000,0.865644
10,1000,2,2,77,0.0,0.511,144,4.8830019737035615,4.041513513513514,643,6.3521465728113675,5.000784784784785,1000,0.866236
10,1000,2,2,78,0.0,0.5035,144,4.8830019737035615,4.041513513513514,641,6.349926236269628,5.0023243243243245,1000,0.86372
10,1000,2,2,79,0.0,0.5094000000000001,144,4.8830019737035615,4.041513513513514,634,6.331266932830173,4.999519519519519,1000,0.868518
10,1000,2,2,80,0.0,0.5129,144,4.8830019737035615,4.041513513513514,649,6.3704079556795925,4.998300300300301,1000,0.8645450000000001
10,1000,2,2,81,0.0,0.5057,144,4.8830019737035615,4.041513513513514,623,6.324082789485359,5.002652652652652,1000,0.863086
10,1000,2,2,82,0.0,0.5066,144,4.8830019737035615,4.041513513513514,643,6.354424917426579,5.0011611611611615,1000,0.865126
10,1000,2,2,83,0.0,0.5097,144,4.8830019737035615,4.041513513513514,635,6.346516170802492,4.99777977977978,1000,0.8695039999999999
10,1000,2,2,84,0.0,0.5049,144,4.8830019737035615,4.041513513513514,648,6.360791021686129,5.00167967967968,1000,0.863755
10,1000,2,2,85,0.0,0.5113000000000001,144,4.8830019737035615,4.041513513513514,633,6.337353263483751,4.999817817817818,1000,0.8669159999999999
10,1000,2,2,86,0.0,0.5066,144,4.8830019737035615,4.041513513513514,653,6.370146087138954,4.9986026026026025,1000,0.864667
10,1000,2,2,87,0.0,0.4965,144,4.8830019737035615,4.041513513513514,645,6.355062394171475,5.0014194194194195,1000,0.8562819999999999
10,1000,2,2,88,0.0,0.5023000000000001,144,4.8830019737035615,4.041513513513514,645,6.36024986847703,5.003789789789789,1000,0.8601279999999999
10,1000,2,2,89,0.0,0.506,144,4.8830019737035615,4.041513513513514,643,6.352951496531084,5.001181181181181,1000,0.8632009999999999
10,1000,2,2,90,0.0,0.51,144,4.8830019737035615,4.041513513513514,645,6.355044489106142,4.998870870870871,1000,0.866854
10,1000,2,2,91,0.0,0.5036,144,4.8830019737035615,4.041513513513514,649,6.366787338075527,5.000980980980981,1000,0.8634930000000001
10,1000,2,2,92,0.0,0.509,144,4.8830019737035615,4.041513513513514,640,6.339377034589766,5.0014374374374375,1000,0.866474
10,1000,2,2,93,0.0,0.5053,144,4.8830019737035615,4.041513513513514,633,6.339446256058809,5.002624624624625,1000,0.862154
10,1000,2,2,94,0.0,0.505,144,4.8830019737035615,4.041513513513514,647,6.354921063503587,5.002314314314314,1000,0.862583
10,1000,2,2,95,0.0,0.5103,144,4.8830019737035615,4.041513513513514,631,6.331424266593416,5.000874874874875,1000,0.8684469999999999
10,1000,2,2,96,0.0,0.5015,144,4.8830019737035615,4.041513513513514,645,6.354085119352988,5.002392392392393,1000,0.863146
10,1000,2,2,97,0.0,0.5036,144,4.8830019737035615,4.041513513513514,637,6.342402294851222,5.0024224224224225,1000,0.8666379999999999
10,1000,2,2,98,0.0,0.5004000000000001,144,4.8830019737035615,4.041513513513514,639,6.343902817813475,5.002318318318318,1000,0.8624639999999999
10,1000,2,2,99,0.0,0.5107,144,4.8830019737035615,4.041513513513514,636,6.342035394710875,4.9990930930930935,1000,0.8675219999999999
10,1000,2,3,0,0.0,0.5042,144,4.900158620339221,4.0951951951951955,634,6.335600068982284,5.000304304304304,1000,0.8583030000000001
10,1000,2,3,1,0.0,0.5076,144,4.900158620339221,4.0951951951951955,625,6.332923803795842,5.001125125125125,1000,0.858778
10,1000,2,3,2,0.0,0.5101,144,4.900158620339221,4.0951951951951955,637,6.339969504202573,5.000346346346347,1000,0.862541
10,1000,2,3,3,0.0,0.5023,144,4.900158620339221,4.0951951951951955,627,6.331973631044113,4.997459459459459,1000,0.859318
10,1000,2,3,4,0.0,0.5048,144,4.900158620339221,4.0951951951951955,630,6.320579288212229,4.999479479479479,1000,0.862067
10,1000,2,3,5,0.0,0.5092,144,4.900158620339221,4.0951951951951955,647,6.361993865977075,4.999771771771772,1000,0.8634870000000001
10,1000,2,3,6,0.0,0.4965,144,4.900158620339221,4.0951951951951955,638,6.342967662397273,4.999877877877878,1000,0.8567670000000001
10,1000,2,3,7,0.0,0.5036,144,4.900158620339221,4.0951951951951955,633,6.340901771888971,4.998062062062062,1000,0.8620819999999999
10,1000,2,3,8,0.0,0.49989999999999996,144,4.900158620339221,4.0951951951951955,649,6.36494359549787,4.9987007007007005,1000,0.861106
10,1000,2,3,9,0.0,0.5063,144,4.900158620339221,4.0951951951951955,652,6.378542271776139,4.997035035035035,1000,0.862668
10,1000,2,3,10,0.0,0.5057,144,4.900158620339221,4.0951951951951955,624,6.323490319872552,4.996654654654654,1000,0.8606659999999999
10,1000,2,3,11,0.0,0.5089,144,4.900158620339221,4.0951951951951955,642,6.352996503663174,4.99787987987988,1000,0.863345
10,1000,2,3,12,0.0,0.5016,144,4.900158620339221,4.0951951951951955,631,6.3343280032222955,5.002114114114114,1000,0.8580099999999999
10,1000,2,3,13,0.0,0.49810000000000004,144,4.900158620339221,4.0951951951951955,648,6.362132308915159,4.997803803803804,1000,0.8565929999999999
10,1000,2,3,14,0.0,0.5057,144,4.900158620339221,4.0951951951951955,642,6.350834289619074,4.998832832832833,1000,0.861432
10,1000,2,3,15,0.0,0.5067,144,4.900158620339221,4.0951951951951955,636,6.343761487145586,5.0001141141141145,1000,0.861162
10,1000,2,3,16,0.0,0.5006,144,4.900158620339221,4.0951951951951955,631,6.32901128298008,4.998622622622623,1000,0.8595900000000001
10,1000,2,3,17,0.0,0.505,144,4.900158620339221,4.0951951951951955,647,6.353676099810356,4.996900900900901,1000,0.861875
10,1000,2,3,18,0.0,0.5048,144,4.900158620339221,4.0951951951951955,630,6.329787202663059,5.000052052052052,1000,0.861191
10,1000,2,3,19,0.0,0.5068,144,4.900158620339221,4.0951951951951955,649,6.3546533746288425,4.998574574574574,1000,0.863615
10,1000,2,3,20,0.0,0.509,144,4.900158620339221,4.0951951951951955,631,6.3316246359690975,4.998374374374374,1000,0.866497
10,1000,2,3,21,0.0,0.5091,144,4.900158620339221,4.0951951951951955,642,6.3533271047353415,4.9981441441441445,1000,0.8625219999999999
10,1000,2,3,22,0.0,0.5064,144,4.900158620339221,4.0951951951951955,643,6.356265238462422,4.998142142142142,1000,0.864636
10,1000,2,3,23,0.0,0.5,144,4.900158620339221,4.0951951951951955,640,6.349264545187779,5.00170970970971,1000,0.86198
10,1000,2,3,24,0.0,0.49960000000000004,144,4.900158620339221,4.0951951951951955,630,6.331399066496639,5.001817817817818,1000,0.858971
10,1000,2,3,25,0.0,0.5126000000000001,144,4.900158620339221,4.0951951951951955,629,6.333221482467148,4.999327327327327,1000,0.862718
10,1000,2,3,26,0.0,0.499,144,4.900158620339221,4.0951951951951955,628,6.325652533916652,4.998702702702703,1000,0.856441
10,1000,2,3,27,0.0,0.5102,144,4.900158620339221,4.0951951951951955,642,6.355627761717526,4.9969089089089085,1000,0.865447
10,1000,2,3,28,0.0,0.5066,144,4.900158620339221,4.0951951951951955,635,6.333916095949858,5.002234234234234,1000,0.861124
10,1000,2,3,29,0.0,0.5045,144,4.900158620339221,4.0951951951951955,606,6.285711377047301,4.9991291291291295,1000,0.8596820000000001
10,1000,2,3,30,0.0,0.5096,144,4.900158620339221,4.0951951951951955,656,6.379928566137258,5.000960960960961,1000,0.86453
10,1000,2,3,31,0.0,0.5059,144,4.900158620339221,4.0951951951951955,645,6.360153544941232,5.000618618618619,1000,0.859508
10,1000,2,3,32,0.0,0.5036,144,4.900158620339221,4.0951951951951955,639,6.340242968536927,4.9971011011011015,1000,0.8589220000000001
10,1000,2,3,33,0.0,0.5015,144,4.900158620339221,4.0951951951951955,640,6.350196812874177,4.99984984984985,1000,0.860069
10,1000,2,3,34,0.0,0.5043,144,4.900158620339221,4.0951951951951955,635,6.337903613694271,5.000910910910911,1000,0.861973
10,1000,2,3,35,0.0,0.5034000000000001,144,4.900158620339221,4.0951951951951955,644,6.357774958426097,5.001821821821822,1000,0.860206
10,1000,2,3,36,0.0,0.5047,144,4.900158620339221,4.0951951951951955,623,6.314625091225116,5.001711711711712,1000,0.859942
10,1000,2,3,37,0.0,0.49970000000000003,144,4.900158620339221,4.0951951951951955,626,6.318260726164711,4.998092092092092,1000,0.859461
10,1000,2,3,38,0.0,0.5019,144,4.900158620339221,4.0951951951951955,648,6.366152749060435,4.998876876876877,1000,0.8618899999999999
10,1000,2,3,39,0.0,0.5054,144,4.900158620339221,4.0951951951951955,648,6.364992024171774,5.00016016016016,1000,0.861144
10,1000,2,3,40,0.0,0.5033,144,4.900158620339221,4.0951951951951955,649,6.369587028864522,4.999657657657657,1000,0.861418
10,1000,2,3,41,0.0,0.5073000000000001,144,4.900158620339221,4.0951951951951955,636,6.338243411767863,4.998684684684685,1000,0.862127
10,1000,2,3,42,0.0,0.5015,144,4.900158620339221,4.0951951951951955,633,6.334764124831684,4.996346346346346,1000,0.859527
10,1000,2,3,43,0.0,0.5038,144,4.900158620339221,4.0951951951951955,638,6.337536713553925,5.000036036036036,1000,0.859906
10,1000,2,3,44,0.0,0.5117,144,4.900158620339221,4.0951951951951955,646,6.359675303929558,5.0007107107107105,1000,0.858205
10,1000,2,3,45,0.0,0.5067,144,4.900158620339221,4.0951951951951955,640,6.3492626432178,4.99984984984985,1000,0.8640840000000001
10,1000,2,3,46,0.0,0.4975,144,4.900158620339221,4.0951951951951955,647,6.356081788392247,5.00049049049049,1000,0.8584510000000001
10,1000,2,3,47,0.0,0.5046,144,4.900158620339221,4.0951951951951955,640,6.3411723484935205,4.998986986986987,1000,0.8598340000000001
10,1000,2,3,48,0.0,0.498,144,4.900158620339221,4.0951951951951955,623,6.320532379110158,5.001157157157158,1000,0.856638
10,1000,2,3,49,0.0,0.5095999999999999,144,4.900158620339221,4.0951951951951955,647,6.362429987586465,4.998546546546547,1000,0.8641420000000001
10,1000,2,3,50,0.0,0.5033,144,4.900158620339221,4.0951951951951955,633,6.339698927598025,5.000002002002002,1000,0.859403
10,1000,2,3,51,0.0,0.504,144,4.900158620339221,4.0951951951951955,622,6.316420405128869,5.001245245245245,1000,0.860036
10,1000,2,3,52,0.0,0.5051,144,4.900158620339221,4.0951951951951955,624,6.328763018742503,4.9974994994995,1000,0.858071
10,1000,2,3,53,0.0,0.5049,144,4.900158620339221,4.0951951951951955,648,6.36090525028726,5.001731731731732,1000,0.8603689999999999
10,1000,2,3,54,0.0,0.5044,144,4.900158620339221,4.0951951951951955,638,6.33567217818113,5.000856856856857,1000,0.862044
10,1000,2,3,55,0.0,0.5031,144,4.900158620339221,4.0951951951951955,639,6.348765511380968,5.002352352352353,1000,0.861082
10,1000,2,3,56,0.0,0.4993,144,4.900158620339221,4.0951951951951955,640,6.3470152046093045,5.0015755755755755,1000,0.8577679999999999
10,1000,2,3,57,0.0,0.5078,144,4.900158620339221,4.0951951951951955,650,6.363223812334777,4.9962002002002,1000,0.861906
10,1000,2,3,58,0.0,0.5058,144,4.900158620339221,4.0951951951951955,647,6.36134137189665,4.999771771771772,1000,0.8626990000000001
10,1000,2,3,59,0.0,0.5081,144,4.900158620339221,4.0951951951951955,632,6.339768149067067,5.001699699699699,1000,0.864371
10,1000,2,3,60,0.0,0.49589999999999995,144,4.900158620339221,4.0951951951951955,635,6.34178272317166,4.999313313313313,1000,0.8549469999999999
10,1000,2,3,61,0.0,0.5072,144,4.900158620339221,4.0951951951951955,646,6.359107048653703,4.997381381381381,1000,0.8609450000000001
10,1000,2,3,62,0.0,0.5097,144,4.900158620339221,4.0951951951951955,641,6.348356491838335,4.996434434434434,1000,0.860125
10,1000,2,3,63,0.0,0.5026,144,4.900158620339221,4.0951951951951955,651,6.368943242848007,4.997845845845846,1000,0.862212
10,1000,2,3,64,0.0,0.5055,144,4.900158620339221,4.0951951951951955,640,6.342487519415618,5.000578578578579,1000,0.8619990000000001
10,1000,2,3,65,0.0,0.5017,144,4.900158620339221,4.0951951951951955,643,6.355612744381997,5.0033493493493495,1000,0.859727
10,1000,2,3,66,0.0,0.5047,144,4.900158620339221,4.0951951951951955,642,6.3490360879855166,5.000358358358358,1000,0.860769
10,1000,2,3,67,0.0,0.5051,144,4.900158620339221,4.0951951951951955,643,6.350422382346636,5.001283283283283,1000,0.863705
10,1000,2,3,68,0.0,0.5099,144,4.900158620339221,4.0951951951951955,642,6.359900873402017,5.0006706706706705,1000,0.864786
10,1000,2,3,69,0.0,0.5054,144,4.900158620339221,4.0951951951951955,663,6.394314757892222,4.999331331331331,1000,0.8616779999999998
10,1000,2,3,70,0.0,0.5083,144,4.900158620339221,4.0951951951951955,625,6.319698336929541,4.999577577577577,1000,0.8635030000000001
10,1000,2,3,71,0.0,0.4995,144,4.900158620339221,4.0951951951951955,637,6.344946426371198,4.9977157157157155,1000,0.8575280000000001
10,1000,2,3,72,0.0,0.5031,144,4.900158620339221,4.0951951951951955,633,6.3441104822206,5.000602602602602,1000,0.8591479999999999
10,1000,2,3,73,0.0,0.5083,144,4.900158620339221,4.0951951951951955,630,6.325739660451028,4.999113113113113,1000,0.863322
10,1000,2,3,74,0.0,0.5073,144,4.900158620339221,4.0951951951951955,636,6.333561280540739,5.000518518518518,1000,0.8642169999999999
10,1000,2,3,75,0.0,0.5122000000000001,144,4.900158620339221,4.0951951951951955,654,6.3744947295641055,4.99809009009009,1000,0.8651749999999999
10,1000,2,3,76,0.0,0.5,144,4.900158620339221,4.0951951951951955,638,6.3358527405215,4.999439439439439,1000,0.8555750000000001
10,1000,2,3,77,0.0,0.5019,144,4.900158620339221,4.0951951951951955,643,6.356761384539429,4.997215215215215,1000,0.860381
10,1000,2,3,78,0.0,0.5015,144,4.900158620339221,4.0951951951951955,629,6.334764124831685,4.999029029029029,1000,0.8611780000000001
10,1000,2,3,79,0.0,0.4988,144,4.900158620339221,4.0951951951951955,647,6.359491853859384,5.001369369369369,1000,0.857002
10,1000,2,3,80,0.0,0.5032000000000001,144,4.900158620339221,4.0951951951951955,633,6.338784564976961,4.999259259259259,1000,0.8631759999999999
10,1000,2,3,81,0.0,0.5058,144,4.900158620339221,4.0951951951951955,640,6.353423428271141,4.997741741741741,1000,0.862026
10,1000,2,3,82,0.0,0.5053,144,4.900158620339221,4.0951951951951955,619,6.308286089032324,4.998556556556556,1000,0.8626210000000001
10,1000,2,3,83,0.0,0.5019,144,4.900158620339221,4.0951951951951955,652,6.3713131212992336,5.000766766766767,1000,0.858047
10,1000,2,3,84,0.0,0.5033,144,4.900158620339221,4.0951951951951955,636,6.344747958965497,5.00185985985986,1000,0.858953
10,1000,2,3,85,0.0,0.5084,144,4.900158620339221,4.0951951951951955,642,6.357014056078645,4.995159159159159,1000,0.862509
10,1000,2,3,86,0.0,0.5049,144,4.900158620339221,4.0951951951951955,643,6.346744628004757,5.000022022022022,1000,0.8620429999999999
10,1000,2,3,87,0.0,0.5037,144,4.900158620339221,4.0951951951951955,645,6.359037827184661,5.0008708708708705,1000,0.862177
10,1000,2,3,88,0.0,0.5045,144,4.900158620339221,4.0951951951951955,633,6.339262805988636,5.001675675675676,1000,0.8611739999999999
10,1000,2,3,89,0.0,0.5051,144,4.900158620339221,4.0951951951951955,643,6.354722596097885,4.997583583583584,1000,0.863059
10,1000,2,3,90,0.0,0.5055,144,4.900158620339221,4.0951951951951955,650,6.368529433605589,5.0003543543543545,1000,0.861174
10,1000,2,3,91,0.0,0.5017,144,4.900158620339221,4.0951951951951955,639,6.3502931364099755,5.001795795795796,1000,0.860001
10,1000,2,3,92,0.0,0.5043,144,4.900158620339221,4.0951951951951955,644,6.362751880594722,5.0015755755755755,1000,0.8598299999999999
10,1000,2,3,93,0.0,0.5087,144,4.900158620339221,4.0951951951951955,642,6.347764022225528,4.999857857857858,1000,0.863798
10,1000,2,3,94,0.0,0.5047999999999999,144,4.900158620339221,4.0951951951951955,642,6.343236337031842,5.00184984984985,1000,0.8605259999999999
10,1000,2,3,95,0.0,0.5055999999999999,144,4.900158620339221,4.0951951951951955,655,6.3709912282909755,5.002598598598599,1000,0.861826
10,1000,2,3,96,0.0,0.5037,144,4.900158620339221,4.0951951951951955,636,6.34056197381538,5.001295295295296,1000,0.8614470000000001
10,1000,2,3,97,0.0,0.5067,144,4.900158620339221,4.0951951951951955,648,6.366107741928345,4.997983983983984,1000,0.862813
10,1000,2,3,98,0.0,0.5027,144,4.900158620339221,4.0951951951951955,650,6.364652226098183,4.997799799799799,1000,0.861169
10,1000,2,3,99,0.0,0.5072000000000001,144,4.900158620339221,4.0951951951951955,653,6.373406113874292,4.999847847847848,1000,0.8626600000000001
10,1000,3,1,0,0.0,0.5021,432,5.932776594516524,4.771187187187187,640,6.359377625258253,5.00037037037037,1000,0.507396
10,1000,3,1,1,0.0,0.5002000000000001,432,5.932776594516524,4.771187187187187,637,6.346546160599054,5.00046046046046,1000,0.507127
10,1000,3,1,2,0.0,0.5004,432,5.932776594516524,4.771187187187187,641,6.347836131424375,5.002082082082082,1000,0.508107
10,1000,3,1,3,0.0,0.5,432,5.932776594516524,4.771187187187187,624,6.328383003236607,5.001577577577578,1000,0.5072150000000001
10,1000,3,1,4,0.0,0.4904,432,5.932776594516524,4.771187187187187,624,6.323081300329919,4.999835835835836,1000,0.5038469999999999
10,1000,3,1,5,0.0,0.4909,432,5.932776594516524,4.771187187187187,633,6.340282200209408,4.999577577577577,1000,0.503174
10,1000,3,1,6,0.0,0.5014,432,5.932776594516524,4.771187187187187,632,6.32934917908369,4.9997037037037035,1000,0.5094420000000001
10,1000,3,1,7,0.0,0.49670000000000003,432,5.932776594516524,4.771187187187187,629,6.335651385385993,4.999609609609609,1000,0.508464
10,1000,3,1,8,0.0,0.49610000000000004,432,5.932776594516524,4.771187187187187,637,6.348582061310794,4.999013013013013,1000,0.507498
10,1000,3,1,9,0.0,0.49720000000000003,432,5.932776594516524,4.771187187187187,649,6.360180647007989,4.997701701701701,1000,0.506531
10,1000,3,1,10,0.0,0.4925,432,5.932776594516524,4.771187187187187,637,6.349357980993775,4.996978978978979,1000,0.505418
10,1000,3,1,11,0.0,0.5048,432,5.932776594516524,4.771187187187187,648,6.373249765870875,4.999251251251251,1000,0.512764
10,1000,3,1,12,0.0,0.49829999999999997,432,5.932776594516524,4.771187187187187,622,6.318510509974122,5.000558558558558,1000,0.509221
10,1000,3,1,13,0.0,0.5023,432,5.932776594516524,4.771187187187187,631,6.3310413633577145,5.001211211211211,1000,0.509787
10,1000,3,1,14,0.0,0.4924,432,5.932776594516524,4.771187187187187,642,6.356788486606186,4.999039039039039,1000,0.505718
10,1000,3,1,15,0.0,0.5021,432,5.932776594516524,4.771187187187187,629,6.330587336682992,4.9998858858858855,1000,0.51027
10,1000,3,1,16,0.0,0.5045,432,5.932776594516524,4.771187187187187,639,6.346639596405048,4.997019019019019,1000,0.509331
10,1000,3,1,17,0.0,0.49629999999999996,432,5.932776594516524,4.771187187187187,658,6.380878738888989,5.000270270270271,1000,0.510575
10,1000,3,1,18,0.0,0.49539999999999995,432,5.932776594516524,4.771187187187187,652,6.371628705035873,5.00054054054054,1000,0.508101
10,1000,3,1,19,0.0,0.4947,432,5.932776594516524,4.771187187187187,618,6.308974882180928,5.00208008008008,1000,0.505718
10,1000,3,1,20,0.0,0.49739999999999995,432,5.932776594516524,4.771187187187187,659,6.385900668189704,4.997613613613614,1000,0.5075649999999999
10,1000,3,1,21,0.0,0.49589999999999995,432,5.932776594516524,4.771187187187187,634,6.333603399943025,5.0024444444444445,1000,0.5070589999999999
10,1000,3,1,22,0.0,0.4975,432,5.932776594516524,4.771187187187187,640,6.344949314101003,5.001195195195195,1000,0.5071209999999999
10,1000,3,1,23,0.0,0.49779999999999996,432,5.932776594516524,4.771187187187187,650,6.370083174941531,4.999503503503504,1000,0.5092869999999999
10,1000,3,1,24,0.0,0.5036,432,5.932776594516524,4.771187187187187,629,6.325913913519777,4.995203203203203,1000,0.511337
10,1000,3,1,25,0.0,0.49689999999999995,432,5.932776594516524,4.771187187187187,632,6.334153750153545,5.001435435435435,1000,0.508788
10,1000,3,1,26,0.0,0.497,432,5.932776594516524,4.771187187187187,625,6.321929772442681,5.0004524524524525,1000,0.508007
10,1000,3,1,27,0.0,0.5001,432,5.932776594516524,4.771187187187187,627,6.326220789192506,4.9984244244244245,1000,0.510632
10,1000,3,1,28,0.0,0.5,432,5.932776594516524,4.771187187187187,626,6.315740808981687,5.000468468468468,1000,0.5074440000000001
10,1000,3,1,29,0.0,0.5055,432,5.932776594516524,4.771187187187187,653,6.375613335050481,4.9977157157157155,1000,0.510285
10,1000,3,1,30,0.0,0.489,432,5.932776594516524,4.771187187187187,621,6.317316862684599,4.996740740740741,1000,0.502764
10,1000,3,1,31,0.0,0.49229999999999996,432,5.932776594516524,4.771187187187187,629,6.328722801310198,4.999777777777778,1000,0.506256
10,1000,3,1,32,0.0,0.49929999999999997,432,5.932776594516524,4.771187187187187,631,6.327240183413279,5.001351351351351,1000,0.509779
10,1000,3,1,33,0.0,0.49889999999999995,432,5.932776594516524,4.771187187187187,640,6.351138277561998,4.998448448448449,1000,0.5102450000000001
10,1000,3,1,34,0.0,0.4977,432,5.932776594516524,4.771187187187187,631,6.333630502009781,4.998732732732733,1000,0.5088060000000001
10,1000,3,1,35,0.0,0.5005,432,5.932776594516524,4.771187187187187,630,6.337560927890877,5.001551551551551,1000,0.507724
10,1000,3,1,36,0.0,0.5017999999999999,432,5.932776594516524,4.771187187187187,644,6.356289452799373,5.00215015015015,1000,0.509535
10,1000,3,1,37,0.0,0.5001,432,5.932776594516524,4.771187187187187,638,6.355636958718948,5.002664664664665,1000,0.507754
10,1000,3,1,38,0.0,0.4965,432,5.932776594516524,4.771187187187187,637,6.3432653410685775,5.0004744744744745,1000,0.508231
10,1000,3,1,39,0.0,0.498,432,5.932776594516524,4.771187187187187,626,6.321667903902043,4.998754754754755,1000,0.505039
10,1000,3,1,40,0.0,0.5021,432,5.932776594516524,4.771187187187187,644,6.3574680827533685,4.999013013013013,1000,0.5094529999999999
10,1000,3,1,41,0.0,0.5044,432,5.932776594516524,4.771187187187187,653,6.377721344961069,5.002114114114114,1000,0.5115810000000001
10,1000,3,1,42,0.0,0.49610000000000004,432,5.932776594516524,4.771187187187187,624,6.308040223587037,5.000086086086086,1000,0.506071
10,1000,3,1,43,0.0,0.5032000000000001,432,5.932776594516524,4.771187187187187,643,6.353787440681682,4.99817017017017,1000,0.50891
10,1000,3,1,44,0.0,0.49839999999999995,432,5.932776594516524,4.771187187187187,627,6.3329087864603135,5.001725725725726,1000,0.508575
10,1000,3,1,45,0.0,0.5014,432,5.932776594516524,4.771187187187187,630,6.338634526245162,5.001269269269269,1000,0.510656
10,1000,3,1,46,0.0,0.496,432,5.932776594516524,4.771187187187187,633,6.345244105042505,5.000684684684685,1000,0.5067910000000001
10,1000,3,1,47,0.0,0.49489999999999995,432,5.932776594516524,4.771187187187187,644,6.353850352879106,5.001415415415416,1000,0.507937
10,1000,3,1,48,0.0,0.4997,432,5.932776594516524,4.771187187187187,627,6.329883526198858,5.001647647647648,1000,0.510273
10,1000,3,1,49,0.0,0.5013,432,5.932776594516524,4.771187187187187,636,6.340465650279581,5.000054054054054,1000,0.5095319999999999
10,1000,3,1,50,0.0,0.49360000000000004,432,5.932776594516524,4.771187187187187,631,6.329236852452539,4.9991911911911915,1000,0.503225
10,1000,3,1,51,0.0,0.5009,432,5.932776594516524,4.771187187187187,624,6.327065930344529,5.0000380380380385,1000,0.5110060000000001
10,1000,3,1,52,0.0,0.49560000000000004,432,5.932776594516524,4.771187187187187,619,6.308451634037164,5.000896896896897,1000,0.509189
10,1000,3,1,53,0.0,0.493,432,5.932776594516524,4.771187187187187,647,6.356989841741693,4.997125125125125,1000,0.505673
10,1000,3,1,54,0.0,0.49639999999999995,432,5.932776594516524,4.771187187187187,632,6.333528358139877,5.0006926926926925,1000,0.50659
10,1000,3,1,55,0.0,0.49379999999999996,432,5.932776594516524,4.771187187187187,640,6.356674258005054,5.0007287287287285,1000,0.505652
10,1000,3,1,56,0.0,0.49879999999999997,432,5.932776594516524,4.771187187187187,632,6.333561280540739,5.002498498498499,1000,0.507996
10,1000,3,1,57,0.0,0.49360000000000004,432,5.932776594516524,4.771187187187187,631,6.337945733096557,4.999343343343344,1000,0.5053270000000001
10,1000,3,1,58,0.0,0.497,432,5.932776594516524,4.771187187187187,626,6.3302475386094015,5.003079079079079,1000,0.507164
10,1000,3,1,59,0.0,0.4947,432,5.932776594516524,4.771187187187187,636,6.341861141642125,4.998720720720721,1000,0.5074310000000001
10,1000,3,1,60,0.0,0.4952,432,5.932776594516524,4.771187187187187,633,6.341722698704041,5.000192192192192,1000,0.505578
10,1000,3,1,61,0.0,0.49739999999999995,432,5.932776594516524,4.771187187187187,650,6.367511941354797,4.999411411411411,1000,0.5075550000000001
10,1000,3,1,62,0.0,0.49810000000000004,432,5.932776594516524,4.771187187187187,640,6.342402294851222,4.996086086086086,1000,0.505369
10,1000,3,1,63,0.0,0.49979999999999997,432,5.932776594516524,4.771187187187187,638,6.3470844260783466,5.000528528528529,1000,0.5091319999999999
10,1000,3,1,64,0.0,0.4978,432,5.932776594516524,4.771187187187187,643,6.354058017286231,4.99985985985986,1000,0.509502
10,1000,3,1,65,0.0,0.49729999999999996,432,5.932776594516524,4.771187187187187,654,6.37640427206899,4.998972972972973,1000,0.506453
10,1000,3,1,66,0.0,0.49870000000000003,432,5.932776594516524,4.771187187187187,631,6.331128489892089,5.001151151151151,1000,0.509345
10,1000,3,1,67,0.0,0.49629999999999996,432,5.932776594516524,4.771187187187187,627,6.329333175988337,4.999825825825826,1000,0.506999
10,1000,3,1,68,0.0,0.49429999999999996,432,5.932776594516524,4.771187187187187,633,6.344128387285933,5.001491491491492,1000,0.506855
10,1000,3,1,69,0.0,0.4894,432,5.932776594516524,4.771187187187187,624,6.328563565576976,5.000828828828829,1000,0.503568
10,1000,3,1,70,0.0,0.49510000000000004,432,5.932776594516524,4.771187187187187,615,6.306175191391932,5.000398398398398,1000,0.5051
10,1000,3,1,71,0.0,0.48779999999999996,432,5.932776594516524,4.771187187187187,637,6.348879739982099,4.998794794794795,1000,0.502694
10,1000,3,1,72,0.0,0.49410000000000004,432,5.932776594516524,4.771187187187187,640,6.34826936530396,5.00049049049049,1000,0.507187
10,1000,3,1,73,0.0,0.4982,432,5.932776594516524,4.771187187187187,635,6.353745321279398,5.0003363363363365,1000,0.507783
10,1000,3,1,74,0.0,0.4937,432,5.932776594516524,4.771187187187187,637,6.342952645061745,4.997007007007007,1000,0.505825
10,1000,3,1,75,0.0,0.5039,432,5.932776594516524,4.771187187187187,633,6.341539248633867,4.999733733733733,1000,0.507351
10,1000,3,1,76,0.0,0.491,432,5.932776594516524,4.771187187187187,631,6.337581720686014,4.9953993993994,1000,0.505719
10,1000,3,1,77,0.0,0.504,432,5.932776594516524,4.771187187187187,629,6.328199553166433,5.000316316316316,1000,0.510725
10,1000,3,1,78,0.0,0.4985,432,5.932776594516524,4.771187187187187,657,6.3756041380490585,4.999313313313313,1000,0.5085810000000001
10,1000,3,1,79,0.0,0.49439999999999995,432,5.932776594516524,4.771187187187187,628,6.328241672568719,5.000360360360361,1000,0.506229
10,1000,3,1,80,0.0,0.49310000000000004,432,5.932776594516524,4.771187187187187,643,6.352951496531084,4.9992892892892895,1000,0.5038279999999999
10,1000,3,1,81,0.0,0.49720000000000003,432,5.932776594516524,4.771187187187187,640,6.349857014800587,5.001073073073073,1000,0.50805
10,1000,3,1,82,0.0,0.49319999999999997,432,5.932776594516524,4.771187187187187,623,6.322269570516273,4.998074074074074,1000,0.5056
10,1000,3,1,83,0.0,0.4947,432,5.932776594516524,4.771187187187187,634,6.339317010122149,4.998596596596596,1000,0.508486
10,1000,3,1,84,0.0,0.5005,432,5.932776594516524,4.771187187187187,630,6.338950109981801,5.000942942942943,1000,0.507255
10,1000,3,1,85,0.0,0.49629999999999996,432,5.932776594516524,4.771187187187187,641,6.346561177934582,5.001263263263263,1000,0.509486
10,1000,3,1,86,0.0,0.49539999999999995,432,5.932776594516524,4.771187187187187,634,6.334451428824851,4.997945945945946,1000,0.508074
10,1000,3,1,87,0.0,0.5027,432,5.932776594516524,4.771187187187187,635,6.347746117160195,5.00029029029029,1000,0.509397
10,1000,3,1,88,0.0,0.4925,432,5.932776594516524,4.771187187187187,652,6.372829647356838,4.999197197197197,1000,0.504108
10,1000,3,1,89,0.0,0.5017,432,5.932776594516524,4.771187187187187,643,6.364477973029433,5.000054054054054,1000,0.5106809999999999
10,1000,3,1,90,0.0,0.5006,432,5.932776594516524,4.771187187187187,625,6.328608572709065,5.001101101101101,1000,0.5104150000000001
10,1000,3,1,91,0.0,0.49960000000000004,432,5.932776594516524,4.771187187187187,633,6.33722401754709,5.002246246246246,1000,0.507109
10,1000,3,1,92,0.0,0.49989999999999996,432,5.932776594516524,4.771187187187187,626,6.3281816481011,5.002228228228228,1000,0.510474
10,1000,3,1,93,0.0,0.49229999999999996,432,5.932776594516524,4.771187187187187,643,6.353436543636688,4.998348348348348,1000,0.503596
10,1000,3,1,94,0.0,0.48929999999999996,432,5.932776594516524,4.771187187187187,651,6.373763817013216,4.9970430430430435,1000,0.5035810000000001
10,1000,3,1,95,0.0,0.49779999999999996,432,5.932776594516524,4.771187187187187,621,6.314222380954103,5.001661661661662,1000,0.50561
10,1000,3,1,96,0.0,0.4957,432,5.932776594516524,4.771187187187187,638,6.344964331436532,4.99994994994995,1000,0.506937
10,1000,3,1,97,0.0,0.5006,432,5.932776594516524,4.771187187187187,650,6.371069646761441,4.999835835835836,1000,0.507885
10,1000,3,1,98,0.0,0.49770000000000003,432,5.932776594516524,4.771187187187187,628,6.331633832970521,5.001771771771772,1000,0.5065919999999999
10,1000,3,1,99,0.0,0.498,432,5.932776594516524,4.771187187187187,641,6.353222073135633,5.000948948948949,1000,0.50693
10,1000,3,2,0,0.0,0.5021,441,5.9459284326121455,4.759973973973974,630,6.3356271710490395,5.0025005005005,1000,0.5052960000000001
10,1000,3,2,1,0.0,0.5034,441,5.9459284326121455,4.759973973973974,640,6.344041260751559,5.003323323323324,1000,0.5079589999999999
10,1000,3,2,2,0.0,0.49760000000000004,441,5.9459284326121455,4.759973973973974,654,6.3752735369768905,5.0021861861861865,1000,0.5038919999999999
10,1000,3,2,3,0.0,0.5022,441,5.9459284326121455,4.759973973973974,636,6.34515697850813,5.0035275275275275,1000,0.505119
10,1000,3,2,4,0.0,0.5047,441,5.9459284326121455,4.759973973973974,625,6.314056835949263,5.003409409409409,1000,0.509062
10,1000,3,2,5,0.0,0.5049,441,5.9459284326121455,4.759973973973974,645,6.349718571862502,5.000810810810811,1000,0.507841
10,1000,3,2,6,0.0,0.5025,441,5.9459284326121455,4.759973973973974,643,6.360703895151754,5.002980980980981,1000,0.50622
10,1000,3,2,7,0.0,0.501,441,5.9459284326121455,4.759973973973974,650,6.365743729517803,5.002234234234234,1000,0.5051129999999999
10,1000,3,2,8,0.0,0.503,441,5.9459284326121455,4.759973973973974,645,6.361200041228761,5.002666666666666,1000,0.5093380000000001
10,1000,3,2,9,0.0,0.5007,441,5.9459284326121455,4.759973973973974,639,6.350843486620498,5.001171171171171,1000,0.505475
10,1000,3,2,10,0.0,0.5098,441,5.9459284326121455,4.759973973973974,641,6.350154693471892,5.002066066066066,1000,0.510209
10,1000,3,2,11,0.0,0.5018,441,5.9459284326121455,4.759973973973974,629,6.331012359320978,4.999815815815816,1000,0.505087
10,1000,3,2,12,0.0,0.5042,441,5.9459284326121455,4.759973973973974,643,6.348200143834918,5.002406406406406,1000,0.508318
10,1000,3,2,13,0.0,0.5081,441,5.9459284326121455,4.759973973973974,666,6.397270796684635,4.998028028028028,1000,0.507836
10,1000,3,2,14,0.0,0.5042,441,5.9459284326121455,4.759973973973974,631,6.334310098156962,4.9998638638638635,1000,0.5087900000000001
10,1000,3,2,15,0.0,0.5087999999999999,441,5.9459284326121455,4.759973973973974,637,6.345192788638796,5.000588588588589,1000,0.508438
10,1000,3,2,16,0.0,0.5057,441,5.9459284326121455,4.759973973973974,650,6.372560972722269,5.001555555555556,1000,0.509235
10,1000,3,2,17,0.0,0.49979999999999997,441,5.9459284326121455,4.759973973973974,631,6.334222971622587,5.004188188188188,1000,0.50706
10,1000,3,2,18,0.0,0.5035,441,5.9459284326121455,4.759973973973974,642,6.355200837109559,5.001731731731732,1000,0.505195
10,1000,3,2,19,0.0,0.5049,441,5.9459284326121455,4.759973973973974,632,6.332617913882938,5.000986986986987,1000,0.505591
10,1000,3,2,20,0.0,0.5079,441,5.9459284326121455,4.759973973973974,615,6.302689595184135,4.997863863863864,1000,0.5086569999999999
10,1000,3,2,21,0.0,0.497,441,5.9459284326121455,4.759973973973974,638,6.3481580244326326,5.0026226226226225,1000,0.50552
10,1000,3,2,22,0.0,0.5057999999999999,441,5.9459284326121455,4.759973973973974,644,6.352341121852945,5.002890890890891,1000,0.508682
10,1000,3,2,23,0.0,0.5023,441,5.9459284326121455,4.759973973973974,647,6.3630645766015554,5.0037457457457455,1000,0.507938
10,1000,3,2,24,0.0,0.5032,441,5.9459284326121455,4.759973973973974,634,6.335350285172872,5.00138938938939,1000,0.5084829999999999
10,1000,3,2,25,0.0,0.5029,441,5.9459284326121455,4.759973973973974,633,6.332036543241536,4.998880880880881,1000,0.5041840000000001
10,1000,3,2,26,0.0,0.49889999999999995,441,5.9459284326121455,4.759973973973974,650,6.369659138063369,5.001031031031031,1000,0.5051370000000001
10,1000,3,2,27,0.0,0.5005,441,5.9459284326121455,4.759973973973974,648,6.3604241215457815,5.002236236236236,1000,0.504741
10,1000,3,2,28,0.0,0.49739999999999995,441,5.9459284326121455,4.759973973973974,646,6.354000009212758,5.002054054054054,1000,0.5049560000000001
10,1000,3,2,29,0.0,0.5065999999999999,441,5.9459284326121455,4.759973973973974,632,6.336805801003035,4.999463463463464,1000,0.5095400000000001
10,1000,3,2,30,0.0,0.5033,441,5.9459284326121455,4.759973973973974,646,6.349649350393461,5.003121121121121,1000,0.508659
10,1000,3,2,31,0.0,0.49910000000000004,441,5.9459284326121455,4.759973973973974,626,6.329315270923004,5.001987987987988,1000,0.50562
10,1000,3,2,32,0.0,0.5023,441,5.9459284326121455,4.759973973973974,642,6.350380262944351,5.003333333333333,1000,0.506356
10,1000,3,2,33,0.0,0.5066,441,5.9459284326121455,4.759973973973974,640,6.351950007375645,5.002666666666666,1000,0.508404
10,1000,3,2,34,0.0,0.502,441,5.9459284326121455,4.759973973973974,637,6.343719367743301,5.000364364364365,1000,0.505693
10,1000,3,2,35,0.0,0.499,441,5.9459284326121455,4.759973973973974,635,6.3473370976175625,5.003623623623624,1000,0.5071640000000001
10,1000,3,2,36,0.0,0.49929999999999997,441,5.9459284326121455,4.759973973973974,635,6.344678737496455,5.001967967967968,1000,0.506294
10,1000,3,2,37,0.0,0.5055999999999999,441,5.9459284326121455,4.759973973973974,646,6.353239978200966,5.001701701701702,1000,0.5090790000000001
10,1000,3,2,38,0.0,0.5019,441,5.9459284326121455,4.759973973973974,655,6.372693106388734,5.001471471471471,1000,0.5050800000000001
10,1000,3,2,39,0.0,0.5022,441,5.9459284326121455,4.759973973973974,642,6.348783416446301,5.0005725725725725,1000,0.5064740000000001
10,1000,3,2,40,0.0,0.5007,441,5.9459284326121455,4.759973973973974,641,6.34947509732471,5.001595595595596,1000,0.503785
10,1000,3,2,41,0.0,0.4956,441,5.9459284326121455,4.759973973973974,635,6.334469333890183,4.999647647647648,1000,0.50405
10,1000,3,2,42,0.0,0.4995,441,5.9459284326121455,4.759973973973974,639,6.340195073675032,5.001327327327328,1000,0.504988
10,1000,3,2,43,0.0,0.5053,441,5.9459284326121455,4.759973973973974,643,6.351312530630748,5.0000780780780785,1000,0.5079330000000001
10,1000,3,2,44,0.0,0.5075,441,5.9459284326121455,4.759973973973974,645,6.347353100712915,5.001971971971972,1000,0.508752
10,1000,3,2,45,0.0,0.5049,441,5.9459284326121455,4.759973973973974,633,6.337903613694273,5.003169169169169,1000,0.509687
10,1000,3,2,46,0.0,0.5037999999999999,441,5.9459284326121455,4.759973973973974,644,6.3462571899916576,4.998018018018018,1000,0.506692
10,1000,3,2,47,0.0,0.5034,441,5.9459284326121455,4.759973973973974,639,6.35602176392463,5.000972972972973,1000,0.507509
10,1000,3,2,48,0.0,0.4966,441,5.9459284326121455,4.759973973973974,646,6.358244002436349,5.002102102102102,1000,0.502889
10,1000,3,2,49,0.0,0.5064,441,5.9459284326121455,4.759973973973974,644,6.354695494031128,4.99807007007007,1000,0.509876
10,1000,3,2,50,0.0,0.505,441,5.9459284326121455,4.759973973973974,648,6.360860243155171,5.004112112112112,1000,0.5096339999999999
10,1000,3,2,51,0.0,0.5035,441,5.9459284326121455,4.759973973973974,641,6.35740805828575,5.000934934934935,1000,0.507306
10,1000,3,2,52,0.0,0.5003,441,5.9459284326121455,4.759973973973974,646,6.363476483873994,5.000922922922923,1000,0.5037119999999999
10,1000,3,2,53,0.0,0.5005,441,5.9459284326121455,4.759973973973974,637,6.341668494570527,5.002424424424424,1000,0.504642
10,1000,3,2,54,0.0,0.5075,441,5.9459284326121455,4.759973973973974,648,6.369316452259974,5.000638638638638,1000,0.507761
10,1000,3,2,55,0.0,0.5026,441,5.9459284326121455,4.759973973973974,648,6.360325896040002,5.002978978978979,1000,0.508579
10,1000,3,2,56,0.0,0.5038,441,5.9459284326121455,4.759973973973974,625,6.321346010893785,5.000792792792793,1000,0.50803
10,1000,3,2,57,0.0,0.49979999999999997,441,5.9459284326121455,4.759973973973974,641,6.3531349466012585,5.00182982982983,1000,0.504826
10,1000,3,2,58,0.0,0.5055,441,5.9459284326121455,4.759973973973974,639,6.339097260983795,4.999785785785786,1000,0.508856
10,1000,3,2,59,0.0,0.502,441,5.9459284326121455,4.759973973973974,637,6.331783871702319,5.002730730730731,1000,0.506563
10,1000,3,2,60,0.0,0.5047999999999999,441,5.9459284326121455,4.759973973973974,629,6.339386231591191,5.003383383383383,1000,0.508315
10,1000,3,2,61,0.0,0.5046,441,5.9459284326121455,4.759973973973974,634,6.343406671736467,4.999771771771772,1000,0.507051
10,1000,3,2,62,0.0,0.5051,441,5.9459284326121455,4.759973973973974,643,6.358628807642029,5.002408408408408,1000,0.509547
10,1000,3,2,63,0.0,0.5078,441,5.9459284326121455,4.759973973973974,630,6.330066976269032,5.000396396396396,1000,0.507347
10,1000,3,2,64,0.0,0.5094,441,5.9459284326121455,4.759973973973974,644,6.357904204362757,5.000832832832833,1000,0.5090309999999999
10,1000,3,2,65,0.0,0.4982,441,5.9459284326121455,4.759973973973974,641,6.350921416153449,5.003123123123123,1000,0.504874
10,1000,3,2,66,0.0,0.5091,441,5.9459284326121455,4.759973973973974,646,6.353631092678266,5.000238238238238,1000,0.511359
10,1000,3,2,67,0.0,0.5017999999999999,441,5.9459284326121455,4.759973973973974,625,6.317945142428073,5.000044044044044,1000,0.506218
10,1000,3,2,68,0.0,0.5053,441,5.9459284326121455,4.759973973973974,635,6.339037236516177,5.002464464464464,1000,0.507173
10,1000,3,2,69,0.0,0.5063,441,5.9459284326121455,4.759973973973974,641,6.347153647547389,4.996762762762763,1000,0.507776
10,1000,3,2,70,0.0,0.4997,441,5.9459284326121455,4.759973973973974,643,6.353354206802098,5.002664664664665,1000,0.506637
10,1000,3,2,71,0.0,0.49660000000000004,441,5.9459284326121455,4.759973973973974,649,6.369683352400321,5.001605605605605,1000,0.504217
10,1000,3,2,72,0.0,0.4985,441,5.9459284326121455,4.759973973973974,637,6.339046433517599,5.0034654654654656,1000,0.504525
10,1000,3,2,73,0.0,0.5084,441,5.9459284326121455,4.759973973973974,627,6.334947574901859,4.99967967967968,1000,0.5084160000000001
10,1000,3,2,74,0.0,0.5095,441,5.9459284326121455,4.759973973973974,644,6.363022457199271,4.999405405405406,1000,0.507072
10,1000,3,2,75,0.0,0.5056,441,5.9459284326121455,4.759973973973974,633,6.3306923682827,5.001393393393394,1000,0.508642
10,1000,3,2,76,0.0,0.5043,441,5.9459284326121455,4.759973973973974,637,6.346900976008174,5.00175975975976,1000,0.509171
10,1000,3,2,77,0.0,0.5074,441,5.9459284326121455,4.759973973973974,653,6.370311632143794,5.001373373373373,1000,0.509445
10,1000,3,2,78,0.0,0.5024,441,5.9459284326121455,4.759973973973974,634,6.335557949579998,5.001901901901902,1000,0.505813
10,1000,3,2,79,0.0,0.5052,441,5.9459284326121455,4.759973973973974,651,6.3658308560521775,4.997957957957958,1000,0.505742
10,1000,3,2,80,0.0,0.5001,441,5.9459284326121455,4.759973973973974,631,6.324076480213741,5.001423423423423,1000,0.506173
10,1000,3,2,81,0.0,0.507,441,5.9459284326121455,4.759973973973974,640,6.349899134202872,5.001777777777778,1000,0.5069450000000001
10,1000,3,2,82,0.0,0.49639999999999995,441,5.9459284326121455,4.759973973973974,625,6.323090497331343,5.001289289289289,1000,0.5034919999999999
10,1000,3,2,83,0.0,0.5057,441,5.9459284326121455,4.759973973973974,635,6.339761839795448,5.001199199199199,1000,0.5071089999999999
10,1000,3,2,84,0.0,0.5025999999999999,441,5.9459284326121455,4.759973973973974,637,6.343151112467446,5.0034474474474475,1000,0.508361
10,1000,3,2,85,0.0,0.5022,441,5.9459284326121455,4.759973973973974,644,6.363022457199271,5.003179179179179,1000,0.5071230000000001
10,1000,3,2,86,0.0,0.5085,441,5.9459284326121455,4.759973973973974,640,6.3522719003839025,5.000302302302302,1000,0.506794
10,1000,3,2,87,0.0,0.5035,441,5.9459284326121455,4.759973973973974,644,6.3579313064295135,5.003277277277277,1000,0.50824
10,1000,3,2,88,0.0,0.5075,441,5.9459284326121455,4.759973973973974,640,6.348374396903668,5.0014954954954955,1000,0.508772
10,1000,3,2,89,0.0,0.5024,441,5.9459284326121455,4.759973973973974,624,6.323361073935891,5.000828828828829,1000,0.50491
10,1000,3,2,90,0.0,0.5013,441,5.9459284326121455,4.759973973973974,639,6.333324612096876,5.000822822822823,1000,0.505187
10,1000,3,2,91,0.0,0.5033,441,5.9459284326121455,4.759973973973974,651,6.368838211248299,4.999757757757758,1000,0.506982
10,1000,3,2,92,0.0,0.5059,441,5.9459284326121455,4.759973973973974,634,6.336490217266396,5.0014994994994995,1000,0.509034
10,1000,3,2,93,0.0,0.5037,441,5.9459284326121455,4.759973973973974,636,6.340423530877296,5.001223223223223,1000,0.505814
10,1000,3,2,94,0.0,0.5073,441,5.9459284326121455,4.759973973973974,632,6.336577343800771,5.002584584584585,1000,0.509618
10,1000,3,2,95,0.0,0.5005,441,5.9459284326121455,4.759973973973974,640,6.348864722646571,5.002252252252252,1000,0.506164
10,1000,3,2,96,0.0,0.5044,441,5.9459284326121455,4.759973973973974,644,6.35363398040807,4.999175175175175,1000,0.5079199999999999
10,1000,3,2,97,0.0,0.5073,441,5.9459284326121455,4.759973973973974,627,6.322879945194412,4.999997997997998,1000,0.5081749999999999
10,1000,3,2,98,0.0,0.5026,441,5.9459284326121455,4.759973973973974,614,6.294528177020832,5.001461461461462,1000,0.506795
10,1000,3,2,99,0.0,0.49660000000000004,441,5.9459284326121455,4.759973973973974,639,6.344356844488197,5.000028028028028,1000,0.501985
10,1000,3,3,0,0.0,0.5041,438,5.943032907224865,4.789091091091091,657,6.379886446734973,4.998324324324324,1000,0.510041
10,1000,3,3,1,0.0,0.5048,438,5.943032907224865,4.789091091091091,639,6.348627068442884,5.002870870870871,1000,0.511235
10,1000,3,3,2,0.0,0.501,438,5.943032907224865,4.789091091091091,655,6.382177906715734,5.000792792792793,1000,0.506395
10,1000,3,3,3,0.0,0.4945,438,5.943032907224865,4.789091091091091,661,6.380905840955746,5.0000380380380385,1000,0.506102
10,1000,3,3,4,0.0,0.5021,438,5.943032907224865,4.789091091091091,637,6.345767353186269,4.996514514514515,1000,0.5110779999999999
10,1000,3,3,5,0.0,0.5032000000000001,438,5.943032907224865,4.789091091091091,639,6.342447301983313,4.996888888888889,1000,0.5120180000000001
10,1000,3,3,6,0.0,0.5024,438,5.943032907224865,4.789091091091091,642,6.352768046460911,5.00182982982983,1000,0.5094430000000001
10,1000,3,3,7,0.0,0.5011,438,5.943032907224865,4.789091091091091,645,6.357807880826958,4.998088088088088,1000,0.508683
10,1000,3,3,8,0.0,0.5019,438,5.943032907224865,4.789091091091091,632,6.340291397210831,5.00041041041041,1000,0.510901
10,1000,3,3,9,0.0,0.49639999999999995,438,5.943032907224865,4.789091091091091,645,6.367364790352804,4.998514514514515,1000,0.508389
10,1000,3,3,10,0.0,0.5057999999999999,438,5.943032907224865,4.789091091091091,643,6.357862084960472,4.997437437437437,1000,0.5100429999999999
10,1000,3,3,11,0.0,0.5049,438,5.943032907224865,4.789091091091091,639,6.3508613916858305,5.001271271271271,1000,0.51003
10,1000,3,3,12,0.0,0.49520000000000003,438,5.943032907224865,4.789091091091091,638,6.343081890998404,4.999935935935936,1000,0.5070950000000001
10,1000,3,3,13,0.0,0.5025,438,5.943032907224865,4.789091091091091,640,6.340805448353173,5.002148148148148,1000,0.511481
10,1000,3,3,14,0.0,0.4948,438,5.943032907224865,4.789091091091091,645,6.361182136163428,4.9987187187187185,1000,0.506411
10,1000,3,3,15,0.0,0.5075,438,5.943032907224865,4.789091091091091,644,6.349038975715321,5.000958958958959,1000,0.5116240000000001
10,1000,3,3,16,0.0,0.494,438,5.943032907224865,4.789091091091091,637,6.352359026918277,5.000812812812812,1000,0.506562
10,1000,3,3,17,0.0,0.5,438,5.943032907224865,4.789091091091091,645,6.356292340529178,5.003119119119119,1000,0.509138
10,1000,3,3,18,0.0,0.5055,438,5.943032907224865,4.789091091091091,655,6.37056430368301,5.002856856856857,1000,0.5104
10,1000,3,3,19,0.0,0.5025,438,5.943032907224865,4.789091091091091,649,6.364835676168356,5.0012992992992995,1000,0.50781
10,1000,3,3,20,0.0,0.5067999999999999,438,5.943032907224865,4.789091091091091,656,6.378542271776139,5.000892892892893,1000,0.5115930000000001
10,1000,3,3,21,0.0,0.5048,438,5.943032907224865,4.789091091091091,625,6.32896627584799,5.0009289289289285,1000,0.511279
10,1000,3,3,22,0.0,0.5047,438,5.943032907224865,4.789091091091091,641,6.352855172995286,5.002716716716717,1000,0.510155
10,1000,3,3,23,0.0,0.5065,438,5.943032907224865,4.789091091091091,646,6.355654863784283,5.000186186186186,1000,0.512468
10,1000,3,3,24,0.0,0.5097999999999999,438,5.943032907224865,4.789091091091091,642,6.363587824745321,5.0017537537537535,1000,0.510657
10,1000,3,3,25,0.0,0.5002000000000001,438,5.943032907224865,4.789091091091091,644,6.353336301736764,4.99827027027027,1000,0.508955
10,1000,3,3,26,0.0,0.5071,438,5.943032907224865,4.789091091091091,626,6.333290703936189,4.999221221221221,1000,0.510952
10,1000,3,3,27,0.0,0.505,438,5.943032907224865,4.789091091091091,652,6.36779171496077,5.000152152152152,1000,0.508232
10,1000,3,3,28,0.0,0.5066,438,5.943032907224865,4.789091091091091,641,6.3531078445345015,5.001641641641641,1000,0.510035
10,1000,3,3,29,0.0,0.4985,438,5.943032907224865,4.789091091091091,647,6.3604241215457815,5.0026006006006005,1000,0.509039
10,1000,3,3,30,0.0,0.49829999999999997,438,5.943032907224865,4.789091091091091,648,6.3584724596386115,4.999337337337337,1000,0.507835
10,1000,3,3,31,0.0,0.49870000000000003,438,5.943032907224865,4.789091091091091,645,6.363022457199271,5.002540540540541,1000,0.509633
10,1000,3,3,32,0.0,0.49970000000000003,438,5.943032907224865,4.789091091091091,636,6.342171935678978,5.001195195195195,1000,0.509409
10,1000,3,3,33,0.0,0.5016,438,5.943032907224865,4.789091091091091,640,6.345854479720645,5.002142142142142,1000,0.508313
10,1000,3,3,34,0.0,0.5032,438,5.943032907224865,4.789091091091091,637,6.347721902823244,5.000496496496496,1000,0.509019
10,1000,3,3,35,0.0,0.5124,438,5.943032907224865,4.789091091091091,642,6.358244002436348,4.99823023023023,1000,0.512758
10,1000,3,3,36,0.0,0.49989999999999996,438,5.943032907224865,4.789091091091091,647,6.3704079556795925,5.000554554554554,1000,0.5097659999999999
10,1000,3,3,37,0.0,0.5009,438,5.943032907224865,4.789091091091091,638,6.344678737496454,5.003033033033033,1000,0.51002
10,1000,3,3,38,0.0,0.5032000000000001,438,5.943032907224865,4.789091091091091,630,6.332244207648661,5.002722722722723,1000,0.508621
10,1000,3,3,39,0.0,0.5057,438,5.943032907224865,4.789091091091091,638,6.347511350686313,4.999717717717718,1000,0.5120520000000001
10,1000,3,3,40,0.0,0.49660000000000004,438,5.943032907224865,4.789091091091091,668,6.399658580201194,5.000924924924925,1000,0.505824
10,1000,3,3,41,0.0,0.5042000000000001,438,5.943032907224865,4.789091091091091,640,6.35142675923188,5.0006526526526525,1000,0.510728
10,1000,3,3,42,0.0,0.5046,438,5.943032907224865,4.789091091091091,659,6.388925928451159,5.002486486486487,1000,0.5120950000000001
10,1000,3,3,43,0.0,0.507,438,5.943032907224865,4.789091091091091,640,6.3488255358485866,5.001433433433434,1000,0.5103920000000001
10,1000,3,3,44,0.0,0.5076,438,5.943032907224865,4.789091091091091,639,6.344790078367781,5.0005005005005,1000,0.511514
10,1000,3,3,45,0.0,0.5057999999999999,438,5.943032907224865,4.789091091091091,644,6.3636778390095,5.002082082082082,1000,0.511691
10,1000,3,3,46,0.0,0.5056,438,5.943032907224865,4.789091091091091,653,6.381498310568551,4.999751751751751,1000,0.512279
10,1000,3,3,47,0.0,0.5089,438,5.943032907224865,4.789091091091091,665,6.391698517173399,4.999649649649649,1000,0.511657
10,1000,3,3,48,0.0,0.5001,438,5.943032907224865,4.789091091091091,629,6.33194941670716,5.000666666666667,1000,0.507026
10,1000,3,3,49,0.0,0.5049,438,5.943032907224865,4.789091091091091,633,6.3408838668236385,4.999877877877878,1000,0.510993
10,1000,3,3,50,0.0,0.49460000000000004,438,5.943032907224865,4.789091091091091,648,6.365855070389129,4.999607607607608,1000,0.5051460000000001
10,1000,3,3,51,0.0,0.5031,438,5.943032907224865,4.789091091091091,645,6.355402192245067,4.998696696696697,1000,0.508842
10,1000,3,3,52,0.0,0.5038,438,5.943032907224865,4.789091091091091,652,6.367695391424971,4.998006006006006,1000,0.509008
10,1000,3,3,53,0.0,0.5037999999999999,438,5.943032907224865,4.789091091091091,647,6.363659933944167,5.000892892892893,1000,0.509971
10,1000,3,3,54,0.0,0.5062000000000001,438,5.943032907224865,4.789091091091091,648,6.363040362264604,5.0012772772772776,1000,0.509837
10,1000,3,3,55,0.0,0.5062000000000001,438,5.943032907224865,4.789091091091091,632,6.330292545741492,4.999935935935936,1000,0.512873
10,1000,3,3,56,0.0,0.49720000000000003,438,5.943032907224865,4.789091091091091,643,6.345081447767469,5.002798798798799,1000,0.505861
10,1000,3,3,57,0.0,0.49870000000000003,438,5.943032907224865,4.789091091091091,643,6.359019922119328,5.003069069069069,1000,0.507142
10,1000,3,3,58,0.0,0.503,438,5.943032907224865,4.789091091091091,661,6.389151497923619,5.001885885885886,1000,0.508489
10,1000,3,3,59,0.0,0.5023,438,5.943032907224865,4.789091091091091,644,6.355113710575184,5.001527527527528,1000,0.507968
10,1000,3,3,60,0.0,0.505,438,5.943032907224865,4.789091091091091,641,6.34394493721576,5.002358358358358,1000,0.509707
10,1000,3,3,61,0.0,0.49879999999999997,438,5.943032907224865,4.789091091091091,642,6.353841644815196,5.00383983983984,1000,0.5059870000000001
10,1000,3,3,62,0.0,0.49720000000000003,438,5.943032907224865,4.789091091091091,646,6.360379114413691,5.001257257257257,1000,0.5081990000000001
10,1000,3,3,63,0.0,0.5143,438,5.943032907224865,4.789091091091091,643,6.352130569716014,4.998756756756757,1000,0.514269
10,1000,3,3,64,0.0,0.4985,438,5.943032907224865,4.789091091091091,654,6.375953133124073,5.001807807807808,1000,0.50775
10,1000,3,3,65,0.0,0.5014,438,5.943032907224865,4.789091091091091,641,6.350351258907614,5.002774774774775,1000,0.5095500000000001
10,1000,3,3,66,0.0,0.5024,438,5.943032907224865,4.789091091091091,649,6.371863471509755,5.003255255255255,1000,0.5085500000000001
10,1000,3,3,67,0.0,0.49860000000000004,438,5.943032907224865,4.789091091091091,651,6.367217150413296,5.002566566566567,1000,0.507559
10,1000,3,3,68,0.0,0.5007,438,5.943032907224865,4.789091091091091,650,6.373093417867457,5.001247247247247,1000,0.508529
10,1000,3,3,69,0.0,0.5001,438,5.943032907224865,4.789091091091091,645,6.3596724161997535,5.003833833833834,1000,0.508854
10,1000,3,3,70,0.0,0.5084,438,5.943032907224865,4.789091091091091,646,6.366997890212457,5.001185185185185,1000,0.5125919999999999
10,1000,3,3,71,0.0,0.5032000000000001,438,5.943032907224865,4.789091091091091,633,6.339377034589768,4.99945945945946,1000,0.51246
10,1000,3,3,72,0.0,0.5067999999999999,438,5.943032907224865,4.789091091091091,657,6.384610697364382,4.999767767767768,1000,0.50931
10,1000,3,3,73,0.0,0.5103,438,5.943032907224865,4.789091091091091,649,6.363876306415203,5.000282282282282,1000,0.512342
10,1000,3,3,74,0.0,0.5003,438,5.943032907224865,4.789091091091091,656,6.37299078506004,5.003069069069069,1000,0.508014
10,1000,3,3,75,0.0,0.5032,438,5.943032907224865,4.789091091091091,639,6.345794455253026,5.001313313313314,1000,0.5105510000000001
10,1000,3,3,76,0.0,0.5064,438,5.943032907224865,4.789091091091091,647,6.365386026378879,5.0016736736736735,1000,0.5123540000000001
10,1000,3,3,77,0.0,0.5015,438,5.943032907224865,4.789091091091091,642,6.352698824991868,5.001423423423423,1000,0.508263
10,1000,3,3,78,0.0,0.5006,438,5.943032907224865,4.789091091091091,648,6.360469128677871,4.997481481481482,1000,0.509672
10,1000,3,3,79,0.0,0.5049,438,5.943032907224865,4.789091091091091,653,6.374948756238829,4.996798798798799,1000,0.511101
10,1000,3,3,80,0.0,0.507,438,5.943032907224865,4.789091091091091,646,6.359657398864224,4.99937937937938,1000,0.512044
10,1000,3,3,81,0.0,0.5011,438,5.943032907224865,4.789091091091091,645,6.360042204069905,5.001315315315315,1000,0.508735
10,1000,3,3,82,0.0,0.49839999999999995,438,5.943032907224865,4.789091091091091,630,6.335609265983707,5.0001761761761765,1000,0.507516
10,1000,3,3,83,0.0,0.5023,438,5.943032907224865,4.789091091091091,635,6.345611005182851,5.001475475475475,1000,0.510694
10,1000,3,3,84,0.0,0.5017,438,5.943032907224865,4.789091091091091,632,6.3307886918184995,4.9991291291291295,1000,0.509993
10,1000,3,3,85,0.0,0.5036,438,5.943032907224865,4.789091091091091,618,6.3142402860194355,4.998646646646646,1000,0.510647
10,1000,3,3,86,0.0,0.5002000000000001,438,5.943032907224865,4.789091091091091,646,6.355332970776024,5.0018338338338335,1000,0.508621
10,1000,3,3,87,0.0,0.5022,438,5.943032907224865,4.789091091091091,641,6.352401146320563,5.0024624624624625,1000,0.507888
10,1000,3,3,88,0.0,0.49960000000000004,438,5.943032907224865,4.789091091091091,643,6.354677588965796,5.003951951951952,1000,0.506451
10,1000,3,3,89,0.0,0.5028,438,5.943032907224865,4.789091091091091,654,6.373153442335076,5.0028588588588585,1000,0.5089600000000001
10,1000,3,3,90,0.0,0.5024,438,5.943032907224865,4.789091091091091,647,6.364540885226855,4.997573573573574,1000,0.51074
10,1000,3,3,91,0.0,0.5022,438,5.943032907224865,4.789091091091091,647,6.362796887726812,4.999967967967968,1000,0.508072
10,1000,3,3,92,0.0,0.49910000000000004,438,5.943032907224865,4.789091091091091,638,6.340877557552019,5.001147147147147,1000,0.5077630000000001
10,1000,3,3,93,0.0,0.49910000000000004,438,5.943032907224865,4.789091091091091,642,6.350807187552316,4.998552552552552,1000,0.508456
10,1000,3,3,94,0.0,0.5052000000000001,438,5.943032907224865,4.789091091091091,639,6.350091781274469,4.999731731731732,1000,0.51113
10,1000,3,3,95,0.0,0.5083,438,5.943032907224865,4.789091091091091,639,6.3473370976175625,5.000914914914915,1000,0.510741
10,1000,3,3,96,0.0,0.5091,438,5.943032907224865,4.789091091091091,650,6.36329303380382,5.001579579579579,1000,0.513729
10,1000,3,3,97,0.0,0.5057,438,5.943032907224865,4.789091091091091,643,6.3600393163401,4.999601601601602,1000,0.511506
10,1000,3,3,98,0.0,0.5036,438,5.943032907224865,4.789091091091091,652,6.365515272315538,5.0014774774774775,1000,0.5105500000000001
10,1000,3,3,99,0.0,0.5071,438,5.943032907224865,4.789091091091091,635,6.347676895691153,5.002664664664665,1000,0.512751
10,1000,8,1,0,0.0001,0.49110000000000004,627,6.326262908594792,4.9974754754754755,647,6.3577207542925835,5.001243243243243,1000,0.007783000000000001
10,1000,8,1,1,0.0001,0.5005,627,6.326262908594792,4.9974754754754755,630,6.332302330146298,4.999349349349349,996,0.007687000000000001
10,1000,8,1,2,0.0002,0.5021,627,6.326262908594792,4.9974754754754755,641,6.340211076770386,4.999825825825826,998,0.007871000000000001
10,1000,8,1,3,0.0005,0.494,627,6.326262908594792,4.9974754754754755,624,6.315016205702416,4.997753753753754,1000,0.007850000000000001
10,1000,8,1,4,0.0014,0.49849999999999994,627,6.326262908594792,4.9974754754754755,638,6.34022217574179,5.001135135135135,1000,0.007837
10,1000,8,1,5,0.0016,0.4953,627,6.326262908594792,4.9974754754754755,645,6.355949654725784,5.001319319319319,996,0.007833
10,1000,8,1,6,0.0017999999999999997,0.5002000000000001,627,6.326262908594792,4.9974754754754755,625,6.310012181467034,5.001069069069069,999,0.007744000000000001
10,1000,8,1,7,0.0021000000000000003,0.49929999999999997,627,6.326262908594792,4.9974754754754755,634,6.330283348740068,4.9955455455455455,995,0.007775000000000001
10,1000,8,1,8,0.0021000000000000003,0.49579999999999996,627,6.326262908594792,4.9974754754754755,634,6.32917682798492,5.001521521521521,1000,0.007785
10,1000,8,1,9,0.0026,0.49679999999999996,627,6.326262908594792,4.9974754754754755,632,6.323924539511961,4.998198198198198,1000,0.007741
10,1000,8,1,10,0.0029000000000000002,0.4918,627,6.326262908594792,4.9974754754754755,626,6.312004060806508,4.99933933933934,1000,0.007730000000000001
10,1000,8,1,11,0.003,0.49810000000000004,627,6.326262908594792,4.9974754754754755,639,6.3368281133700055,4.997243243243243,1000,0.007737000000000001
10,1000,8,1,12,0.003,0.49310000000000004,627,6.326262908594792,4.9974754754754755,635,6.322699382854044,5.00175975975976,1000,0.007680000000000001
10,1000,8,1,13,0.0034000000000000002,0.49440000000000006,627,6.326262908594792,4.9974754754754755,626,6.310035439732662,5.00158958958959,1000,0.007673
10,1000,8,1,14,0.0035,0.49489999999999995,627,6.326262908594792,4.9974754754754755,641,6.333250600928048,5.002184184184184,998,0.0076300000000000005
10,1000,8,1,15,0.0038,0.4905,627,6.326262908594792,4.9974754754754755,625,6.303402602669692,5.0000780780780785,1000,0.007609000000000001
10,1000,8,1,16,0.0043,0.4933,627,6.326262908594792,4.9974754754754755,637,6.313813361411469,5.002424424424424,1000,0.007654
10,1000,8,1,17,0.0046,0.4948,627,6.326262908594792,4.9974754754754755,631,6.3065599965976125,5.002166166166166,1000,0.007665000000000001
10,1000,8,1,18,0.0046,0.492,627,6.326262908594792,4.9974754754754755,626,6.29230391116043,5.001845845845846,999,0.007568
10,1000,8,1,19,0.0047,0.4996,627,6.326262908594792,4.9974754754754755,626,6.289217766050235,5.003415415415415,1000,0.007683
10,1000,8,1,20,0.0048,0.496,627,6.326262908594792,4.9974754754754755,625,6.285389484039043,5.000668668668669,999,0.0076170000000000005
10,1000,8,1,21,0.0048,0.48969999999999997,627,6.326262908594792,4.9974754754754755,641,6.321598682433001,4.999229229229229,1000,0.007733
10,1000,8,1,22,0.0048,0.4893,627,6.326262908594792,4.9974754754754755,621,6.286033270055558,4.999065065065065,1000,0.007658000000000001
10,1000,8,1,23,0.0048,0.4897,627,6.326262908594792,4.9974754754754755,636,6.3095559143758475,5.000074074074074,1000,0.007621
10,1000,8,1,24,0.004900000000000001,0.4899,627,6.326262908594792,4.9974754754754755,637,6.302419018579586,5.000282282282282,1000,0.0075580000000000005
10,1000,8,1,25,0.0056,0.489,627,6.326262908594792,4.9974754754754755,626,6.2812848050891965,5.0002922922922926,1000,0.007437999999999999
10,1000,8,1,26,0.0056,0.48460000000000003,627,6.326262908594792,4.9974754754754755,626,6.282514751446899,4.999167167167167,999,0.007561
10,1000,8,1,27,0.0056,0.4824,627,6.326262908594792,4.9974754754754755,616,6.263171006009079,4.995383383383383,999,0.007728000000000001
10,1000,8,1,28,0.0059,0.4796,627,6.326262908594792,4.9974754754754755,614,6.263789409907366,4.994546546546546,999,0.00757
10,1000,8,1,29,0.006199999999999999,0.4864,627,6.326262908594792,4.9974754754754755,640,6.301089182112518,4.998026026026026,998,0.007586000000000001
10,1000,8,1,30,0.0063,0.482,627,6.326262908594792,4.9974754754754755,637,6.2977662431797565,4.996556556556556,1000,0.0076690000000000005
10,1000,8,1,31,0.0063,0.489,627,6.326262908594792,4.9974754754754755,646,6.307728261768906,4.999575575575576,999,0.007626
10,1000,8,1,32,0.0063999999999999994,0.4843,627,6.326262908594792,4.9974754754754755,629,6.27469016182537,4.9968108108108105,1000,0.007624000000000001
10,1000,8,1,33,0.006499999999999999,0.48179999999999995,627,6.326262908594792,4.9974754754754755,628,6.272440821246894,4.995671671671672,1000,0.007591
10,1000,8,1,34,0.006499999999999999,0.4864,627,6.326262908594792,4.9974754754754755,632,6.2716649015639145,4.998566566566566,1000,0.007506000000000001
10,1000,8,1,35,0.006499999999999999,0.4862,627,6.326262908594792,4.9974754754754755,617,6.253891772699505,4.998054054054054,999,0.0074410000000000006
10,1000,8,1,36,0.0066,0.4794,627,6.326262908594792,4.9974754754754755,629,6.268495688680611,4.9933573573573575,1000,0.007436000000000001
10,1000,8,1,37,0.007,0.487,627,6.326262908594792,4.9974754754754755,636,6.274582019334188,4.99748948948949,1000,0.00749
10,1000,8,1,38,0.007,0.4803,627,6.326262908594792,4.9974754754754755,618,6.24578432130332,4.994292292292292,999,0.007573000000000001
10,1000,8,1,39,0.007199999999999999,0.486,627,6.326262908594792,4.9974754754754755,616,6.235228992356861,5.000152152152152,999,0.007468
10,1000,8,1,40,0.007299999999999999,0.4824,627,6.326262908594792,4.9974754754754755,624,6.252244425772031,4.9954474474474475,998,0.007527000000000001
10,1000,8,1,41,0.0076,0.4765,627,6.326262908594792,4.9974754754754755,610,6.22372213300401,4.987293293293293,998,0.007485
10,1000,8,1,42,0.007699999999999999,0.4787,627,6.326262908594792,4.9974754754754755,613,6.220224516455313,4.990012012012012,1000,0.0075320000000000005
10,1000,8,1,43,0.0081,0.48660000000000003,627,6.326262908594792,4.9974754754754755,613,6.219324129580919,4.997389389389389,1000,0.0073950000000000005
10,1000,8,1,44,0.008399999999999998,0.48059999999999997,627,6.326262908594792,4.9974754754754755,624,6.238220101464236,4.990686686686686,1000,0.007472000000000001
10,1000,8,1,45,0.008399999999999998,0.4737,627,6.326262908594792,4.9974754754754755,615,6.215900088367113,4.986368368368368,1000,0.007543
10,1000,8,1,46,0.0087,0.481,627,6.326262908594792,4.9974754754754755,606,6.192537327093386,4.987191191191191,1000,0.007412000000000001
10,1000,8,1,47,0.009300000000000001,0.4794,627,6.326262908594792,4.9974754754754755,607,6.1918691087997715,4.99013013013013,1000,0.007470000000000001
10,1000,8,1,48,0.009800000000000001,0.48079999999999995,627,6.326262908594792,4.9974754754754755,610,6.199029037807634,4.993965965965966,998,0.007353000000000001
10,1000,8,1,49,0.009800000000000001,0.4815,627,6.326262908594792,4.9974754754754755,616,6.205710034835014,4.994044044044044,1000,0.007385
10,1000,8,1,50,0.010199999999999999,0.4745,627,6.326262908594792,4.9974754754754755,628,6.222511112173293,4.990272272272272,998,0.007558000000000001
10,1000,8,1,51,0.010199999999999999,0.4806,627,6.326262908594792,4.9974754754754755,615,6.202850319578399,4.99033033033033,999,0.0072440000000000004
10,1000,8,1,52,0.010199999999999999,0.4785,627,6.326262908594792,4.9974754754754755,621,6.2125364750409044,4.991045045045045,999,0.007495000000000001
10,1000,8,1,53,0.010199999999999999,0.4849,627,6.326262908594792,4.9974754754754755,623,6.219467946846504,4.994172172172172,1000,0.007326000000000001
10,1000,8,1,54,0.010199999999999999,0.4844,627,6.326262908594792,4.9974754754754755,614,6.198078785526232,4.992772772772772,999,0.007445
10,1000,8,1,55,0.0103,0.4757,627,6.326262908594792,4.9974754754754755,635,6.242232983633725,4.988342342342342,1000,0.007354000000000001
10,1000,8,1,56,0.010600000000000002,0.47929999999999995,627,6.326262908594792,4.9974754754754755,634,6.232285448568094,4.993987987987988,1000,0.007455000000000001
10,1000,8,1,57,0.010600000000000002,0.4769,627,6.326262908594792,4.9974754754754755,613,6.185841702622488,4.99002002002002,1000,0.007259000000000001
10,1000,8,1,58,0.010900000000000002,0.47470000000000007,627,6.326262908594792,4.9974754754754755,602,6.163960866004529,4.9863003003003,998,0.0073420000000000004
10,1000,8,1,59,0.011100000000000002,0.47670000000000007,627,6.326262908594792,4.9974754754754755,620,6.20423848120767,4.987885885885886,1000,0.007367000000000001
10,1000,8,1,60,0.011200000000000002,0.47729999999999995,627,6.326262908594792,4.9974754754754755,611,6.17535062881875,4.988750750750751,1000,0.007374
10,1000,8,1,61,0.011300000000000001,0.4728,627,6.326262908594792,4.9974754754754755,629,6.200149978107781,4.979987987987988,1000,0.007279000000000001
10,1000,8,1,62,0.011600000000000001,0.4775,627,6.326262908594792,4.9974754754754755,616,6.161013362560001,4.987617617617618,999,0.007162000000000001
10,1000,8,1,63,0.012200000000000003,0.4718,627,6.326262908594792,4.9974754754754755,603,6.151797223411625,4.981001001001001,998,0.007304000000000001
10,1000,8,1,64,0.012300000000000002,0.47479999999999994,627,6.326262908594792,4.9974754754754755,609,6.1667158603117755,4.987975975975976,1000,0.007417000000000001
10,1000,8,1,65,0.012300000000000002,0.477,627,6.326262908594792,4.9974754754754755,613,6.162804439680002,4.990234234234234,999,0.007295
10,1000,8,1,66,0.012600000000000002,0.4779,627,6.326262908594792,4.9974754754754755,617,6.16361506930966,4.989235235235236,1000,0.007285
10,1000,8,1,67,0.013200000000000003,0.4711,627,6.326262908594792,4.9974754754754755,600,6.13131205217911,4.97988988988989,1000,0.0072510000000000005
10,1000,8,1,68,0.013300000000000005,0.4734,627,6.326262908594792,4.9974754754754755,618,6.16020056626015,4.983207207207207,999,0.007327
10,1000,8,1,69,0.013300000000000005,0.47170000000000006,627,6.326262908594792,4.9974754754754755,613,6.1494465282887,4.980698698698698,999,0.007331000000000002
10,1000,8,1,70,0.013400000000000002,0.47409999999999997,627,6.326262908594792,4.9974754754754755,620,6.161776026536786,4.982516516516516,998,0.007287000000000001
10,1000,8,1,71,0.013400000000000002,0.4803,627,6.326262908594792,4.9974754754754755,612,6.152706555024038,4.987133133133133,1000,0.007228000000000002
10,1000,8,1,72,0.013400000000000002,0.4749999999999999,627,6.326262908594792,4.9974754754754755,601,6.126483771561202,4.9832312312312315,1000,0.0074080000000000005
10,1000,8,1,73,0.013700000000000002,0.4682,627,6.326262908594792,4.9974754754754755,607,6.130544239248968,4.97618018018018,999,0.007312000000000001
10,1000,8,1,74,0.014000000000000004,0.4776,627,6.326262908594792,4.9974754754754755,597,6.123681988912409,4.988376376376376,1000,0.0072580000000000006
10,1000,8,1,75,0.014000000000000004,0.4723,627,6.326262908594792,4.9974754754754755,612,6.145131786139437,4.980702702702703,1000,0.00723
10,1000,8,1,76,0.014000000000000004,0.4737,627,6.326262908594792,4.9974754754754755,611,6.131253870067205,4.982996996996997,1000,0.007045000000000001
10,1000,8,1,77,0.015200000000000003,0.4656,627,6.326262908594792,4.9974754754754755,614,6.1191383552312235,4.971339339339339,998,0.007169000000000001
10,1000,8,1,78,0.015800000000000005,0.4677,627,6.326262908594792,4.9974754754754755,612,6.124142379466607,4.970036036036036,1000,0.007280000000000001
10,1000,8,1,79,0.015800000000000005,0.46620000000000006,627,6.326262908594792,4.9974754754754755,604,6.109928538810411,4.9696736736736735,1000,0.0072190000000000015
10,1000,8,1,80,0.015800000000000005,0.4707,627,6.326262908594792,4.9974754754754755,609,6.12077732113156,4.97846046046046,1000,0.007194000000000001
10,1000,8,1,81,0.015800000000000005,0.4736,627,6.326262908594792,4.9974754754754755,608,6.104329161471371,4.978850850850851,1000,0.007219000000000001
10,1000,8,1,82,0.016000000000000004,0.475,627,6.326262908594792,4.9974754754754755,597,6.091765385686918,4.976928928928929,999,0.007192000000000001
10,1000,8,1,83,0.016000000000000004,0.4718,627,6.326262908594792,4.9974754754754755,607,6.104530516606879,4.974778778778779,1000,0.007221000000000001
10,1000,8,1,84,0.016000000000000004,0.4684,627,6.326262908594792,4.9974754754754755,600,6.082326442015297,4.97658058058058,998,0.007181000000000001
10,1000,8,1,85,0.016400000000000005,0.4676,627,6.326262908594792,4.9974754754754755,610,6.100715168850204,4.969433433433434,1000,0.007085000000000001
10,1000,8,1,86,0.016400000000000005,0.4625,627,6.326262908594792,4.9974754754754755,604,6.074842558259139,4.966764764764765,1000,0.007162000000000001
10,1000,8,1,87,0.016800000000000006,0.4679,627,6.326262908594792,4.9974754754754755,606,6.078571157295174,4.970428428428429,1000,0.0071660000000000005
10,1000,8,1,88,0.016900000000000005,0.4616,627,6.326262908594792,4.9974754754754755,609,6.090853738170466,4.962386386386386,997,0.007047
10,1000,8,1,89,0.017200000000000003,0.4662,627,6.326262908594792,4.9974754754754755,595,6.0491974151217835,4.961645645645645,1000,0.006959000000000001
10,1000,8,1,90,0.017800000000000003,0.47020000000000006,627,6.326262908594792,4.9974754754754755,598,6.054884963154606,4.974142142142142,1000,0.007016
10,1000,8,1,91,0.018300000000000004,0.46520000000000006,627,6.326262908594792,4.9974754754754755,593,6.039680732314378,4.959815815815816,1000,0.007091
10,1000,8,1,92,0.018300000000000004,0.4648,627,6.326262908594792,4.9974754754754755,580,6.012146133937655,4.967171171171171,998,0.007112
10,1000,8,1,93,0.0187,0.4616,627,6.326262908594792,4.9974754754754755,592,6.025693493812216,4.96176976976977,996,0.0071150000000000015
10,1000,8,1,94,0.0187,0.4661,627,6.326262908594792,4.9974754754754755,602,6.053468107963237,4.966892892892893,998,0.0070290000000000005
10,1000,8,1,95,0.019300000000000005,0.467,627,6.326262908594792,4.9974754754754755,599,6.041827402863756,4.973089089089089,994,0.007016
10,1000,8,1,96,0.019300000000000005,0.46759999999999996,627,6.326262908594792,4.9974754754754755,589,6.025355337389218,4.970842842842843,998,0.007145000000000001
10,1000,8,1,97,0.019400000000000004,0.4615,627,6.326262908594792,4.9974754754754755,595,6.027442014929227,4.959693693693693,998,0.00698
10,1000,8,1,98,0.019700000000000002,0.4659,627,6.326262908594792,4.9974754754754755,594,6.022001869084456,4.9672492492492495,1000,0.007039000000000001
10,1000,8,1,99,0.019700000000000002,0.4682,627,6.326262908594792,4.9974754754754755,592,6.015267276765989,4.968484484484485,1000,0.0070090000000000005
10,1000,8,2,0,0.0,0.49920000000000003,639,6.340946779021061,4.995323323323324,618,6.304903125631943,4.999215215215215,999,0.007896
10,1000,8,2,1,0.0,0.5067999999999999,639,6.340946779021061,4.995323323323324,630,6.3386524313104955,5.000444444444445,1000,0.00787
10,1000,8,2,2,0.0,0.5027,639,6.340946779021061,4.995323323323324,637,6.343136095131918,4.999285285285286,1000,0.007715
10,1000,8,2,3,0.0,0.49970000000000003,639,6.340946779021061,4.995323323323324,629,6.323953543548699,5.0008708708708705,1000,0.007718000000000001
10,1000,8,2,4,0.0,0.501,639,6.340946779021061,4.995323323323324,628,6.325986022718624,5.0023823823823825,1000,0.007853000000000002
10,1000,8,2,5,0.0,0.49929999999999997,639,6.340946779021061,4.995323323323324,642,6.359203372189501,4.999253253253253,1000,0.007802000000000001
10,1000,8,2,6,0.0,0.5077,639,6.340946779021061,4.995323323323324,638,6.3462484819277485,5.001755755755756,1000,0.007855000000000001
10,1000,8,2,7,0.0,0.5054,639,6.340946779021061,4.995323323323324,641,6.356770581540853,4.999943943943944,1000,0.0077220000000000006
10,1000,8,2,8,0.0,0.49689999999999995,639,6.340946779021061,4.995323323323324,627,6.3315825165668125,4.999257257257257,1000,0.007811
10,1000,8,2,9,0.0,0.49839999999999995,639,6.340946779021061,4.995323323323324,645,6.349658547394885,5.000496496496496,1000,0.007791
10,1000,8,2,10,0.0,0.49660000000000004,639,6.340946779021061,4.995323323323324,640,6.342447301983312,5.001777777777778,1000,0.007723000000000001
10,1000,8,2,11,0.0,0.5033,639,6.340946779021061,4.995323323323324,643,6.341078912687525,4.998604604604605,1000,0.007878
10,1000,8,2,12,0.0,0.5037999999999999,639,6.340946779021061,4.995323323323324,650,6.367975165030944,5.003379379379379,1000,0.007816
10,1000,8,2,13,0.0,0.5034,639,6.340946779021061,4.995323323323324,619,6.317082096210717,4.998782782782783,1000,0.007894
10,1000,8,2,14,0.0,0.5024,639,6.340946779021061,4.995323323323324,629,6.330927134756583,5.001505505505506,1000,0.007806000000000001
10,1000,8,2,15,0.0,0.49889999999999995,639,6.340946779021061,4.995323323323324,639,6.3502931364099755,5.0018518518518515,1000,0.007831000000000001
10,1000,8,2,16,0.0,0.5005999999999999,639,6.340946779021061,4.995323323323324,648,6.372317498184477,5.000784784784785,999,0.007850000000000001
10,1000,8,2,17,0.0,0.5021,639,6.340946779021061,4.995323323323324,629,6.3326982343233835,5.000094094094094,999,0.007823
10,1000,8,2,18,0.0,0.505,639,6.340946779021061,4.995323323323324,631,6.330394689611395,5.0006486486486486,999,0.007783
10,1000,8,2,19,0.0,0.5015,639,6.340946779021061,4.995323323323324,626,6.318444176234885,5.000402402402402,1000,0.00775
10,1000,8,2,20,0.0,0.4967,639,6.340946779021061,4.995323323323324,646,6.356944834609603,4.9990930930930935,999,0.007666
10,1000,8,2,21,0.0,0.4945,639,6.340946779021061,4.995323323323324,632,6.33039567537122,5.001155155155155,1000,0.007815
10,1000,8,2,22,0.0,0.499,639,6.340946779021061,4.995323323323324,630,6.334905455499573,5.00229029029029,1000,0.007777
10,1000,8,2,23,0.0,0.498,639,6.340946779021061,4.995323323323324,636,6.34151214656711,4.999227227227228,1000,0.00787
10,1000,8,2,24,0.0,0.49889999999999995,639,6.340946779021061,4.995323323323324,648,6.359404727325009,5.002176176176176,1000,0.007853000000000002
10,1000,8,2,25,0.0,0.5001,639,6.340946779021061,4.995323323323324,624,6.320744833217069,4.999965965965966,997,0.0077540000000000005
10,1000,8,2,26,0.0,0.49860000000000004,639,6.340946779021061,4.995323323323324,638,6.348567043975265,4.99774974974975,1000,0.007839
10,1000,8,2,27,0.0,0.5035,639,6.340946779021061,4.995323323323324,647,6.363798376882251,4.999385385385385,999,0.00782
10,1000,8,2,28,0.0,0.497,639,6.340946779021061,4.995323323323324,630,6.335425815913533,4.999515515515515,1000,0.007768000000000001
10,1000,8,2,29,0.0,0.5006,639,6.340946779021061,4.995323323323324,621,6.316131923458986,4.998790790790791,1000,0.007913
10,1000,8,2,30,0.0,0.5029,639,6.340946779021061,4.995323323323324,657,6.370338734210551,5.002396396396397,996,0.007755
10,1000,8,2,31,0.0,0.5002,639,6.340946779021061,4.995323323323324,628,6.323517421939309,5.002878878878879,1000,0.007835
10,1000,8,2,32,0.0,0.5041,639,6.340946779021061,4.995323323323324,649,6.373180544401833,4.999217217217217,1000,0.007799
10,1000,8,2,33,0.0,0.49629999999999996,639,6.340946779021061,4.995323323323324,647,6.357311734749951,5.001751751751752,1000,0.007761000000000001
10,1000,8,2,34,0.0,0.5054,639,6.340946779021061,4.995323323323324,632,6.333422837602655,5.000172172172173,1000,0.007778
10,1000,8,2,35,0.0,0.5054,639,6.340946779021061,4.995323323323324,644,6.3509456304904015,4.998134134134134,1000,0.007854000000000002
10,1000,8,2,36,0.0,0.49979999999999997,639,6.340946779021061,4.995323323323324,629,6.334222971622587,5.003075075075075,1000,0.007736000000000001
10,1000,8,2,37,0.0,0.49510000000000004,639,6.340946779021061,4.995323323323324,632,6.331311939962264,5.000262262262262,1000,0.007743000000000001
10,1000,8,2,38,0.0,0.5081,639,6.340946779021061,4.995323323323324,634,6.330437794773505,5.001755755755756,1000,0.00782
10,1000,8,2,39,0.0,0.4998,639,6.340946779021061,4.995323323323324,626,6.327718424424955,5.003155155155155,1000,0.007808000000000002
10,1000,8,2,40,0.0,0.5026999999999999,639,6.340946779021061,4.995323323323324,633,6.336378876395068,5.001447447447448,1000,0.007730000000000001
10,1000,8,2,41,0.0,0.49629999999999996,639,6.340946779021061,4.995323323323324,628,6.326010237055577,5.000014014014014,1000,0.007788000000000001
10,1000,8,2,42,0.0,0.5073000000000001,639,6.340946779021061,4.995323323323324,640,6.344807983433116,4.999353353353353,1000,0.007755000000000001
10,1000,8,2,43,0.0,0.5021,639,6.340946779021061,4.995323323323324,626,6.326211592191083,4.999857857857858,999,0.007839
10,1000,8,2,44,0.0,0.5035999999999999,639,6.340946779021061,4.995323323323324,639,6.355384287179733,5.0017137137137135,1000,0.007868
10,1000,8,2,45,0.0,0.49679999999999996,639,6.340946779021061,4.995323323323324,648,6.353752127373326,4.997897897897898,1000,0.007861
10,1000,8,2,46,0.0,0.5004,639,6.340946779021061,4.995323323323324,648,6.362700564191014,4.996648648648649,1000,0.0078119999999999995
10,1000,8,2,47,0.0,0.5046,639,6.340946779021061,4.995323323323324,649,6.361452712767977,4.999039039039039,1000,0.007842
10,1000,8,2,48,0.0,0.4982,639,6.340946779021061,4.995323323323324,640,6.3429705501270774,4.9986786786786785,1000,0.007730000000000001
10,1000,8,2,49,0.0,0.5025,639,6.340946779021061,4.995323323323324,630,6.333419949872851,4.999325325325326,1000,0.007814000000000002
10,1000,8,2,50,0.0,0.4996,639,6.340946779021061,4.995323323323324,653,6.37056430368301,5.0033273273273275,1000,0.007750000000000001
10,1000,8,2,51,0.0,0.5007999999999999,639,6.340946779021061,4.995323323323324,628,6.323039180927634,4.9963003003003,1000,0.0077740000000000005
10,1000,8,2,52,0.0,0.5028,639,6.340946779021061,4.995323323323324,639,6.3500404648707605,4.99628028028028,1000,0.007928000000000001
10,1000,8,2,53,0.0,0.49839999999999995,639,6.340946779021061,4.995323323323324,641,6.346988102542548,5.00194994994995,1000,0.007794000000000001
10,1000,8,2,54,0.0,0.505,639,6.340946779021061,4.995323323323324,631,6.341566350700624,5.000052052052052,1000,0.007851
10,1000,8,2,55,0.0,0.5041,639,6.340946779021061,4.995323323323324,638,6.34476586403083,4.999637637637638,1000,0.007838000000000001
10,1000,8,2,56,0.0,0.4929,639,6.340946779021061,4.995323323323324,640,6.3479474722957026,5.000402402402402,1000,0.0078000000000000005
10,1000,8,2,57,0.0,0.506,639,6.340946779021061,4.995323323323324,646,6.358289009568438,5.001329329329329,1000,0.007878
10,1000,8,2,58,0.0,0.5014,639,6.340946779021061,4.995323323323324,642,6.356247333397088,5.000760760760761,996,0.007818
10,1000,8,2,59,0.0,0.5005,639,6.340946779021061,4.995323323323324,638,6.342856321525945,5.001083083083083,1000,0.007824
10,1000,8,2,60,0.0,0.4962,639,6.340946779021061,4.995323323323324,623,6.317554027950773,5.001425425425426,997,0.007765
10,1000,8,2,61,0.0,0.5015,639,6.340946779021061,4.995323323323324,638,6.346858856605888,5.000918918918919,1000,0.007783000000000001
10,1000,8,2,62,0.0,0.5033,639,6.340946779021061,4.995323323323324,657,6.376310836262997,5.002,999,0.007886
10,1000,8,2,63,0.0,0.5042,639,6.340946779021061,4.995323323323324,630,6.344155489352691,5.001153153153153,1000,0.007800000000000001
10,1000,8,2,64,0.0,0.5036,639,6.340946779021061,4.995323323323324,654,6.3725701697236925,5.001029029029029,1000,0.007922
10,1000,8,2,65,0.0,0.5048,639,6.340946779021061,4.995323323323324,618,6.305159715535284,5.0007287287287285,1000,0.007818000000000002
10,1000,8,2,66,0.0,0.4987,639,6.340946779021061,4.995323323323324,644,6.352109243108867,5.001439439439439,998,0.007843
10,1000,8,2,67,0.0,0.5005,639,6.340946779021061,4.995323323323324,634,6.33683921234141,4.996398398398399,1000,0.007892000000000001
10,1000,8,2,68,0.0,0.49860000000000004,639,6.340946779021061,4.995323323323324,643,6.3558112117876995,5.001685685685685,999,0.007709000000000001
10,1000,8,2,69,0.0,0.49839999999999995,639,6.340946779021061,4.995323323323324,632,6.338625329243739,4.998806806806807,999,0.0077030000000000015
10,1000,8,2,70,0.0,0.5019,639,6.340946779021061,4.995323323323324,644,6.355654863784283,5.0005905905905905,997,0.0077870000000000005
10,1000,8,2,71,0.0,0.5027,639,6.340946779021061,4.995323323323324,641,6.346955180141687,5.0019319319319315,1000,0.00781
10,1000,8,2,72,0.0,0.5011,639,6.340946779021061,4.995323323323324,636,6.340919676954305,4.999721721721722,1000,0.007801
10,1000,8,2,73,0.0,0.5059,639,6.340946779021061,4.995323323323324,637,6.34688307094284,4.998112112112112,995,0.007835000000000002
10,1000,8,2,74,0.0,0.5061,639,6.340946779021061,4.995323323323324,656,6.373947267083389,5.002828828828829,999,0.007857
10,1000,8,2,75,0.0,0.5007999999999999,639,6.340946779021061,4.995323323323324,638,6.348329389771578,4.997725725725726,999,0.007831000000000001
10,1000,8,2,76,0.0,0.5039,639,6.340946779021061,4.995323323323324,635,6.346377727864409,5.001683683683684,999,0.007851
10,1000,8,2,77,0.0,0.5039,639,6.340946779021061,4.995323323323324,639,6.353616075342737,4.998876876876877,1000,0.007804
10,1000,8,2,78,0.0,0.5039,639,6.340946779021061,4.995323323323324,657,6.378202473702547,5.001927927927928,1000,0.007742
10,1000,8,2,79,0.0,0.5055,639,6.340946779021061,4.995323323323324,632,6.3324034433818825,5.001007007007007,998,0.00774
10,1000,8,2,80,0.0,0.5006,639,6.340946779021061,4.995323323323324,642,6.352813053593,5.001721721721721,1000,0.007833
10,1000,8,2,81,0.0,0.5065,639,6.340946779021061,4.995323323323324,616,6.305354264576861,4.999677677677678,1000,0.00776
10,1000,8,2,82,0.0,0.5,639,6.340946779021061,4.995323323323324,625,6.329534531123844,5.000832832832833,1000,0.007916000000000001
10,1000,8,2,83,0.0,0.5072000000000001,639,6.340946779021061,4.995323323323324,640,6.342672871455772,5.0023023023023026,1000,0.007685000000000001
10,1000,8,2,84,0.0,0.49979999999999997,639,6.340946779021061,4.995323323323324,631,6.33774437796105,5.0,1000,0.0077870000000000005
10,1000,8,2,85,0.0,0.5085,639,6.340946779021061,4.995323323323324,630,6.336752085807035,4.999665665665666,1000,0.007928000000000001
10,1000,8,2,86,0.0,0.503,639,6.340946779021061,4.995323323323324,640,6.344627421092746,5.0022262262262265,1000,0.007799000000000001
10,1000,8,2,87,0.0,0.5089,639,6.340946779021061,4.995323323323324,652,6.371836369442998,4.9977157157157155,1000,0.007727
10,1000,8,2,88,0.0,0.5067999999999999,639,6.340946779021061,4.995323323323324,636,6.335795603783685,4.994690690690691,1000,0.007851
10,1000,8,2,89,0.0,0.502,639,6.340946779021061,4.995323323323324,626,6.327492854952494,5.001249249249249,998,0.007791
10,1000,8,2,90,0.0,0.49989999999999996,639,6.340946779021061,4.995323323323324,638,6.346221379860991,5.000346346346347,1000,0.007814000000000002
10,1000,8,2,91,0.0,0.5021,639,6.340946779021061,4.995323323323324,640,6.344564508895322,5.001691691691692,1000,0.007786
10,1000,8,2,92,0.0,0.5003,639,6.340946779021061,4.995323323323324,644,6.361975960911742,4.999757757757758,1000,0.007775000000000001
10,1000,8,2,93,0.0,0.5037999999999999,639,6.340946779021061,4.995323323323324,633,6.337876511627515,5.001041041041041,999,0.007837
10,1000,8,2,94,0.0,0.5039,639,6.340946779021061,4.995323323323324,626,6.325294830777728,5.001015015015015,1000,0.007937
10,1000,8,2,95,0.0,0.5037,639,6.340946779021061,4.995323323323324,626,6.327423633483453,5.001619619619619,1000,0.007722000000000001
10,1000,8,2,96,0.0,0.49960000000000004,639,6.340946779021061,4.995323323323324,637,6.344137584287357,5.002006006006006,999,0.007865
10,1000,8,2,97,0.0,0.5024,639,6.340946779021061,4.995323323323324,643,6.349472209594905,5.003047047047047,1000,0.007762000000000001
10,1000,8,2,98,0.0,0.5034,639,6.340946779021061,4.995323323323324,640,6.34515697850813,5.001801801801802,999,0.007812000000000001
10,1000,8,2,99,0.0,0.49829999999999997,639,6.340946779021061,4.995323323323324,635,6.337885708628939,5.000538538538539,1000,0.007925000000000001
10,1000,8,3,0,0.0,0.4933,632,6.332129979047529,5.002808808808809,620,6.303420507735025,4.998756756756757,1000,0.007771000000000001
10,1000,8,3,1,0.0007,0.49479999999999996,632,6.332129979047529,5.002808808808809,636,6.342925542994987,5.000676676676677,1000,0.007772
10,1000,8,3,2,0.0007,0.5021,632,6.332129979047529,5.002808808808809,632,6.3294474045894695,4.997379379379379,1000,0.007833
10,1000,8,3,3,0.0014,0.4975,632,6.332129979047529,5.002808808808809,635,6.335530847513242,5.000742742742743,1000,0.007850000000000001
10,1000,8,3,4,0.0014,0.5025,632,6.332129979047529,5.002808808808809,629,6.334379319626004,5.001623623623623,1000,0.007783000000000001
10,1000,8,3,5,0.0014,0.5015,632,6.332129979047529,5.002808808808809,627,6.322558052186155,5.002988988988989,1000,0.007845000000000001
10,1000,8,3,6,0.0020999999999999994,0.49260000000000004,632,6.332129979047529,5.002808808808809,633,6.332584005722252,4.999007007007007,1000,0.007822
10,1000,8,3,7,0.0020999999999999994,0.4953,632,6.332129979047529,5.002808808808809,620,6.304788897030812,5.000138138138138,1000,0.007836000000000001
10,1000,8,3,8,0.0020999999999999994,0.49260000000000004,632,6.332129979047529,5.002808808808809,628,6.325312735843061,5.003247247247248,1000,0.007772
10,1000,8,3,9,0.0028,0.49739999999999995,632,6.332129979047529,5.002808808808809,647,6.358190784062659,4.997245245245245,1000,0.007803000000000001
10,1000,8,3,10,0.0028,0.501,632,6.332129979047529,5.002808808808809,634,6.335540044514665,5.000968968968969,1000,0.007816
10,1000,8,3,11,0.0028,0.5016,632,6.332129979047529,5.002808808808809,644,6.3516886277725195,5.000780780780781,997,0.007932
10,1000,8,3,12,0.0028,0.5035,632,6.332129979047529,5.002808808808809,632,6.339288006085411,5.0011431431431435,1000,0.007742000000000001
10,1000,8,3,13,0.0035,0.49520000000000003,632,6.332129979047529,5.002808808808809,629,6.329585847527554,4.9997077077077074,1000,0.007756
10,1000,8,3,14,0.004199999999999999,0.49770000000000003,632,6.332129979047529,5.002808808808809,632,6.328653579841156,5.001471471471471,998,0.007892
10,1000,8,3,15,0.0056,0.5078,632,6.332129979047529,5.002808808808809,628,6.318339144635177,4.998058058058058,1000,0.007725000000000002
10,1000,8,3,16,0.0056,0.49760000000000004,632,6.332129979047529,5.002808808808809,626,6.315043307769173,5.000444444444445,1000,0.007752000000000001
10,1000,8,3,17,0.0056,0.5015,632,6.332129979047529,5.002808808808809,643,6.348106708028924,4.999101101101101,999,0.007813
10,1000,8,3,18,0.0056,0.49670000000000003,632,6.332129979047529,5.002808808808809,648,6.353083630197549,4.998392392392392,1000,0.007802000000000001
10,1000,8,3,19,0.0056,0.5008,632,6.332129979047529,5.002808808808809,626,6.321992684640104,5.001609609609609,1000,0.0077480000000000005
10,1000,8,3,20,0.0056,0.5006,632,6.332129979047529,5.002808808808809,625,6.3155665559129375,4.996388388388389,1000,0.007873999999999999
10,1000,8,3,21,0.0056,0.5005,632,6.332129979047529,5.002808808808809,632,6.329080504449121,5.00041041041041,1000,0.007889
10,1000,8,3,22,0.0056,0.4948000000000001,632,6.332129979047529,5.002808808808809,634,6.332863779328225,4.999815815815816,999,0.007813
10,1000,8,3,23,0.0056,0.49839999999999995,632,6.332129979047529,5.002808808808809,627,6.315331789439054,4.998834834834835,1000,0.007819
10,1000,8,3,24,0.0056,0.496,632,6.332129979047529,5.002808808808809,631,6.320537168809944,5.000628628628629,1000,0.007799
10,1000,8,3,25,0.0056,0.49720000000000003,632,6.332129979047529,5.002808808808809,631,6.3320878596452435,5.00178978978979,1000,0.00774
10,1000,8,3,26,0.006999999999999999,0.49539999999999995,632,6.332129979047529,5.002808808808809,634,6.327396531416697,5.000440440440441,1000,0.007763000000000001
10,1000,8,3,27,0.006999999999999999,0.5006,632,6.332129979047529,5.002808808808809,640,6.342416356115427,5.000152152152152,999,0.007793000000000001
10,1000,8,3,28,0.007699999999999999,0.5031,632,6.332129979047529,5.002808808808809,629,6.314822602559495,5.002352352352353,997,0.007806000000000001
10,1000,8,3,29,0.007699999999999999,0.49770000000000003,632,6.332129979047529,5.002808808808809,622,6.29700822856211,5.00193993993994,999,0.007848
10,1000,8,3,30,0.0091,0.49989999999999996,632,6.332129979047529,5.002808808808809,652,6.359358552411642,4.998828828828829,1000,0.007785
10,1000,8,3,31,0.0091,0.5001,632,6.332129979047529,5.002808808808809,626,6.3042884580763285,5.001527527527528,1000,0.0077800000000000005
10,1000,8,3,32,0.0098,0.4983,632,6.332129979047529,5.002808808808809,633,6.323309757532183,5.002248248248248,1000,0.007769
10,1000,8,3,33,0.0105,0.5012,632,6.332129979047529,5.002808808808809,633,6.31752981361382,5.001049049049049,1000,0.007844000000000002
10,1000,8,3,34,0.0105,0.49779999999999996,632,6.332129979047529,5.002808808808809,645,6.341782723171659,5.002074074074074,1000,0.007721000000000001
10,1000,8,3,35,0.0105,0.499,632,6.332129979047529,5.002808808808809,642,6.329760100596303,5.0032112112112115,1000,0.0076820000000000005
10,1000,8,3,36,0.0105,0.5015,632,6.332129979047529,5.002808808808809,638,6.3258809911189156,5.0031531531531535,1000,0.007731
10,1000,8,3,37,0.0105,0.49279999999999996,632,6.332129979047529,5.002808808808809,637,6.325916801249582,5.000064064064064,1000,0.007887
10,1000,8,3,38,0.0105,0.5029,632,6.332129979047529,5.002808808808809,628,6.299757770728673,5.002308308308308,1000,0.00782
10,1000,8,3,39,0.0105,0.4982,632,6.332129979047529,5.002808808808809,640,6.3328545823268,5.002414414414415,1000,0.007743000000000001
10,1000,8,3,40,0.0105,0.49679999999999996,632,6.332129979047529,5.002808808808809,630,6.314059723679066,4.999531531531532,1000,0.007813
10,1000,8,3,41,0.0105,0.502,632,6.332129979047529,5.002808808808809,633,6.315137240397476,5.0002562562562565,1000,0.007796000000000001
10,1000,8,3,42,0.0105,0.497,632,6.332129979047529,5.002808808808809,625,6.311058677754563,5.002522522522523,999,0.007608
10,1000,8,3,43,0.0105,0.4951,632,6.332129979047529,5.002808808808809,626,6.301598091764516,5.001463463463463,1000,0.007670000000000001
10,1000,8,3,44,0.0105,0.501,632,6.332129979047529,5.002808808808809,634,6.318191504695669,5.003379379379379,1000,0.007724000000000001
10,1000,8,3,45,0.0105,0.49589999999999995,632,6.332129979047529,5.002808808808809,638,6.3179480301578765,4.997927927927928,1000,0.007767000000000001
10,1000,8,3,46,0.0112,0.5049,632,6.332129979047529,5.002808808808809,629,6.3076486122874265,5.002136136136136,1000,0.007752000000000001
10,1000,8,3,47,0.0112,0.49560000000000004,632,6.332129979047529,5.002808808808809,640,6.320405035143478,4.999359359359359,1000,0.00776
10,1000,8,3,48,0.0112,0.5018,632,6.332129979047529,5.002808808808809,626,6.306148089325175,5.001053053053053,1000,0.007852
10,1000,8,3,49,0.0112,0.5014,632,6.332129979047529,5.002808808808809,640,6.329217045417225,4.995123123123123,999,0.007782
10,1000,8,3,50,0.0112,0.5002,632,6.332129979047529,5.002808808808809,621,6.297986671161873,5.00203003003003,1000,0.007782
10,1000,8,3,51,0.012599999999999998,0.505,632,6.332129979047529,5.002808808808809,617,6.285393552894199,4.99790990990991,1000,0.0075910000000000005
10,1000,8,3,52,0.0133,0.499,632,6.332129979047529,5.002808808808809,625,6.290219369629838,4.9987187187187185,1000,0.007698
10,1000,8,3,53,0.014699999999999998,0.5014,632,6.332129979047529,5.002808808808809,635,6.3098559478877805,4.996848848848849,998,0.00776
10,1000,8,3,54,0.014699999999999998,0.5019,632,6.332129979047529,5.002808808808809,623,6.289269196878108,5.0024044044044045,1000,0.007784000000000001
10,1000,8,3,55,0.014699999999999998,0.5023,632,6.332129979047529,5.002808808808809,643,6.323291966891013,5.001723723723724,997,0.007651000000000001
10,1000,8,3,56,0.014699999999999998,0.5016,632,6.332129979047529,5.002808808808809,638,6.305649985126788,4.998802802802802,1000,0.007711
10,1000,8,3,57,0.016099999999999996,0.5042000000000001,632,6.332129979047529,5.002808808808809,619,6.272177565324403,4.994942942942943,1000,0.007673000000000001
10,1000,8,3,58,0.016099999999999996,0.4979,632,6.332129979047529,5.002808808808809,619,6.267305674755487,4.996298298298298,997,0.007659000000000001
10,1000,8,3,59,0.016099999999999996,0.4995,632,6.332129979047529,5.002808808808809,621,6.277930903998319,4.999341341341341,1000,0.007687000000000001
10,1000,8,3,60,0.016099999999999996,0.4955,632,6.332129979047529,5.002808808808809,634,6.301292634637726,4.9994094094094095,1000,0.007688
10,1000,8,3,61,0.016099999999999996,0.5025,632,6.332129979047529,5.002808808808809,641,6.31242510892897,4.998244244244244,1000,0.007476000000000001
10,1000,8,3,62,0.016099999999999996,0.5065,632,6.332129979047529,5.002808808808809,629,6.281906775561051,4.998548548548548,1000,0.007645000000000002
10,1000,8,3,63,0.017499999999999995,0.5057,632,6.332129979047529,5.002808808808809,628,6.284932569634516,4.99787987987988,1000,0.007717000000000001
10,1000,8,3,64,0.0189,0.5017999999999999,632,6.332129979047529,5.002808808808809,624,6.273123386925896,4.996032032032032,999,0.007724
10,1000,8,3,65,0.021,0.4995,632,6.332129979047529,5.002808808808809,613,6.246862212535081,5.0035855855855855,1000,0.007703000000000001
10,1000,8,3,66,0.0224,0.5063,632,6.332129979047529,5.002808808808809,619,6.247229112675429,4.9987007007007005,1000,0.007588000000000001
10,1000,8,3,67,0.0224,0.49870000000000003,632,6.332129979047529,5.002808808808809,636,6.290820921819905,4.999005005005005,1000,0.0077080000000000004
10,1000,8,3,68,0.0224,0.49979999999999997,632,6.332129979047529,5.002808808808809,634,6.279165199384896,4.996004004004004,1000,0.00772
10,1000,8,3,69,0.0224,0.5092000000000001,632,6.332129979047529,5.002808808808809,617,6.233230658730447,4.992964964964965,1000,0.007675
10,1000,8,3,70,0.0252,0.503,632,6.332129979047529,5.002808808808809,615,6.228897522578338,4.998746746746747,1000,0.007654
10,1000,8,3,71,0.0252,0.505,632,6.332129979047529,5.002808808808809,621,6.244128855485323,5.001297297297297,999,0.007530000000000001
10,1000,8,3,72,0.0252,0.49839999999999995,632,6.332129979047529,5.002808808808809,621,6.240234239734892,5.000308308308308,1000,0.007595000000000001
10,1000,8,3,73,0.0252,0.5051,632,6.332129979047529,5.002808808808809,628,6.246056043159017,4.998168168168168,996,0.007544
10,1000,8,3,74,0.0259,0.51,632,6.332129979047529,5.002808808808809,628,6.260768615049743,4.995031031031031,996,0.007659000000000001
10,1000,8,3,75,0.026600000000000002,0.505,632,6.332129979047529,5.002808808808809,623,6.241474722595196,4.996132132132132,1000,0.007603
10,1000,8,3,76,0.026600000000000002,0.5013,632,6.332129979047529,5.002808808808809,625,6.232743138915335,5.000006006006006,1000,0.007611
10,1000,8,3,77,0.0273,0.5074,632,6.332129979047529,5.002808808808809,634,6.25367314646793,4.998358358358359,1000,0.007612
10,1000,8,3,78,0.028,0.5063,632,6.332129979047529,5.002808808808809,618,6.221370159618117,4.996706706706707,1000,0.007614000000000001
10,1000,8,3,79,0.028,0.5019,632,6.332129979047529,5.002808808808809,627,6.248190881220873,4.998024024024024,998,0.007482
10,1000,8,3,80,0.028,0.5113,632,6.332129979047529,5.002808808808809,611,6.21539681728781,4.995081081081081,1000,0.007537000000000001
10,1000,8,3,81,0.0287,0.5085,632,6.332129979047529,5.002808808808809,608,6.206977360336817,4.999821821821822,1000,0.007681000000000001
10,1000,8,3,82,0.030100000000000002,0.5069,632,6.332129979047529,5.002808808808809,617,6.214492104753798,4.9951491491491495,1000,0.007519000000000001
10,1000,8,3,83,0.030100000000000002,0.5073,632,6.332129979047529,5.002808808808809,622,6.22542063443445,4.989847847847848,1000,0.0076040000000000005
10,1000,8,3,84,0.0315,0.5049,632,6.332129979047529,5.002808808808809,603,6.185781563538042,4.999101101101101,997,0.007461000000000001
10,1000,8,3,85,0.0315,0.504,632,6.332129979047529,5.002808808808809,618,6.217063630831819,4.9967487487487485,1000,0.007575
10,1000,8,3,86,0.0322,0.5038,632,6.332129979047529,5.002808808808809,617,6.202965920746738,4.995863863863864,1000,0.007511000000000001
10,1000,8,3,87,0.0322,0.49989999999999996,632,6.332129979047529,5.002808808808809,628,6.2231499614853965,4.997111111111111,998,0.007472000000000001
10,1000,8,3,88,0.0322,0.5047999999999999,632,6.332129979047529,5.002808808808809,622,6.212633217332577,4.9945825825825825,998,0.007503000000000001
10,1000,8,3,89,0.032900000000000006,0.5025,632,6.332129979047529,5.002808808808809,614,6.189715366086457,4.9944844844844845,1000,0.007530000000000001
10,1000,8,3,90,0.033600000000000005,0.503,632,6.332129979047529,5.002808808808809,622,6.205681453793103,4.995715715715716,1000,0.00741
10,1000,8,3,91,0.0343,0.5061,632,6.332129979047529,5.002808808808809,624,6.2081413465085085,4.99812012012012,999,0.0075060000000000005
10,1000,8,3,92,0.0343,0.5081,632,6.332129979047529,5.002808808808809,620,6.203362891745585,4.993471471471471,1000,0.007390000000000001
10,1000,8,3,93,0.0343,0.506,632,6.332129979047529,5.002808808808809,611,6.189569169603429,4.9936336336336336,1000,0.007545
10,1000,8,3,94,0.0343,0.5057999999999999,632,6.332129979047529,5.002808808808809,614,6.187617507696258,4.993737737737738,1000,0.007527000000000001
10,1000,8,3,95,0.0343,0.5129,632,6.332129979047529,5.002808808808809,617,6.189743422672179,4.988706706706707,1000,0.007427000000000001
10,1000,8,3,96,0.0343,0.5065,632,6.332129979047529,5.002808808808809,617,6.203937456293059,4.992794794794794,1000,0.007410000000000001
10,1000,8,3,97,0.0343,0.5012,632,6.332129979047529,5.002808808808809,615,6.190762741594442,4.990614614614614,1000,0.007688
10,1000,8,3,98,0.035,0.5104000000000001,632,6.332129979047529,5.002808808808809,618,6.190784295427159,4.993141141141141,1000,0.007651000000000001
10,1000,8,3,99,0.0357,0.5017999999999999,632,6.332129979047529,5.002808808808809,618,6.192588806332335,4.9932012012012015,1000,0.007514
10,2000,2,1,0,0.0,0.5,144,4.937829057478238,4.042738369184592,642,6.34692807807493,5.002674674674675,2000,0.8590059999999999
10,2000,2,1,1,0.0,0.5031,144,4.937829057478238,4.042738369184592,626,6.32026370447559,4.997523523523523,2000,0.858039
10,2000,2,1,2,0.0,0.49849999999999994,144,4.937829057478238,4.042738369184592,641,6.360406216480448,5.001319319319319,2000,0.8580169999999999
10,2000,2,1,3,0.0,0.5031,144,4.937829057478238,4.042738369184592,644,6.346446949333451,5.000914914914915,2000,0.861523
10,2000,2,1,4,0.0,0.49939999999999996,144,4.937829057478238,4.042738369184592,653,6.369195914387223,5.002514514514514,2000,0.8563564999999999
10,2000,2,1,5,0.0,0.49939999999999996,144,4.937829057478238,4.042738369184592,638,6.3424715163202645,5.003311311311311,2000,0.8585944999999999
10,2000,2,1,6,0.0,0.5015999999999999,144,4.937829057478238,4.042738369184592,642,6.352515374921695,5.001693693693694,2000,0.8583445
10,2000,2,1,7,0.0,0.49939999999999996,144,4.937829057478238,4.042738369184592,633,6.32623869425784,5.004228228228229,2000,0.8558575
10,2000,2,1,8,0.0,0.5009,144,4.937829057478238,4.042738369184592,632,6.335218151506407,5.000998998998999,2000,0.858596
10,2000,2,1,9,0.0,0.5025,144,4.937829057478238,4.042738369184592,642,6.349787793331545,5.002732732732733,2000,0.8618705
10,2000,2,1,10,0.0,0.5069,144,4.937829057478238,4.042738369184592,646,6.361837517973658,5.000066066066066,2000,0.863681
10,2000,2,1,11,0.0,0.5013,144,4.937829057478238,4.042738369184592,639,6.349586438196038,4.999777777777778,2000,0.8585025
10,2000,2,1,12,0.0,0.5031,144,4.937829057478238,4.042738369184592,631,6.33073737541479,5.003253253253253,2000,0.863551
10,2000,2,1,13,0.0,0.5033,144,4.937829057478238,4.042738369184592,629,6.319584108328408,5.001135135135135,2000,0.860223
10,2000,2,1,14,0.0,0.49079999999999996,144,4.937829057478238,4.042738369184592,629,6.31648962659791,5.002358358358358,2000,0.8518229999999999
10,2000,2,1,15,0.0,0.4981,144,4.937829057478238,4.042738369184592,651,6.363154590865736,5.000602602602602,2000,0.8604094999999999
10,2000,2,1,16,0.0,0.4952,144,4.937829057478238,4.042738369184592,630,6.322714400189572,5.000432432432432,2000,0.857729
10,2000,2,1,17,0.0,0.49179999999999996,144,4.937829057478238,4.042738369184592,636,6.334712808427977,5.0013573573573575,2000,0.8533225
10,2000,2,1,18,0.0,0.5017,144,4.937829057478238,4.042738369184592,632,6.3332122854657245,5.002696696696697,2000,0.859709
10,2000,2,1,19,0.0,0.5025,144,4.937829057478238,4.042738369184592,642,6.344651635429698,5.000718718718718,2000,0.8607335
10,2000,2,1,20,0.0,0.4986,144,4.937829057478238,4.042738369184592,638,6.345123567169754,5.000416416416416,2000,0.8580229999999999
10,2000,2,1,21,0.0,0.4977,144,4.937829057478238,4.042738369184592,634,6.328993377914747,5.0028768768768765,2000,0.8563575000000001
10,2000,2,1,22,0.0,0.49979999999999997,144,4.937829057478238,4.042738369184592,653,6.373860140549015,5.003271271271271,2000,0.8594845
10,2000,2,1,23,0.0,0.498,144,4.937829057478238,4.042738369184592,622,6.318721062111052,5.000472472472472,2000,0.8558275
10,2000,2,1,24,0.0,0.49979999999999997,144,4.937829057478238,4.042738369184592,640,6.357197506148819,5.0005005005005,2000,0.8575389999999999
10,2000,2,1,25,0.0,0.497,144,4.937829057478238,4.042738369184592,634,6.343021866530785,5.003079079079079,2000,0.8557504999999999
10,2000,2,1,26,0.0,0.49689999999999995,144,4.937829057478238,4.042738369184592,650,6.359377625258253,5.0034294294294295,2000,0.8590725
10,2000,2,1,27,0.0,0.4976999999999999,144,4.937829057478238,4.042738369184592,637,6.343674360611211,5.001523523523524,2000,0.85581
10,2000,2,1,28,0.0,0.498,144,4.937829057478238,4.042738369184592,654,6.37510799197205,5.0015575575575575,2000,0.860665
10,2000,2,1,29,0.0,0.5032,144,4.937829057478238,4.042738369184592,617,6.305949621919472,5.00377977977978,2000,0.8614275
10,2000,2,1,30,0.0,0.49629999999999996,144,4.937829057478238,4.042738369184592,640,6.346768842341708,5.003173173173173,2000,0.8542829999999999
10,2000,2,1,31,0.0,0.4936,144,4.937829057478238,4.042738369184592,638,6.3402671828738795,5.001601601601601,2000,0.8566335
10,2000,2,1,32,0.0,0.4985,144,4.937829057478238,4.042738369184592,640,6.344468185359524,5.0026406406406405,2000,0.858521
10,2000,2,1,33,0.0,0.4996999999999999,144,4.937829057478238,4.042738369184592,621,6.323105514666871,5.003357357357357,2000,0.8589865
10,2000,2,1,34,0.0,0.4921,144,4.937829057478238,4.042738369184592,626,6.318835290712184,5.002056056056056,2000,0.8536405
10,2000,2,1,35,0.0,0.504,144,4.937829057478238,4.042738369184592,634,6.334947574901858,5.001877877877878,2000,0.8622225
10,2000,2,1,36,0.0,0.5062,144,4.937829057478238,4.042738369184592,648,6.356466593597929,4.998806806806807,2000,0.8596634999999999
10,2000,2,1,37,0.0,0.5003,144,4.937829057478238,4.042738369184592,628,6.322269570516273,4.9990930930930935,2000,0.8588175
10,2000,2,1,38,0.0,0.5057999999999999,144,4.937829057478238,4.042738369184592,642,6.356855806105248,5.001721721721721,2000,0.860248
10,2000,2,1,39,0.0,0.4992,144,4.937829057478238,4.042738369184592,641,6.345358333643636,5.000496496496496,2000,0.857846
10,2000,2,1,40,0.0,0.5032,144,4.937829057478238,4.042738369184592,642,6.347424224151938,5.002386386386386,2000,0.860204
10,2000,2,1,41,0.0,0.5031,144,4.937829057478238,4.042738369184592,646,6.3558533311899845,5.002700700700701,2000,0.8589049999999999
10,2000,2,1,42,0.0,0.49829999999999997,144,4.937829057478238,4.042738369184592,634,6.33129403489693,5.001847847847848,2000,0.8579835
10,2000,2,1,43,0.0,0.5025,144,4.937829057478238,4.042738369184592,632,6.339497572462518,5.000002002002002,2000,0.8595655
10,2000,2,1,44,0.0,0.4992,144,4.937829057478238,4.042738369184592,639,6.345854479720645,4.999015015015015,2000,0.8592915000000001
10,2000,2,1,45,0.0,0.5005,144,4.937829057478238,4.042738369184592,649,6.365882172455885,5.001351351351351,2000,0.8575125
10,2000,2,1,46,0.0,0.49829999999999997,144,4.937829057478238,4.042738369184592,628,6.31926221532015,5.003245245245245,2000,0.858879
10,2000,2,1,47,0.0,0.4945,144,4.937829057478238,4.042738369184592,659,6.379474539462536,4.999745745745746,2000,0.8556815
10,2000,2,1,48,0.0,0.5007999999999999,144,4.937829057478238,4.042738369184592,651,6.359786644800884,4.999391391391391,2000,0.8616685
10,2000,2,1,49,0.0,0.5044,144,4.937829057478238,4.042738369184592,643,6.354695494031128,5.000720720720721,2000,0.8607915
10,2000,2,1,50,0.0,0.5055999999999999,144,4.937829057478238,4.042738369184592,644,6.347607674222111,4.999535535535536,2000,0.8607379999999999
10,2000,2,1,51,0.0,0.5002,144,4.937829057478238,4.042738369184592,625,6.316396190791917,5.003547547547548,2000,0.8588999999999999
10,2000,2,1,52,0.0,0.5007999999999999,144,4.937829057478238,4.042738369184592,650,6.358289009568439,5.0017137137137135,2000,0.8610585
10,2000,2,1,53,0.0,0.5002,144,4.937829057478238,4.042738369184592,630,6.33723903488262,5.0026626626626625,2000,0.8579384999999999
10,2000,2,1,54,0.0,0.5023,144,4.937829057478238,4.042738369184592,635,6.329603752592886,5.001471471471471,2000,0.8583109999999999
10,2000,2,1,55,0.0,0.49589999999999995,144,4.937829057478238,4.042738369184592,646,6.3511290805605745,5.00183983983984,2000,0.8556690000000001
10,2000,2,1,56,0.0,0.4982,144,4.937829057478238,4.042738369184592,630,6.3310142612909575,5.0025825825825825,2000,0.8609265
10,2000,2,1,57,0.0,0.5004,144,4.937829057478238,4.042738369184592,644,6.346395632929742,5.00154954954955,2000,0.859549
10,2000,2,1,58,0.0,0.4995,144,4.937829057478238,4.042738369184592,648,6.365638697918094,5.001987987987988,2000,0.8562765
10,2000,2,1,59,0.0,0.49739999999999995,144,4.937829057478238,4.042738369184592,633,6.328148236762725,5.001057057057057,2000,0.8551949999999999
10,2000,2,1,60,0.0,0.5065,144,4.937829057478238,4.042738369184592,635,6.334015307215461,5.002172172172172,2000,0.862683
10,2000,2,1,61,0.0,0.5014,144,4.937829057478238,4.042738369184592,640,6.3441283872859335,5.003087087087087,2000,0.859533
10,2000,2,1,62,0.0,0.5045999999999999,144,4.937829057478238,4.042738369184592,650,6.364880683300447,5.0022662662662665,2000,0.8620584999999998
10,2000,2,1,63,0.0,0.4985,144,4.937829057478238,4.042738369184592,647,6.358610902576695,5.0026806806806805,2000,0.8576495
10,2000,2,1,64,0.0,0.4986,144,4.937829057478238,4.042738369184592,647,6.361452712767977,5.001329329329329,2000,0.8598435
10,2000,2,1,65,0.0,0.5023,144,4.937829057478238,4.042738369184592,627,6.323333971869135,5.003837837837838,2000,0.8624369999999999
10,2000,2,1,66,0.0,0.49879999999999997,144,4.937829057478238,4.042738369184592,647,6.355561427978287,5.003295295295295,2000,0.857537
10,2000,2,1,67,0.0,0.4965,144,4.937829057478238,4.042738369184592,639,6.337963638161891,5.001731731731732,2000,0.8547429999999999
10,2000,2,1,68,0.0,0.5015999999999999,144,4.937829057478238,4.042738369184592,642,6.3500404648707605,5.000416416416416,2000,0.8575715
10,2000,2,1,69,0.0,0.5011,144,4.937829057478238,4.042738369184592,646,6.357649630853561,5.003497497497498,2000,0.8613535
10,2000,2,1,70,0.0,0.5015,144,4.937829057478238,4.042738369184592,646,6.356857708075228,5.002576576576576,2000,0.8594449999999999
10,2000,2,1,71,0.0,0.5029999999999999,144,4.937829057478238,4.042738369184592,641,6.348061700896834,4.999179179179179,2000,0.8581635
10,2000,2,1,72,0.0,0.49929999999999997,144,4.937829057478238,4.042738369184592,630,6.323063395264586,5.002224224224224,2000,0.8603505
10,2000,2,1,73,0.0,0.49729999999999996,144,4.937829057478238,4.042738369184592,638,6.345523878648477,4.99998998998999,2000,0.8612914999999999
10,2000,2,1,74,0.0,0.5037999999999999,144,4.937829057478238,4.042738369184592,641,6.348287270369293,4.997161161161161,2000,0.8595005
10,2000,2,1,75,0.0,0.5039999999999999,144,4.937829057478238,4.042738369184592,627,6.321791329504598,4.999127127127127,2000,0.8611685
10,2000,2,1,76,0.0,0.5037,144,4.937829057478238,4.042738369184592,643,6.342375192784466,5.0014594594594595,2000,0.8627965
10,2000,2,1,77,0.0,0.5018,144,4.937829057478238,4.042738369184592,635,6.3446337303643645,5.002114114114114,2000,0.8585470000000001
10,2000,2,1,78,0.0,0.49529999999999996,144,4.937829057478238,4.042738369184592,637,6.337710966622675,5.000454454454454,2000,0.854395
10,2000,2,1,79,0.0,0.4967,144,4.937829057478238,4.042738369184592,647,6.362541328457791,4.999873873873874,2000,0.8586255
10,2000,2,1,80,0.0,0.494,144,4.937829057478238,4.042738369184592,644,6.3555164208461985,5.002518518518518,2000,0.855128
10,2000,2,1,81,0.0,0.5017,144,4.937829057478238,4.042738369184592,630,6.338905102849711,5.001187187187187,2000,0.858081
10,2000,2,1,82,0.0,0.5001,144,4.937829057478238,4.042738369184592,629,6.327787645893995,5.003181181181181,2000,0.8597675
10,2000,2,1,83,0.0,0.5012,144,4.937829057478238,4.042738369184592,643,6.342131718246674,5.001413413413413,2000,0.8608745
10,2000,2,1,84,0.0,0.4965,144,4.937829057478238,4.042738369184592,627,6.321947677508016,5.000322322322322,2000,0.8569574999999999
10,2000,2,1,85,0.0,0.49939999999999996,144,4.937829057478238,4.042738369184592,650,6.36562950091667,5.002418418418419,2000,0.8588285000000001
10,2000,2,1,86,0.0,0.5051,144,4.937829057478238,4.042738369184592,635,6.348287270369292,5.000326326326326,2000,0.8632035
10,2000,2,1,87,0.0,0.5009,144,4.937829057478238,4.042738369184592,632,6.332881684393557,5.0006706706706705,2000,0.8598615
10,2000,2,1,88,0.0,0.5007,144,4.937829057478238,4.042738369184592,637,6.3318351881060275,5.0016156156156155,2000,0.8590574999999999
10,2000,2,1,89,0.0,0.5023,144,4.937829057478238,4.042738369184592,632,6.331086370489805,5.003933933933934,2000,0.8597385
10,2000,2,1,90,0.0,0.5023,144,4.937829057478238,4.042738369184592,620,6.306591017028493,5.002972972972973,2000,0.8614059999999999
10,2000,2,1,91,0.0,0.5002,144,4.937829057478238,4.042738369184592,640,6.345219890705552,5.000472472472472,2000,0.8580485
10,2000,2,1,92,0.0,0.49789999999999995,144,4.937829057478238,4.042738369184592,636,6.3316827584667355,5.001443443443444,2000,0.8600679999999999
10,2000,2,1,93,0.0,0.49979999999999997,144,4.937829057478238,4.042738369184592,636,6.334303788885344,5.001581581581582,2000,0.859806
10,2000,2,1,94,0.0,0.5059,144,4.937829057478238,4.042738369184592,640,6.334693001392663,5.00171971971972,2000,0.862854
10,2000,2,1,95,0.0,0.5042,144,4.937829057478238,4.042738369184592,637,6.344068362818315,5.001109109109109,2000,0.8627619999999999
10,2000,2,1,96,0.0,0.5049,144,4.937829057478238,4.042738369184592,642,6.33934803055303,4.999797797797798,2000,0.863949
10,2000,2,1,97,0.0,0.5097,144,4.937829057478238,4.042738369184592,639,6.349839109735254,4.9997257257257255,2000,0.8616995
10,2000,2,1,98,0.0,0.499,144,4.937829057478238,4.042738369184592,631,6.325486988911812,5.002370370370371,2000,0.859264
10,2000,2,1,99,0.0,0.5065,144,4.937829057478238,4.042738369184592,646,6.347111528145104,5.000930930930931,2000,0.8633689999999999
10,2000,2,2,0,0.0,0.5069,144,4.925409977280293,4.071236618309155,646,6.358244002436348,5.0009069069069065,2000,0.8624105
10,2000,2,2,1,0.0,0.4995,144,4.925409977280293,4.071236618309155,654,6.3763621526667045,4.996458458458458,2000,0.859085
10,2000,2,2,2,0.0,0.49720000000000003,144,4.925409977280293,4.071236618309155,653,6.370669335282718,4.998578578578579,2000,0.8590034999999999
10,2000,2,2,3,0.0,0.5069,144,4.925409977280293,4.071236618309155,643,6.360604683886151,4.999225225225225,2000,0.86363
10,2000,2,2,4,0.0,0.5105,144,4.925409977280293,4.071236618309155,645,6.361329287165422,5.001807807807808,2000,0.8646514999999999
10,2000,2,2,5,0.0,0.503,144,4.925409977280293,4.071236618309155,641,6.350660036550324,4.99593993993994,2000,0.858758
10,2000,2,2,6,0.0,0.502,144,4.925409977280293,4.071236618309155,625,6.335765613987125,5.001613613613614,2000,0.861501
10,2000,2,2,7,0.0,0.5024,144,4.925409977280293,4.071236618309155,643,6.354966070635677,4.999947947947948,2000,0.8610485
10,2000,2,2,8,0.0,0.4987,144,4.925409977280293,4.071236618309155,634,6.34022217574179,5.000350350350351,2000,0.8578125
10,2000,2,2,9,0.0,0.5086,144,4.925409977280293,4.071236618309155,647,6.361696187305769,5.000264264264264,2000,0.8631655
10,2000,2,2,10,0.0,0.5047,144,4.925409977280293,4.071236618309155,645,6.3590891435883705,4.999981981981982,2000,0.8604559999999999
10,2000,2,2,11,0.0,0.5044000000000001,144,4.925409977280293,4.071236618309155,640,6.3590891435883705,5.00194994994995,2000,0.8631165
10,2000,2,2,12,0.0,0.5026,144,4.925409977280293,4.071236618309155,629,6.337109788945959,5.000904904904905,2000,0.8608365
10,2000,2,2,13,0.0,0.5017999999999999,144,4.925409977280293,4.071236618309155,639,6.345723331814003,5.000388388388388,2000,0.8609865
10,2000,2,2,14,0.0,0.5048,144,4.925409977280293,4.071236618309155,628,6.330815793885256,4.997017017017017,2000,0.8614895
10,2000,2,2,15,0.0,0.49489999999999995,144,4.925409977280293,4.071236618309155,648,6.361975960911742,5.002104104104104,2000,0.8576984999999999
10,2000,2,2,16,0.0,0.5071,144,4.925409977280293,4.071236618309155,623,6.317761692357899,5.000310310310311,2000,0.8609445000000001
10,2000,2,2,17,0.0,0.49920000000000003,144,4.925409977280293,4.071236618309155,655,6.383362845941347,5.0004524524524525,2000,0.8601125
10,2000,2,2,18,0.0,0.49960000000000004,144,4.925409977280293,4.071236618309155,645,6.354015897883946,4.999215215215215,2000,0.8585389999999999
10,2000,2,2,19,0.0,0.5071,144,4.925409977280293,4.071236618309155,642,6.344032063750135,4.998880880880881,2000,0.8621345
10,2000,2,2,20,0.0,0.49739999999999995,144,4.925409977280293,4.071236618309155,651,6.367033700343123,5.001005005005005,2000,0.8575205
10,2000,2,2,21,0.0,0.5,144,4.925409977280293,4.071236618309155,646,6.357215411214152,5.000252252252253,2000,0.8582435
10,2000,2,2,22,0.0,0.49839999999999995,144,4.925409977280293,4.071236618309155,634,6.342838416460612,5.000832832832833,2000,0.8589505
10,2000,2,2,23,0.0,0.5053,144,4.925409977280293,4.071236618309155,624,6.322191152045807,4.999429429429429,2000,0.8624674999999999
10,2000,2,2,24,0.0,0.5041,144,4.925409977280293,4.071236618309155,636,6.349724881134122,5.001647647647648,2000,0.8623265
10,2000,2,2,25,0.0,0.5077,144,4.925409977280293,4.071236618309155,628,6.323472414807219,4.9996456456456455,2000,0.860884
10,2000,2,2,26,0.0,0.4983,144,4.925409977280293,4.071236618309155,641,6.353309199670008,4.99992992992993,2000,0.8563035
10,2000,2,2,27,0.0,0.4935,144,4.925409977280293,4.071236618309155,645,6.363816281947584,5.000854854854855,2000,0.8564709999999999
10,2000,2,2,28,0.0,0.49760000000000004,144,4.925409977280293,4.071236618309155,637,6.3520192288446875,5.002638638638639,2000,0.857106
10,2000,2,2,29,0.0,0.5027,144,4.925409977280293,4.071236618309155,628,6.3330201273316415,4.999777777777778,2000,0.8610165
10,2000,2,2,30,0.0,0.5059,144,4.925409977280293,4.071236618309155,635,6.3370226624115835,4.999545545545546,2000,0.8615245
10,2000,2,2,31,0.0,0.502,144,4.925409977280293,4.071236618309155,629,6.33306513446373,5.0001361361361365,2000,0.861276
10,2000,2,2,32,0.0,0.5017,144,4.925409977280293,4.071236618309155,641,6.354268569423162,5.002416416416416,2000,0.8602280000000001
10,2000,2,2,33,0.0,0.49789999999999995,144,4.925409977280293,4.071236618309155,636,6.3390174294808626,5.000582582582583,2000,0.858538
10,2000,2,2,34,0.0,0.49979999999999997,144,4.925409977280293,4.071236618309155,641,6.3441283872859335,5.002134134134134,2000,0.8603685000000001
10,2000,2,2,35,0.0,0.49870000000000003,144,4.925409977280293,4.071236618309155,623,6.317292648347648,5.000998998998999,2000,0.8592549999999999
10,2000,2,2,36,0.0,0.4963,144,4.925409977280293,4.071236618309155,638,6.35047658648015,5.002112112112112,2000,0.861679
10,2000,2,2,37,0.0,0.49989999999999996,144,4.925409977280293,4.071236618309155,637,6.35186288084127,5.0004704704704706,2000,0.8605005000000001
10,2000,2,2,38,0.0,0.4983,144,4.925409977280293,4.071236618309155,647,6.3589778027170425,5.003129129129129,2000,0.8619759999999999
10,2000,2,2,39,0.0,0.5068,144,4.925409977280293,4.071236618309155,633,6.344973528437956,4.9978138138138135,2000,0.8638399999999999
10,2000,2,2,40,0.0,0.5049,144,4.925409977280293,4.071236618309155,635,6.353883764217481,4.997639639639639,2000,0.8636785
10,2000,2,2,41,0.0,0.49889999999999995,144,4.925409977280293,4.071236618309155,640,6.350972732557158,4.999817817817818,2000,0.860212
10,2000,2,2,42,0.0,0.5019,144,4.925409977280293,4.071236618309155,659,6.387548831091463,5.001491491491492,2000,0.8579425000000002
10,2000,2,2,43,0.0,0.5037999999999999,144,4.925409977280293,4.071236618309155,636,6.34260364998673,5.000232232232232,2000,0.8605444999999999
10,2000,2,2,44,0.0,0.5033,144,4.925409977280293,4.071236618309155,636,6.354407012361246,5.001071071071071,2000,0.86053
10,2000,2,2,45,0.0,0.5002000000000001,144,4.925409977280293,4.071236618309155,634,6.337293239016132,5.001697697697698,2000,0.8592265
10,2000,2,2,46,0.0,0.5064,144,4.925409977280293,4.071236618309155,637,6.35165232870434,4.998542542542543,2000,0.8621515
10,2000,2,2,47,0.0,0.5046,144,4.925409977280293,4.071236618309155,667,6.391515067103224,5.001205205205205,2000,0.8626794999999999
10,2000,2,2,48,0.0,0.49979999999999997,144,4.925409977280293,4.071236618309155,649,6.3677045884263945,4.997561561561562,2000,0.8597475
10,2000,2,2,49,0.0,0.49860000000000004,144,4.925409977280293,4.071236618309155,662,6.393066906469185,5.001213213213213,2000,0.8594645
10,2000,2,2,50,0.0,0.5029,144,4.925409977280293,4.071236618309155,640,6.349649350393461,4.999413413413413,2000,0.86227
10,2000,2,2,51,0.0,0.5058,144,4.925409977280293,4.071236618309155,646,6.363220924604972,4.999895895895896,2000,0.859838
10,2000,2,2,52,0.0,0.5067,144,4.925409977280293,4.071236618309155,651,6.369205111388647,5.002476476476477,2000,0.865444
10,2000,2,2,53,0.0,0.5047999999999999,144,4.925409977280293,4.071236618309155,645,6.361948858844984,4.9961161161161165,2000,0.8647225000000001
10,2000,2,2,54,0.0,0.5059,144,4.925409977280293,4.071236618309155,640,6.352148474781347,5.0003543543543545,2000,0.8623409999999999
10,2000,2,2,55,0.0,0.5035,144,4.925409977280293,4.071236618309155,646,6.36134137189665,5.001391391391391,2000,0.8627969999999999
10,2000,2,2,56,0.0,0.5025,144,4.925409977280293,4.071236618309155,644,6.3590199221193275,4.9987007007007005,2000,0.8595464999999999
10,2000,2,2,57,0.0,0.5009,144,4.925409977280293,4.071236618309155,638,6.350587927351477,4.9998458458458455,2000,0.8573945
10,2000,2,2,58,0.0,0.5045,144,4.925409977280293,4.071236618309155,633,6.340107947140657,5.000322322322322,2000,0.8608775000000001
10,2000,2,2,59,0.0,0.5013,144,4.925409977280293,4.071236618309155,649,6.363067464331361,4.999585585585586,2000,0.8630865
10,2000,2,2,60,0.0,0.5047,144,4.925409977280293,4.071236618309155,642,6.348924747114189,5.001595595595596,2000,0.8641040000000001
10,2000,2,2,61,0.0,0.5087,144,4.925409977280293,4.071236618309155,643,6.349604343261371,4.998940940940941,2000,0.8645309999999999
10,2000,2,2,62,0.0,0.49760000000000004,144,4.925409977280293,4.071236618309155,639,6.344651635429698,4.998950950950951,2000,0.8594135
10,2000,2,2,63,0.0,0.5013000000000001,144,4.925409977280293,4.071236618309155,647,6.365271797777746,5.001335335335336,2000,0.8574404999999999
10,2000,2,2,64,0.0,0.4962,144,4.925409977280293,4.071236618309155,640,6.3443389394228635,4.995031031031031,2000,0.856047
10,2000,2,2,65,0.0,0.5022,144,4.925409977280293,4.071236618309155,646,6.3606075716159545,4.995435435435436,2000,0.862493
10,2000,2,2,66,0.0,0.5019,144,4.925409977280293,4.071236618309155,638,6.352046330911444,4.9966106106106105,2000,0.8608274999999999
10,2000,2,2,67,0.0,0.5015,144,4.925409977280293,4.071236618309155,641,6.356108890459005,5.002904904904905,2000,0.86124
10,2000,2,2,68,0.0,0.49820000000000003,144,4.925409977280293,4.071236618309155,639,6.354746810434837,5.001485485485485,2000,0.8597229999999999
10,2000,2,2,69,0.0,0.5035,144,4.925409977280293,4.071236618309155,659,6.380704485820238,4.994824824824825,2000,0.8623019999999999
10,2000,2,2,70,0.0,0.495,144,4.925409977280293,4.071236618309155,633,6.3441104822206,4.998590590590591,2000,0.8563634999999999
10,2000,2,2,71,0.0,0.5027999999999999,144,4.925409977280293,4.071236618309155,650,6.366336199130608,4.998950950950951,2000,0.8618625
10,2000,2,2,72,0.0,0.5026,144,4.925409977280293,4.071236618309155,627,6.316505629693264,5.002338338338339,2000,0.8607215
10,2000,2,2,73,0.0,0.5002,144,4.925409977280293,4.071236618309155,657,6.378331719639208,5.0009289289289285,2000,0.8602315000000001
10,2000,2,2,74,0.0,0.4987,144,4.925409977280293,4.071236618309155,642,6.348106708028924,4.996734734734734,2000,0.8606214999999999
10,2000,2,2,75,0.0,0.5024,144,4.925409977280293,4.071236618309155,654,6.3761365831942465,5.000508508508508,2000,0.8617855
10,2000,2,2,76,0.0,0.5037,144,4.925409977280293,4.071236618309155,640,6.352001323779353,5.001779779779779,2000,0.862713
10,2000,2,2,77,0.0,0.5006,144,4.925409977280293,4.071236618309155,634,6.340745423885554,4.999519519519519,2000,0.85963
10,2000,2,2,78,0.0,0.5061,144,4.925409977280293,4.071236618309155,627,6.318260726164711,5.001231231231231,2000,0.862081
10,2000,2,2,79,0.0,0.5047999999999999,144,4.925409977280293,4.071236618309155,646,6.363674951279696,4.999995995995996,2000,0.8622175
10,2000,2,2,80,0.0,0.5054,144,4.925409977280293,4.071236618309155,650,6.365767943854754,4.999983983983984,2000,0.8624339999999999
10,2000,2,2,81,0.0,0.5126000000000001,144,4.925409977280293,4.071236618309155,663,6.394200529291091,4.997313313313313,2000,0.865091
10,2000,2,2,82,0.0,0.5017999999999999,144,4.925409977280293,4.071236618309155,648,6.368471311107951,5.001405405405405,2000,0.8604215
10,2000,2,2,83,0.0,0.5013,144,4.925409977280293,4.071236618309155,649,6.363310938869153,5.001055055055055,2000,0.860664
10,2000,2,2,84,0.0,0.49770000000000003,144,4.925409977280293,4.071236618309155,641,6.350178907808845,5.0013793793793795,2000,0.861202
10,2000,2,2,85,0.0,0.5001,144,4.925409977280293,4.071236618309155,635,6.339927384800289,5.002192192192192,2000,0.8586459999999999
10,2000,2,2,86,0.0,0.49820000000000003,144,4.925409977280293,4.071236618309155,634,6.3441104822206,4.999843843843844,2000,0.8599814999999998
10,2000,2,2,87,0.0,0.49660000000000004,144,4.925409977280293,4.071236618309155,619,6.324127796617448,5.001025025025025,2000,0.8570789999999999
10,2000,2,2,88,0.0,0.5041,144,4.925409977280293,4.071236618309155,634,6.339175679454261,4.999717717717718,2000,0.8626635
10,2000,2,2,89,0.0,0.49739999999999995,144,4.925409977280293,4.071236618309155,636,6.352951496531084,5.003623623623624,2000,0.8609155
10,2000,2,2,90,0.0,0.49910000000000004,144,4.925409977280293,4.071236618309155,623,6.3220861204461,5.001647647647648,2000,0.855567
10,2000,2,2,91,0.0,0.5032000000000001,144,4.925409977280293,4.071236618309155,640,6.349628557598323,5.002554554554554,2000,0.8620405000000001
10,2000,2,2,92,0.0,0.49620000000000003,144,4.925409977280293,4.071236618309155,640,6.349490114660239,5.000092092092092,2000,0.8589739999999999
10,2000,2,2,93,0.0,0.5044,144,4.925409977280293,4.071236618309155,644,6.358655909708785,5.001885885885886,2000,0.859146
10,2000,2,2,94,0.0,0.5004,144,4.925409977280293,4.071236618309155,657,6.381453303436462,5.001785785785786,2000,0.8603905
10,2000,2,2,95,0.0,0.4993,144,4.925409977280293,4.071236618309155,632,6.345881581787401,4.997671671671672,2000,0.857417
10,2000,2,2,96,0.0,0.5003,144,4.925409977280293,4.071236618309155,649,6.360382002143496,5.000174174174174,2000,0.858113
10,2000,2,2,97,0.0,0.5067999999999999,144,4.925409977280293,4.071236618309155,629,6.330674463217367,4.995455455455455,2000,0.8620795
10,2000,2,2,98,0.0,0.5081,144,4.925409977280293,4.071236618309155,632,6.348861834916766,5.001043043043043,2000,0.86303
10,2000,2,2,99,0.0,0.49860000000000004,144,4.925409977280293,4.071236618309155,651,6.36995392900487,5.000884884884885,2000,0.8562139999999999
10,2000,2,3,0,0.0,0.494,144,4.932667526733361,4.104375687843922,631,6.326670026167444,4.9996276276276275,2000,0.8569395
10,2000,2,3,1,0.0,0.4926,144,4.932667526733361,4.104375687843922,628,6.334126648086788,4.996024024024024,2000,0.855152
10,2000,2,3,2,0.0,0.49169999999999997,144,4.932667526733361,4.104375687843922,620,6.308331096164413,4.995577577577578,2000,0.8549194999999999
10,2000,2,3,3,0.0,0.4911,144,4.932667526733361,4.104375687843922,622,6.316994969676342,4.999933933933934,2000,0.855283
10,2000,2,3,4,0.0,0.4947,144,4.932667526733361,4.104375687843922,647,6.366543863537735,5.0021681681681684,2000,0.8549465
10,2000,2,3,5,0.0,0.5053,144,4.932667526733361,4.104375687843922,621,6.316131923458986,4.994796796796797,2000,0.8613925
10,2000,2,3,6,0.0,0.4898,144,4.932667526733361,4.104375687843922,602,6.279426578988021,4.993113113113113,2000,0.8545795
10,2000,2,3,7,0.0,0.5,144,4.932667526733361,4.104375687843922,640,6.349063190052274,4.998946946946947,2000,0.8589745000000001
10,2000,2,3,8,0.0,0.4947,144,4.932667526733361,4.104375687843922,636,6.340519854413095,5.003493493493494,2000,0.855701
10,2000,2,3,9,0.0,0.49960000000000004,144,4.932667526733361,4.104375687843922,631,6.332582103752271,4.999407407407407,2000,0.858737
10,2000,2,3,10,0.0,0.4957,144,4.932667526733361,4.104375687843922,644,6.354818919633683,5.0004704704704706,2000,0.8561235
10,2000,2,3,11,0.0,0.4993,144,4.932667526733361,4.104375687843922,639,6.3543648929589605,5.001507507507507,2000,0.858317
10,2000,2,3,12,0.0,0.5003,144,4.932667526733361,4.104375687843922,636,6.351225404096374,5.000838838838839,2000,0.859609
10,2000,2,3,13,0.0,0.5019,144,4.932667526733361,4.104375687843922,642,6.351637311368812,5.000562562562562,2000,0.860243
10,2000,2,3,14,0.0,0.49610000000000004,144,4.932667526733361,4.104375687843922,636,6.345923701189686,4.998332332332333,2000,0.8577140000000001
10,2000,2,3,15,0.0,0.5027,144,4.932667526733361,4.104375687843922,635,6.336264647793937,4.999317317317317,2000,0.8578644999999999
10,2000,2,3,16,0.0,0.5048,144,4.932667526733361,4.104375687843922,650,6.371427349900365,5.001093093093093,2000,0.859668
10,2000,2,3,17,0.0,0.4967,144,4.932667526733361,4.104375687843922,643,6.358244002436348,4.999105105105105,2000,0.8572624999999999
10,2000,2,3,18,0.0,0.49939999999999996,144,4.932667526733361,4.104375687843922,624,6.317692470888856,4.998518518518519,2000,0.859386
10,2000,2,3,19,0.0,0.4962,144,4.932667526733361,4.104375687843922,636,6.332896701729085,5.00201001001001,2000,0.8569635
10,2000,2,3,20,0.0,0.4997,144,4.932667526733361,4.104375687843922,623,6.318880297844274,5.0013393393393395,2000,0.858603
10,2000,2,3,21,0.0,0.4916,144,4.932667526733361,4.104375687843922,633,6.337945733096557,5.000472472472472,2000,0.8554069999999999
10,2000,2,3,22,0.0,0.4976999999999999,144,4.932667526733361,4.104375687843922,624,6.316898646140544,5.001199199199199,2000,0.8551365000000001
10,2000,2,3,23,0.0,0.4905,144,4.932667526733361,4.104375687843922,645,6.365175474241948,4.999373373373373,2000,0.8532390000000001
10,2000,2,3,24,0.0,0.49160000000000004,144,4.932667526733361,4.104375687843922,625,6.320056040068464,5.001421421421421,2000,0.8536170000000001
10,2000,2,3,25,0.0,0.4908,144,4.932667526733361,4.104375687843922,624,6.315740808981688,4.998750750750751,2000,0.8569135
10,2000,2,3,26,0.0,0.49410000000000004,144,4.932667526733361,4.104375687843922,626,6.329829322065345,4.999733733733733,2000,0.8554605
10,2000,2,3,27,0.0,0.5008,144,4.932667526733361,4.104375687843922,644,6.352464058517986,5.0018738738738735,2000,0.8606435
10,2000,2,3,28,0.0,0.49689999999999995,144,4.932667526733361,4.104375687843922,642,6.356614233537436,5.0024804804804806,2000,0.8554039999999999
10,2000,2,3,29,0.0,0.4952,144,4.932667526733361,4.104375687843922,647,6.363945527884244,5.002134134134134,2000,0.8532824999999999
10,2000,2,3,30,0.0,0.49260000000000004,144,4.932667526733361,4.104375687843922,624,6.326307915726882,5.000576576576576,2000,0.8550985
10,2000,2,3,31,0.0,0.4924,144,4.932667526733361,4.104375687843922,626,6.327814747960752,4.998598598598599,2000,0.8550525
10,2000,2,3,32,0.0,0.49339999999999995,144,4.932667526733361,4.104375687843922,638,6.34732790061614,4.993021021021021,2000,0.8557339999999999
10,2000,2,3,33,0.0,0.49629999999999996,144,4.932667526733361,4.104375687843922,621,6.315268877241632,5.000662662662663,2000,0.8590715
10,2000,2,3,34,0.0,0.494,144,4.932667526733361,4.104375687843922,628,6.332313429117702,4.9956876876876875,2000,0.859084
10,2000,2,3,35,0.0,0.49710000000000004,144,4.932667526733361,4.104375687843922,645,6.350353160877594,4.999649649649649,2000,0.8596995
10,2000,2,3,36,0.0,0.5016,144,4.932667526733361,4.104375687843922,656,6.37554411358144,5.002758758758759,2000,0.8593430000000001
10,2000,2,3,37,0.0,0.49389999999999995,144,4.932667526733361,4.104375687843922,638,6.349108197184363,5.002660660660661,2000,0.858198
10,2000,2,3,38,0.0,0.4958,144,4.932667526733361,4.104375687843922,627,6.328782825777816,4.99849049049049,2000,0.8573125
10,2000,2,3,39,0.0,0.497,144,4.932667526733361,4.104375687843922,637,6.346082936922907,4.997713713713714,2000,0.858422
10,2000,2,3,40,0.0,0.49560000000000004,144,4.932667526733361,4.104375687843922,635,6.351111175495242,4.99971971971972,2000,0.8564120000000001
10,2000,2,3,41,0.0,0.494,144,4.932667526733361,4.104375687843922,640,6.354085119352989,5.001997997997998,2000,0.8552265
10,2000,2,3,42,0.0,0.49570000000000003,144,4.932667526733361,4.104375687843922,630,6.329120721881426,5.000418418418419,2000,0.8573189999999999
10,2000,2,3,43,0.0,0.49119999999999997,144,4.932667526733361,4.104375687843922,649,6.3671992453479636,5.000032032032032,2000,0.8544045000000001
10,2000,2,3,44,0.0,0.49720000000000003,144,4.932667526733361,4.104375687843922,643,6.3588093699823975,4.997965965965966,2000,0.8584565
10,2000,2,3,45,0.0,0.4947,144,4.932667526733361,4.104375687843922,639,6.346239284926325,5.002336336336336,2000,0.856117
10,2000,2,3,46,0.0,0.4943,144,4.932667526733361,4.104375687843922,629,6.325174292904977,4.9984244244244245,2000,0.8520044999999999
10,2000,2,3,47,0.0,0.4973,144,4.932667526733361,4.104375687843922,643,6.352265591112284,4.998696696696697,2000,0.8558279999999999
10,2000,2,3,48,0.0,0.5005,144,4.932667526733361,4.104375687843922,629,6.323054198263163,5.003961961961962,2000,0.8592305
10,2000,2,3,49,0.0,0.49460000000000004,144,4.932667526733361,4.104375687843922,637,6.3479203702289455,5.001093093093093,2000,0.8550245
10,2000,2,3,50,0.0,0.5001,144,4.932667526733361,4.104375687843922,625,6.324831607101583,5.0011031031031035,2000,0.8581034999999999
10,2000,2,3,51,0.0,0.49439999999999995,144,4.932667526733361,4.104375687843922,637,6.345018535570045,4.999675675675675,2000,0.8541985
10,2000,2,3,52,0.0,0.49789999999999995,144,4.932667526733361,4.104375687843922,629,6.332087859645244,4.999397397397398,2000,0.859667
10,2000,2,3,53,0.0,0.4962,144,4.932667526733361,4.104375687843922,654,6.376632729271254,5.000952952952953,2000,0.8556400000000001
10,2000,2,3,54,0.0,0.49789999999999995,144,4.932667526733361,4.104375687843922,637,6.349884116867344,4.998556556556556,2000,0.8561835000000001
10,2000,2,3,55,0.0,0.5023,144,4.932667526733361,4.104375687843922,643,6.352515374921695,4.998848848848849,2000,0.8592059999999999
10,2000,2,3,56,0.0,0.4953,144,4.932667526733361,4.104375687843922,642,6.357738659357917,4.998212212212212,2000,0.8596735
10,2000,2,3,57,0.0,0.49839999999999995,144,4.932667526733361,4.104375687843922,625,6.320744833217069,5.001097097097097,2000,0.8572594999999998
10,2000,2,3,58,0.0,0.49739999999999995,144,4.932667526733361,4.104375687843922,646,6.357179601083486,5.003227227227227,2000,0.859103
10,2000,2,3,59,0.0,0.49710000000000004,144,4.932667526733361,4.104375687843922,626,6.325105071435935,4.999421421421421,2000,0.8572055000000001
10,2000,2,3,60,0.0,0.49979999999999997,144,4.932667526733361,4.104375687843922,648,6.361966763910318,4.999651651651652,2000,0.8582390000000001
10,2000,2,3,61,0.0,0.49010000000000004,144,4.932667526733361,4.104375687843922,623,6.316898646140544,4.996694694694694,2000,0.854875
10,2000,2,3,62,0.0,0.4961,144,4.932667526733361,4.104375687843922,647,6.3604241215457815,5.002184184184184,2000,0.8569929999999999
10,2000,2,3,63,0.0,0.4967,144,4.932667526733361,4.104375687843922,640,6.357155386746533,4.998300300300301,2000,0.8561789999999999
10,2000,2,3,64,0.0,0.4977,144,4.932667526733361,4.104375687843922,642,6.3591970629178824,5.002428428428429,2000,0.8590235
10,2000,2,3,65,0.0,0.4965,144,4.932667526733361,4.104375687843922,638,6.347764022225529,5.002564564564564,2000,0.856862
10,2000,2,3,66,0.0,0.49439999999999995,144,4.932667526733361,4.104375687843922,646,6.3620180803140265,5.001021021021021,2000,0.8561230000000001
10,2000,2,3,67,0.0,0.5002,144,4.932667526733361,4.104375687843922,647,6.366841542209039,5.001653653653654,2000,0.8560705000000001
10,2000,2,3,68,0.0,0.4923,144,4.932667526733361,4.104375687843922,638,6.335330478137559,4.999253253253253,2000,0.8533525
10,2000,2,3,69,0.0,0.5012,144,4.932667526733361,4.104375687843922,637,6.351880785906603,5.0018338338338335,2000,0.8593624999999999
10,2000,2,3,70,0.0,0.4995,144,4.932667526733361,4.104375687843922,617,6.316784417539411,4.997639639639639,2000,0.8608195
10,2000,2,3,71,0.0,0.493,144,4.932667526733361,4.104375687843922,622,6.313560689872254,5.000628628628629,2000,0.854982
10,2000,2,3,72,0.0,0.4965,144,4.932667526733361,4.104375687843922,640,6.348539941908509,4.998260260260261,2000,0.8577509999999999
10,2000,2,3,73,0.0,0.5033,144,4.932667526733361,4.104375687843922,639,6.350720061017942,5.000706706706707,2000,0.862229
10,2000,2,3,74,0.0,0.49610000000000004,144,4.932667526733361,4.104375687843922,644,6.35592544038883,4.999157157157157,2000,0.8582545
10,2000,2,3,75,0.0,0.4945,144,4.932667526733361,4.104375687843922,630,6.330448893744908,4.99998998998999,2000,0.8565340000000001
10,2000,2,3,76,0.0,0.496,144,4.932667526733361,4.104375687843922,644,6.35592544038883,5.001249249249249,2000,0.855212
10,2000,2,3,77,0.0,0.497,144,4.932667526733361,4.104375687843922,631,6.33640309073202,5.000148148148148,2000,0.855785
10,2000,2,3,78,0.0,0.49679999999999996,144,4.932667526733361,4.104375687843922,635,6.3443810588251495,5.001473473473474,2000,0.856953
10,2000,2,3,79,0.0,0.5025,144,4.932667526733361,4.104375687843922,634,6.333350728403809,4.999089089089089,2000,0.859097
10,2000,2,3,80,0.0,0.49810000000000004,144,4.932667526733361,4.104375687843922,638,6.343361664604377,5.002416416416416,2000,0.8565799999999999
10,2000,2,3,81,0.0,0.49689999999999995,144,4.932667526733361,4.104375687843922,643,6.359543170263093,5.002116116116116,2000,0.8559169999999999
10,2000,2,3,82,0.0,0.5015,144,4.932667526733361,4.104375687843922,627,6.324100694550692,5.001191191191191,2000,0.862183
10,2000,2,3,83,0.0,0.499,144,4.932667526733361,4.104375687843922,643,6.3511140632250465,5.000032032032032,2000,0.8566324999999999
10,2000,2,3,84,0.0,0.49839999999999995,144,4.932667526733361,4.104375687843922,650,6.363380160338195,5.001961961961962,2000,0.8571755
10,2000,2,3,85,0.0,0.4962,144,4.932667526733361,4.104375687843922,617,6.3061883067574795,5.001617617617618,2000,0.8585934999999999
10,2000,2,3,86,0.0,0.4978,144,4.932667526733361,4.104375687843922,636,6.349342963658246,4.999771771771772,2000,0.857989
10,2000,2,3,87,0.0,0.4982,144,4.932667526733361,4.104375687843922,643,6.3508764090213585,4.998706706706707,2000,0.8591235
10,2000,2,3,88,0.0,0.497,144,4.932667526733361,4.104375687843922,626,6.3155394538461795,5.003203203203203,2000,0.857998
10,2000,2,3,89,0.0,0.4907,144,4.932667526733361,4.104375687843922,644,6.355315065710691,4.996126126126126,2000,0.856874
10,2000,2,3,90,0.0,0.49339999999999995,144,4.932667526733361,4.104375687843922,639,6.345863676722067,4.998434434434435,2000,0.8561685
10,2000,2,3,91,0.0,0.5012,144,4.932667526733361,4.104375687843922,626,6.320395838142055,4.9991911911911915,2000,0.861945
10,2000,2,3,92,0.0,0.4918,144,4.932667526733361,4.104375687843922,640,6.350196812874177,5.000252252252253,2000,0.8573685000000001
10,2000,2,3,93,0.0,0.5021,144,4.932667526733361,4.104375687843922,629,6.333657604076538,5.002676676676677,2000,0.8596295
10,2000,2,3,94,0.0,0.48760000000000003,144,4.932667526733361,4.104375687843922,636,6.34022217574179,4.998434434434435,2000,0.8506095
10,2000,2,3,95,0.0,0.4895,144,4.932667526733361,4.104375687843922,632,6.336081197723763,4.996398398398399,2000,0.8525775
10,2000,2,3,96,0.0,0.49510000000000004,144,4.932667526733361,4.104375687843922,630,6.3349296698365265,4.999641641641642,2000,0.8584215000000001
10,2000,2,3,97,0.0,0.4955,144,4.932667526733361,4.104375687843922,634,6.33778748312316,4.999925925925926,2000,0.8559884999999999
10,2000,2,3,98,0.0,0.4978,144,4.932667526733361,4.104375687843922,641,6.3457581561848455,4.99668068068068,2000,0.8556909999999999
10,2000,2,3,99,0.0,0.49639999999999995,144,4.932667526733361,4.104375687843922,648,6.366772320739997,5.001365365365365,2000,0.8569479999999998
10,2000,3,1,0,0.0,0.5004,492,6.092569970349677,4.78816208104052,628,6.326202884127174,4.999403403403403,2000,0.509357
10,2000,3,1,1,0.0,0.49939999999999996,492,6.092569970349677,4.78816208104052,643,6.354906046168058,4.998426426426426,2000,0.5074935
10,2000,3,1,2,0.0,0.5,492,6.092569970349677,4.78816208104052,635,6.34415548935269,5.001373373373373,2000,0.5092245000000001
10,2000,3,1,3,0.0,0.5011,492,6.092569970349677,4.78816208104052,628,6.325469083846478,4.9975155155155155,2000,0.5112695
10,2000,3,1,4,0.0,0.4985,492,6.092569970349677,4.78816208104052,637,6.3470844260783466,5.0025605605605605,2000,0.5073799999999999
10,2000,3,1,5,0.0,0.4992,492,6.092569970349677,4.78816208104052,641,6.3508342896190735,5.003075075075075,2000,0.509845
10,2000,3,1,6,0.0,0.49939999999999996,492,6.092569970349677,4.78816208104052,648,6.36195174657479,4.999055055055055,2000,0.5092530000000001
10,2000,3,1,7,0.0,0.49679999999999996,492,6.092569970349677,4.78816208104052,633,6.333492059071697,5.0007687687687685,2000,0.5062965
10,2000,3,1,8,0.0,0.5048,492,6.092569970349677,4.78816208104052,637,6.351495980700923,4.998034034034034,2000,0.511364
10,2000,3,1,9,0.0,0.499,492,6.092569970349677,4.78816208104052,644,6.345743138849317,5.00180980980981,2000,0.5093825000000001
10,2000,3,1,10,0.0,0.5032,492,6.092569970349677,4.78816208104052,640,6.343677248341015,4.996516516516516,2000,0.5094315
10,2000,3,1,11,0.0,0.4965,492,6.092569970349677,4.78816208104052,640,6.360406216480449,5.002696696696697,2000,0.5063190000000001
10,2000,3,1,12,0.0,0.49889999999999995,492,6.092569970349677,4.78816208104052,636,6.3441104822206,5.000626626626627,2000,0.5083814999999999
10,2000,3,1,13,0.0,0.493,492,6.092569970349677,4.78816208104052,634,6.333798934744426,5.000396396396396,2000,0.5075995
10,2000,3,1,14,0.0,0.49360000000000004,492,6.092569970349677,4.78816208104052,651,6.370068157606002,5.002826826826827,2000,0.504447
10,2000,3,1,15,0.0,0.4943,492,6.092569970349677,4.78816208104052,645,6.3558112117876995,5.001951951951952,2000,0.5052585
10,2000,3,1,16,0.0,0.49460000000000004,492,6.092569970349677,4.78816208104052,630,6.338905102849711,4.998982982982983,2000,0.505652
10,2000,3,1,17,0.0,0.4986,492,6.092569970349677,4.78816208104052,644,6.359997196937815,5.001365365365365,2000,0.5088235
10,2000,3,1,18,0.0,0.5015,492,6.092569970349677,4.78816208104052,649,6.361488522898643,5.000122122122122,2000,0.5084775
10,2000,3,1,19,0.0,0.5002000000000001,492,6.092569970349677,4.78816208104052,642,6.349177418653405,5.001049049049049,2000,0.5091435
10,2000,3,1,20,0.0,0.488,492,6.092569970349677,4.78816208104052,639,6.348314372436049,4.998566566566566,2000,0.503416
10,2000,3,1,21,0.0,0.5018,492,6.092569970349677,4.78816208104052,630,6.332009441174779,4.99967967967968,2000,0.5094315
10,2000,3,1,22,0.0,0.49839999999999995,492,6.092569970349677,4.78816208104052,638,6.350380262944352,5.000504504504504,2000,0.507715
10,2000,3,1,23,0.0,0.49269999999999997,492,6.092569970349677,4.78816208104052,645,6.364225301490217,5.001739739739739,2000,0.5051465
10,2000,3,1,24,0.0,0.4995,492,6.092569970349677,4.78816208104052,638,6.343448791138751,4.996890890890891,2000,0.507569
10,2000,3,1,25,0.0,0.4983,492,6.092569970349677,4.78816208104052,645,6.359123051749055,4.996790790790791,2000,0.5081175000000001
10,2000,3,1,26,0.0,0.4952,492,6.092569970349677,4.78816208104052,638,6.333825547873669,5.001461461461462,2000,0.506201
10,2000,3,1,27,0.0,0.49729999999999996,492,6.092569970349677,4.78816208104052,617,6.305721164717209,5.000974974974975,2000,0.5085810000000001
10,2000,3,1,28,0.0,0.49989999999999996,492,6.092569970349677,4.78816208104052,651,6.371174678361149,4.998796796796797,2000,0.509319
10,2000,3,1,29,0.0,0.49460000000000004,492,6.092569970349677,4.78816208104052,632,6.334240876687921,5.001817817817818,2000,0.5050775
10,2000,3,1,30,0.0,0.48969999999999997,492,6.092569970349677,4.78816208104052,645,6.349971243401718,4.997303303303303,2000,0.5051055
10,2000,3,1,31,0.0,0.4981,492,6.092569970349677,4.78816208104052,646,6.354993172702433,5.000206206206206,2000,0.506925
10,2000,3,1,32,0.0,0.4966,492,6.092569970349677,4.78816208104052,648,6.35615100986129,4.998358358358359,2000,0.5090640000000001
10,2000,3,1,33,0.0,0.4942,492,6.092569970349677,4.78816208104052,640,6.35121620709495,4.99752952952953,2000,0.5063795
10,2000,3,1,34,0.0,0.5015,492,6.092569970349677,4.78816208104052,643,6.360788133956325,5.001863863863864,2000,0.5087889999999999
10,2000,3,1,35,0.0,0.5,492,6.092569970349677,4.78816208104052,635,6.328800730843149,5.002942942942943,2000,0.509735
10,2000,3,1,36,0.0,0.4992,492,6.092569970349677,4.78816208104052,636,6.346561177934583,4.995099099099099,2000,0.509134
10,2000,3,1,37,0.0,0.4995,492,6.092569970349677,4.78816208104052,638,6.347309995550805,5.0031131131131135,2000,0.509687
10,2000,3,1,38,0.0,0.4947,492,6.092569970349677,4.78816208104052,646,6.363178805202688,4.998744744744744,2000,0.5079105
10,2000,3,1,39,0.0,0.49579999999999996,492,6.092569970349677,4.78816208104052,639,6.352106355379062,5.001313313313314,2000,0.5082595
10,2000,3,1,40,0.0,0.4879,492,6.092569970349677,4.78816208104052,630,6.3345385553592255,4.997379379379379,2000,0.505648
10,2000,3,1,41,0.0,0.5017,492,6.092569970349677,4.78816208104052,632,6.329672974061928,4.998776776776777,2000,0.5090815
10,2000,3,1,42,0.0,0.49489999999999995,492,6.092569970349677,4.78816208104052,640,6.34783324369457,4.999137137137137,2000,0.5055865
10,2000,3,1,43,0.0,0.49860000000000004,492,6.092569970349677,4.78816208104052,643,6.349944141334962,4.9994994994995,2000,0.5102135000000001
10,2000,3,1,44,0.0,0.5015999999999999,492,6.092569970349677,4.78816208104052,653,6.381314860498378,4.999051051051051,2000,0.508804
10,2000,3,1,45,0.0,0.49739999999999995,492,6.092569970349677,4.78816208104052,634,6.331844385107452,5.00028028028028,2000,0.505542
10,2000,3,1,46,0.0,0.5011,492,6.092569970349677,4.78816208104052,648,6.361539839302353,4.997483483483483,2000,0.5088135
10,2000,3,1,47,0.0,0.49889999999999995,492,6.092569970349677,4.78816208104052,632,6.33562717104904,5.000546546546547,2000,0.509919
10,2000,3,1,48,0.0,0.4991,492,6.092569970349677,4.78816208104052,646,6.369247230790933,5.003077077077077,2000,0.510289
10,2000,3,1,49,0.0,0.5009,492,6.092569970349677,4.78816208104052,645,6.357564406289166,5.000418418418419,2000,0.508131
10,2000,3,1,50,0.0,0.4985,492,6.092569970349677,4.78816208104052,645,6.357128284679776,4.997671671671672,2000,0.506347
10,2000,3,1,51,0.0,0.4895,492,6.092569970349677,4.78816208104052,637,6.3467204136678035,4.993059059059059,2000,0.5052945
10,2000,3,1,52,0.0,0.4987,492,6.092569970349677,4.78816208104052,635,6.334171655218878,4.998556556556556,2000,0.509053
10,2000,3,1,53,0.0,0.5004,492,6.092569970349677,4.78816208104052,638,6.341074122987741,4.997753753753754,2000,0.5102490000000001
10,2000,3,1,54,0.0,0.5011,492,6.092569970349677,4.78816208104052,614,6.302740911587843,5.000902902902903,2000,0.5083755
10,2000,3,1,55,0.0,0.5039999999999999,492,6.092569970349677,4.78816208104052,621,6.323316066803802,4.998458458458458,2000,0.5093895
10,2000,3,1,56,0.0,0.49379999999999996,492,6.092569970349677,4.78816208104052,637,6.346657501470381,5.000528528528529,2000,0.5062585000000001
10,2000,3,1,57,0.0,0.5013,492,6.092569970349677,4.78816208104052,627,6.324834494831387,5.00049049049049,2000,0.508596
10,2000,3,1,58,0.0,0.5001,492,6.092569970349677,4.78816208104052,629,6.32701461394082,5.000810810810811,2000,0.506488
10,2000,3,1,59,0.0,0.5016,492,6.092569970349677,4.78816208104052,643,6.359473948794051,4.999571571571572,2000,0.5083354999999999
10,2000,3,1,60,0.0,0.4941,492,6.092569970349677,4.78816208104052,637,6.3459687083217755,5.000506506506507,2000,0.505895
10,2000,3,1,61,0.0,0.4986,492,6.092569970349677,4.78816208104052,640,6.3561069884890244,4.998846846846847,2000,0.5081100000000001
10,2000,3,1,62,0.0,0.49839999999999995,492,6.092569970349677,4.78816208104052,646,6.350196812874177,4.99967967967968,2000,0.5088860000000001
10,2000,3,1,63,0.0,0.4896,492,6.092569970349677,4.78816208104052,633,6.341990387578786,5.000512512512513,2000,0.5037725
10,2000,3,1,64,0.0,0.5009,492,6.092569970349677,4.78816208104052,637,6.337398270615841,5.002448448448448,2000,0.509321
10,2000,3,1,65,0.0,0.4993,492,6.092569970349677,4.78816208104052,667,6.400166811009431,5.001123123123123,2000,0.5087825
10,2000,3,1,66,0.0,0.4926,492,6.092569970349677,4.78816208104052,644,6.35419934795412,4.999531531531532,2000,0.5062745
10,2000,3,1,67,0.0,0.5014,492,6.092569970349677,4.78816208104052,607,6.289353321258515,5.002374374374375,2000,0.5106660000000001
10,2000,3,1,68,0.0,0.49369999999999997,492,6.092569970349677,4.78816208104052,629,6.327240183413279,4.999797797797798,2000,0.5048135
10,2000,3,1,69,0.0,0.5031,492,6.092569970349677,4.78816208104052,653,6.371908478641845,4.999733733733733,2000,0.511633
10,2000,3,1,70,0.0,0.5006,492,6.092569970349677,4.78816208104052,647,6.369063780720758,5.0031711711711715,2000,0.508651
10,2000,3,1,71,0.0,0.5045,492,6.092569970349677,4.78816208104052,644,6.353167869002119,5.000658658658659,2000,0.5100865
10,2000,3,1,72,0.0,0.5045,492,6.092569970349677,4.78816208104052,622,6.317833801556745,4.998432432432432,2000,0.5104875
10,2000,3,1,73,0.0,0.4997,492,6.092569970349677,4.78816208104052,642,6.359726620333266,5.002264264264264,2000,0.507664
10,2000,3,1,74,0.0,0.4998,492,6.092569970349677,4.78816208104052,652,6.364312428024592,4.999483483483483,2000,0.5095265
10,2000,3,1,75,0.0,0.4919,492,6.092569970349677,4.78816208104052,642,6.343489008571057,4.9983843843843845,2000,0.5040330000000001
10,2000,3,1,76,0.0,0.5039,492,6.092569970349677,4.78816208104052,627,6.322922064596698,5.002624624624625,2000,0.5093
10,2000,3,1,77,0.0,0.501,492,6.092569970349677,4.78816208104052,651,6.37168002143958,4.998182182182182,2000,0.5087015
10,2000,3,1,78,0.0,0.5001,492,6.092569970349677,4.78816208104052,638,6.346813849473799,5.003053053053053,2000,0.5098625
10,2000,3,1,79,0.0,0.5035,492,6.092569970349677,4.78816208104052,648,6.355744878048462,5.000034034034034,2000,0.511004
10,2000,3,1,80,0.0,0.4977,492,6.092569970349677,4.78816208104052,651,6.370747753753184,5.002588588588589,2000,0.506362
10,2000,3,1,81,0.0,0.4975,492,6.092569970349677,4.78816208104052,632,6.334406421692761,5.000794794794794,2000,0.508694
10,2000,3,1,82,0.0,0.4966,492,6.092569970349677,4.78816208104052,625,6.32351111266769,4.99945945945946,2000,0.5057275
10,2000,3,1,83,0.0,0.49939999999999996,492,6.092569970349677,4.78816208104052,628,6.333221482467148,5.001145145145145,2000,0.5086805
10,2000,3,1,84,0.0,0.4913,492,6.092569970349677,4.78816208104052,627,6.318938420341912,4.998716716716717,2000,0.5058665
10,2000,3,1,85,0.0,0.49860000000000004,492,6.092569970349677,4.78816208104052,640,6.35592544038883,4.999115115115115,2000,0.507258
10,2000,3,1,86,0.0,0.4955,492,6.092569970349677,4.78816208104052,632,6.336682864337993,4.992814814814815,2000,0.507787
10,2000,3,1,87,0.0,0.4966,492,6.092569970349677,4.78816208104052,632,6.335585051646755,4.998194194194194,2000,0.508149
10,2000,3,1,88,0.0,0.497,492,6.092569970349677,4.78816208104052,650,6.361043693225344,4.9975775775775775,2000,0.5093255
10,2000,3,1,89,0.0,0.49629999999999996,492,6.092569970349677,4.78816208104052,640,6.342856321525945,5.0015755755755755,2000,0.5094059999999999
10,2000,3,1,90,0.0,0.4978,492,6.092569970349677,4.78816208104052,631,6.334015307215462,4.999543543543544,2000,0.5074455
10,2000,3,1,91,0.0,0.49810000000000004,492,6.092569970349677,4.78816208104052,640,6.353841644815196,4.99832032032032,2000,0.50997
10,2000,3,1,92,0.0,0.491,492,6.092569970349677,4.78816208104052,629,6.319716241994873,4.998598598598599,2000,0.5060505
10,2000,3,1,93,0.0,0.49460000000000004,492,6.092569970349677,4.78816208104052,635,6.337760381056404,5.00178978978979,2000,0.5075725
10,2000,3,1,94,0.0,0.49860000000000004,492,6.092569970349677,4.78816208104052,643,6.3495772411946145,5.000364364364365,2000,0.506818
10,2000,3,1,95,0.0,0.5005999999999999,492,6.092569970349677,4.78816208104052,640,6.350747163084699,5.000756756756757,2000,0.5081685
10,2000,3,1,96,0.0,0.4921,492,6.092569970349677,4.78816208104052,638,6.3462484819277485,4.999877877877878,2000,0.505955
10,2000,3,1,97,0.0,0.49939999999999996,492,6.092569970349677,4.78816208104052,635,6.335804311847594,5.00024024024024,2000,0.5087825
10,2000,3,1,98,0.0,0.5013,492,6.092569970349677,4.78816208104052,645,6.3498730178959395,4.996758758758759,2000,0.5124265
10,2000,3,1,99,0.0,0.5021,492,6.092569970349677,4.78816208104052,639,6.342744980654619,4.998940940940941,2000,0.50979
10,2000,3,2,0,0.0,0.4917,496,6.083077254399393,4.755134567283642,634,6.344155489352691,5.002192192192192,2000,0.5045040000000001
10,2000,3,2,1,0.0,0.4925,496,6.083077254399393,4.755134567283642,643,6.348419404035758,4.9998458458458455,2000,0.504132
10,2000,3,2,2,0.0,0.4955,496,6.083077254399393,4.755134567283642,642,6.361269262697803,5.0021001001001,2000,0.5040415
10,2000,3,2,3,0.0,0.48969999999999997,496,6.083077254399393,4.755134567283642,643,6.351243309161706,5.000858858858859,2000,0.5014299999999999
10,2000,3,2,4,0.0,0.49110000000000004,496,6.083077254399393,4.755134567283642,642,6.35602176392463,5.000262262262262,2000,0.5010205
10,2000,3,2,5,0.0,0.49339999999999995,496,6.083077254399393,4.755134567283642,647,6.3669707881457,5.000868868868869,2000,0.503656
10,2000,3,2,6,0.0,0.49319999999999997,496,6.083077254399393,4.755134567283642,631,6.338243411767863,5.000504504504504,2000,0.5039239999999999
10,2000,3,2,7,0.0,0.4977,496,6.083077254399393,4.755134567283642,613,6.300768456885537,5.0029569569569565,2000,0.5070365
10,2000,3,2,8,0.0,0.49360000000000004,496,6.083077254399393,4.755134567283642,635,6.341337893498361,5.001933933933934,2000,0.50388
10,2000,3,2,9,0.0,0.4915,496,6.083077254399393,4.755134567283642,632,6.338721652779538,5.000310310310311,2000,0.505548
10,2000,3,2,10,0.0,0.49570000000000003,496,6.083077254399393,4.755134567283642,641,6.3525245719231185,5.001683683683684,2000,0.5050095
10,2000,3,2,11,0.0,0.4948,496,6.083077254399393,4.755134567283642,649,6.366047717460726,4.998762762762762,2000,0.50721
10,2000,3,2,12,0.0,0.4983,496,6.083077254399393,4.755134567283642,634,6.338042056632356,4.999693693693693,2000,0.505374
10,2000,3,2,13,0.0,0.49760000000000004,496,6.083077254399393,4.755134567283642,640,6.3541814428887875,4.999811811811812,2000,0.506734
10,2000,3,2,14,0.0,0.4965,496,6.083077254399393,4.755134567283642,644,6.3555164208461985,4.998968968968969,2000,0.5061235
10,2000,3,2,15,0.0,0.49510000000000004,496,6.083077254399393,4.755134567283642,638,6.344197608754975,4.998496496496497,2000,0.507284
10,2000,3,2,16,0.0,0.491,496,6.083077254399393,4.755134567283642,629,6.331179806295799,5.001037037037037,2000,0.50489
10,2000,3,2,17,0.0,0.489,496,6.083077254399393,4.755134567283642,635,6.342297263251514,4.998202202202203,2000,0.501719
10,2000,3,2,18,0.0,0.4955,496,6.083077254399393,4.755134567283642,625,6.328025300097683,4.994320320320321,2000,0.5065515
10,2000,3,2,19,0.0,0.49210000000000004,496,6.083077254399393,4.755134567283642,629,6.336445210134306,5.001119119119119,2000,0.5037510000000001
10,2000,3,2,20,0.0,0.49389999999999995,496,6.083077254399393,4.755134567283642,635,6.34134660156227,5.00204004004004,2000,0.5058605
10,2000,3,2,21,0.0,0.49010000000000004,496,6.083077254399393,4.755134567283642,643,6.357789975761625,5.0015755755755755,2000,0.5014705
10,2000,3,2,22,0.0,0.498,496,6.083077254399393,4.755134567283642,623,6.316952850274056,5.000188188188188,2000,0.5083960000000001
10,2000,3,2,23,0.0,0.4908,496,6.083077254399393,4.755134567283642,643,6.349081095117606,4.997817817817817,2000,0.504665
10,2000,3,2,24,0.0,0.4904,496,6.083077254399393,4.755134567283642,638,6.351748652240138,5.000636636636637,2000,0.5024205
10,2000,3,2,25,0.0,0.49140000000000006,496,6.083077254399393,4.755134567283642,622,6.311852502502877,5.000432432432432,2000,0.500039
10,2000,3,2,26,0.0,0.49019999999999997,496,6.083077254399393,4.755134567283642,636,6.333179363064863,5.000204204204204,2000,0.501787
10,2000,3,2,27,0.0,0.49179999999999996,496,6.083077254399393,4.755134567283642,655,6.3714544519671215,5.000152152152152,2000,0.5039515
10,2000,3,2,28,0.0,0.4952,496,6.083077254399393,4.755134567283642,654,6.377138072349686,5.000520520520521,2000,0.503977
10,2000,3,2,29,0.0,0.4996,496,6.083077254399393,4.755134567283642,647,6.358541681107654,4.999503503503504,2000,0.5079389999999999
10,2000,3,2,30,0.0,0.49129999999999996,496,6.083077254399393,4.755134567283642,635,6.343527209609217,4.99946946946947,2000,0.5020235000000001
10,2000,3,2,31,0.0,0.4938,496,6.083077254399393,4.755134567283642,638,6.340423530877296,5.002042042042042,2000,0.5057745
10,2000,3,2,32,0.0,0.49610000000000004,496,6.083077254399393,4.755134567283642,649,6.36224653751629,5.003801801801802,2000,0.504058
10,2000,3,2,33,0.0,0.4889,496,6.083077254399393,4.755134567283642,634,6.347424224151938,5.000242242242242,2000,0.502464
10,2000,3,2,34,0.0,0.4915,496,6.083077254399393,4.755134567283642,653,6.367548240422979,4.999965965965966,2000,0.5035354999999999
10,2000,3,2,35,0.0,0.4909,496,6.083077254399393,4.755134567283642,653,6.374584743828286,4.999385385385385,2000,0.5020665
10,2000,3,2,36,0.0,0.4935,496,6.083077254399393,4.755134567283642,627,6.327859755092842,5.000542542542543,2000,0.501822
10,2000,3,2,37,0.0,0.4925,496,6.083077254399393,4.755134567283642,640,6.347809029357618,4.9981841841841845,2000,0.5046944999999999
10,2000,3,2,38,0.0,0.49560000000000004,496,6.083077254399393,4.755134567283642,636,6.337536713553925,4.999935935935936,2000,0.503741
10,2000,3,2,39,0.0,0.49479999999999996,496,6.083077254399393,4.755134567283642,650,6.36329303380382,5.000068068068068,2000,0.505676
10,2000,3,2,40,0.0,0.49589999999999995,496,6.083077254399393,4.755134567283642,637,6.346900976008173,5.000322322322322,2000,0.506089
10,2000,3,2,41,0.0,0.4867,496,6.083077254399393,4.755134567283642,629,6.331269820559978,4.9936956956956955,2000,0.501053
10,2000,3,2,42,0.0,0.48540000000000005,496,6.083077254399393,4.755134567283642,643,6.356875613140561,4.996368368368368,2000,0.49944949999999994
10,2000,3,2,43,0.0,0.4988,496,6.083077254399393,4.755134567283642,636,6.339698927598025,5.002602602602603,2000,0.5072515
10,2000,3,2,44,0.0,0.4888,496,6.083077254399393,4.755134567283642,641,6.357817077828383,4.998974974974975,2000,0.502663
10,2000,3,2,45,0.0,0.499,496,6.083077254399393,4.755134567283642,630,6.3332035774018145,5.002046046046046,2000,0.506159
10,2000,3,2,46,0.0,0.4932,496,6.083077254399393,4.755134567283642,622,6.3269274874064445,5.0016376376376375,2000,0.5038025
10,2000,3,2,47,0.0,0.5023,496,6.083077254399393,4.755134567283642,632,6.340589075882137,5.002620620620621,2000,0.507844
10,2000,3,2,48,0.0,0.48610000000000003,496,6.083077254399393,4.755134567283642,633,6.333038032396974,4.996674674674675,2000,0.5018065
10,2000,3,2,49,0.0,0.4977,496,6.083077254399393,4.755134567283642,640,6.348897645047433,5.0007107107107105,2000,0.5086959999999999
10,2000,3,2,50,0.0,0.4897,496,6.083077254399393,4.755134567283642,636,6.343728564744724,4.99962962962963,2000,0.502444
10,2000,3,2,51,0.0,0.4938,496,6.083077254399393,4.755134567283642,640,6.350789282486984,4.997877877877878,2000,0.5065230000000001
10,2000,3,2,52,0.0,0.4965,496,6.083077254399393,4.755134567283642,645,6.358941503648863,5.001667667667667,2000,0.5059735000000001
10,2000,3,2,53,0.0,0.4948,496,6.083077254399393,4.755134567283642,649,6.364381649493634,5.000248248248249,2000,0.5057564999999999
10,2000,3,2,54,0.0,0.4945,496,6.083077254399393,4.755134567283642,645,6.361314269829894,5.000910910910911,2000,0.505852
10,2000,3,2,55,0.0,0.478,496,6.083077254399393,4.755134567283642,637,6.34510566210442,4.993181181181181,2000,0.4980795
10,2000,3,2,56,0.0,0.49810000000000004,496,6.083077254399393,4.755134567283642,655,6.367244252480053,5.002424424424424,2000,0.506087
10,2000,3,2,57,0.0,0.495,496,6.083077254399393,4.755134567283642,639,6.354888141102726,5.001329329329329,2000,0.5047170000000001
10,2000,3,2,58,0.0,0.4913,496,6.083077254399393,4.755134567283642,640,6.346404829931165,5.001211211211211,2000,0.5026425
10,2000,3,2,59,0.0,0.4909,496,6.083077254399393,4.755134567283642,642,6.359386822259675,5.001591591591591,2000,0.5023805
10,2000,3,2,60,0.0,0.4905,496,6.083077254399393,4.755134567283642,655,6.380521035750065,5.000546546546547,2000,0.5022485
10,2000,3,2,61,0.0,0.4919,496,6.083077254399393,4.755134567283642,627,6.327170961944237,5.002400400400401,2000,0.503098
10,2000,3,2,62,0.0,0.49720000000000003,496,6.083077254399393,4.755134567283642,650,6.368878428680604,4.999671671671671,2000,0.5056085
10,2000,3,2,63,0.0,0.4947,496,6.083077254399393,4.755134567283642,628,6.328608572709065,5.001727727727728,2000,0.5063515
10,2000,3,2,64,0.0,0.49269999999999997,496,6.083077254399393,4.755134567283642,656,6.37151447643474,5.00208008008008,2000,0.5027445
10,2000,3,2,65,0.0,0.4949,496,6.083077254399393,4.755134567283642,654,6.368952439849432,5.002332332332332,2000,0.505344
10,2000,3,2,66,0.0,0.49260000000000004,496,6.083077254399393,4.755134567283642,628,6.327465752885738,5.000656656656656,2000,0.5024155
10,2000,3,2,67,0.0,0.4935,496,6.083077254399393,4.755134567283642,638,6.342742092924813,4.996998998998999,2000,0.506652
10,2000,3,2,68,0.0,0.48810000000000003,496,6.083077254399393,4.755134567283642,648,6.358836472049155,4.996626626626627,2000,0.5030645
10,2000,3,2,69,0.0,0.4857,496,6.083077254399393,4.755134567283642,632,6.333377830470566,4.998356356356356,2000,0.49907349999999995
10,2000,3,2,70,0.0,0.49410000000000004,496,6.083077254399393,4.755134567283642,629,6.323000979889473,5.002448448448448,2000,0.5046755
10,2000,3,2,71,0.0,0.49260000000000004,496,6.083077254399393,4.755134567283642,633,6.341295774096075,5.001657657657658,2000,0.5053445000000001
10,2000,3,2,72,0.0,0.4959,496,6.083077254399393,4.755134567283642,645,6.3696141309312795,5.002992992992993,2000,0.50579
10,2000,3,2,73,0.0,0.4929,496,6.083077254399393,4.755134567283642,647,6.363109583733646,5.002072072072072,2000,0.5033615
10,2000,3,2,74,0.0,0.49510000000000004,496,6.083077254399393,4.755134567283642,636,6.349063190052274,4.998472472472472,2000,0.507434
10,2000,3,2,75,0.0,0.4943,496,6.083077254399393,4.755134567283642,618,6.308015512427774,4.999557557557558,2000,0.503447
10,2000,3,2,76,0.0,0.4903,496,6.083077254399393,4.755134567283642,640,6.352262703382479,4.999785785785786,2000,0.5031905
10,2000,3,2,77,0.0,0.4932,496,6.083077254399393,4.755134567283642,637,6.347493445620979,5.001957957957958,2000,0.505073
10,2000,3,2,78,0.0,0.49260000000000004,496,6.083077254399393,4.755134567283642,639,6.356971936676359,5.00014014014014,2000,0.5063045
10,2000,3,2,79,0.0,0.48340000000000005,496,6.083077254399393,4.755134567283642,629,6.330109095671317,4.99604004004004,2000,0.49549699999999997
10,2000,3,2,80,0.0,0.49210000000000004,496,6.083077254399393,4.755134567283642,652,6.374085710021474,5.000822822822823,2000,0.5026815
10,2000,3,2,81,0.0,0.49639999999999995,496,6.083077254399393,4.755134567283642,645,6.359979291872483,5.000976976976977,2000,0.5043555
10,2000,3,2,82,0.0,0.49820000000000003,496,6.083077254399393,4.755134567283642,656,6.376100284126066,5.00198998998999,2000,0.505765
10,2000,3,2,83,0.0,0.4984,496,6.083077254399393,4.755134567283642,650,6.363764965543876,5.00217017017017,2000,0.5055565000000001
10,2000,3,2,84,0.0,0.4978,496,6.083077254399393,4.755134567283642,640,6.3569269295442705,5.000984984984985,2000,0.5065354999999999
10,2000,3,2,85,0.0,0.4897,496,6.083077254399393,4.755134567283642,649,6.36606562252606,5.0001141141141145,2000,0.502847
10,2000,3,2,86,0.0,0.49360000000000004,496,6.083077254399393,4.755134567283642,635,6.3462906013300335,5.001993993993994,2000,0.5039445
10,2000,3,2,87,0.0,0.4894,496,6.083077254399393,4.755134567283642,642,6.345087757039087,4.999051051051051,2000,0.5019015
10,2000,3,2,88,0.0,0.49560000000000004,496,6.083077254399393,4.755134567283642,646,6.363876306415203,5.000748748748749,2000,0.5059355
10,2000,3,2,89,0.0,0.4924,496,6.083077254399393,4.755134567283642,640,6.353264192537918,5.000024024024024,2000,0.5054740000000001
10,2000,3,2,90,0.0,0.49589999999999995,496,6.083077254399393,4.755134567283642,623,6.319689139928116,5.001911911911912,2000,0.50509
10,2000,3,2,91,0.0,0.494,496,6.083077254399393,4.755134567283642,621,6.314038930883928,5.00213013013013,2000,0.503621
10,2000,3,2,92,0.0,0.4868,496,6.083077254399393,4.755134567283642,641,6.34982991273383,4.995371371371371,2000,0.500928
10,2000,3,2,93,0.0,0.4937,496,6.083077254399393,4.755134567283642,625,6.3193314367891915,4.999553553553554,2000,0.5022245000000001
10,2000,3,2,94,0.0,0.486,496,6.083077254399393,4.755134567283642,639,6.337747265690855,4.999167167167167,2000,0.5012355000000001
10,2000,3,2,95,0.0,0.4895,496,6.083077254399393,4.755134567283642,633,6.343081890998405,4.998472472472472,2000,0.5025164999999999
10,2000,3,2,96,0.0,0.4938,496,6.083077254399393,4.755134567283642,643,6.3569269295442705,5.00227027027027,2000,0.5047635
10,2000,3,2,97,0.0,0.4932,496,6.083077254399393,4.755134567283642,631,6.33467699829731,5.0002562562562565,2000,0.5041875
10,2000,3,2,98,0.0,0.492,496,6.083077254399393,4.755134567283642,643,6.3529093771288,5.001417417417417,2000,0.502595
10,2000,3,2,99,0.0,0.497,496,6.083077254399393,4.755134567283642,645,6.355838313854456,5.002538538538539,2000,0.5058339999999999
10,2000,3,3,0,0.0,0.5066,494,6.0951932993722275,4.7642886443221615,648,6.363310938869153,4.99957957957958,2000,0.5103175
10,2000,3,3,1,0.0,0.5075,494,6.0951932993722275,4.7642886443221615,648,6.3597445253986,5.001531531531532,2000,0.5107585
10,2000,3,3,2,0.0,0.5052000000000001,494,6.0951932993722275,4.7642886443221615,644,6.351261214227041,4.999795795795796,2000,0.512273
10,2000,3,3,3,0.0,0.5064000000000001,494,6.0951932993722275,4.7642886443221615,631,6.331853093171361,5.002406406406406,2000,0.5105805
10,2000,3,3,4,0.0,0.49760000000000004,494,6.0951932993722275,4.7642886443221615,647,6.360929464624213,5.003895895895896,2000,0.5064975
10,2000,3,3,5,0.0,0.4958,494,6.0951932993722275,4.7642886443221615,642,6.3531349466012585,4.999359359359359,2000,0.5055645
10,2000,3,3,6,0.0,0.5009,494,6.0951932993722275,4.7642886443221615,641,6.338670336375829,5.000718718718718,2000,0.5095325
10,2000,3,3,7,0.0,0.5011,494,6.0951932993722275,4.7642886443221615,635,6.3452019856402195,5.0029169169169165,2000,0.5091195000000001
10,2000,3,3,8,0.0,0.501,494,6.0951932993722275,4.7642886443221615,639,6.344582413960656,5.003871871871872,2000,0.507399
10,2000,3,3,9,0.0,0.499,494,6.0951932993722275,4.7642886443221615,641,6.353588973275981,4.998962962962963,2000,0.5077405
10,2000,3,3,10,0.0,0.5063,494,6.0951932993722275,4.7642886443221615,645,6.352725927058625,5.002360360360361,2000,0.511892
10,2000,3,3,11,0.0,0.5053,494,6.0951932993722275,4.7642886443221615,638,6.347111528145104,4.999585585585586,2000,0.510657
10,2000,3,3,12,0.0,0.5039,494,6.0951932993722275,4.7642886443221615,647,6.358559586172987,4.997503503503504,2000,0.5086725
10,2000,3,3,13,0.0,0.5038,494,6.0951932993722275,4.7642886443221615,642,6.36052044508158,5.002198198198198,2000,0.5102375
10,2000,3,3,14,0.0,0.5041,494,6.0951932993722275,4.7642886443221615,624,6.32540905937886,5.000242242242242,2000,0.5093875
10,2000,3,3,15,0.0,0.49760000000000004,494,6.0951932993722275,4.7642886443221615,637,6.346221379860991,5.000252252252253,2000,0.5073665
10,2000,3,3,16,0.0,0.4988,494,6.0951932993722275,4.7642886443221615,634,6.34177401510775,5.000092092092092,2000,0.509462
10,2000,3,3,17,0.0,0.49639999999999995,494,6.0951932993722275,4.7642886443221615,645,6.352394837048944,5.00016016016016,2000,0.506958
10,2000,3,3,18,0.0,0.5047,494,6.0951932993722275,4.7642886443221615,643,6.3598829683366835,5.002276276276277,2000,0.5108165
10,2000,3,3,19,0.0,0.5021,494,6.0951932993722275,4.7642886443221615,652,6.373860140549015,4.998928928928929,2000,0.50765
10,2000,3,3,20,0.0,0.5017,494,6.0951932993722275,4.7642886443221615,643,6.35636156199822,5.002580580580581,2000,0.5085525
10,2000,3,3,21,0.0,0.5009,494,6.0951932993722275,4.7642886443221615,648,6.361768296504615,5.000406406406406,2000,0.5079265000000001
10,2000,3,3,22,0.0,0.5028,494,6.0951932993722275,4.7642886443221615,639,6.3421496233120065,5.000444444444445,2000,0.508838
10,2000,3,3,23,0.0,0.5061,494,6.0951932993722275,4.7642886443221615,633,6.330536020279283,5.0016556556556555,2000,0.5104650000000001
10,2000,3,3,24,0.0,0.4997,494,6.0951932993722275,4.7642886443221615,649,6.359491853859383,5.001527527527528,2000,0.5069355000000001
10,2000,3,3,25,0.0,0.5068,494,6.0951932993722275,4.7642886443221615,623,6.315058325104702,4.9998638638638635,2000,0.509908
10,2000,3,3,26,0.0,0.503,494,6.0951932993722275,4.7642886443221615,641,6.356701360071812,5.002206206206206,2000,0.5102315000000001
10,2000,3,3,27,0.0,0.4985,494,6.0951932993722275,4.7642886443221615,653,6.373222663804118,4.998612612612613,2000,0.5061395
10,2000,3,3,28,0.0,0.502,494,6.0951932993722275,4.7642886443221615,625,6.322585154252911,5.001661661661662,2000,0.5076265
10,2000,3,3,29,0.0,0.499,494,6.0951932993722275,4.7642886443221615,630,6.334511453292469,5.001737737737738,2000,0.506589
10,2000,3,3,30,0.0,0.4995,494,6.0951932993722275,4.7642886443221615,635,6.34320531660096,5.000774774774775,2000,0.507085
10,2000,3,3,31,0.0,0.5034000000000001,494,6.0951932993722275,4.7642886443221615,637,6.336787895937702,5.000560560560561,2000,0.509648
10,2000,3,3,32,0.0,0.5022,494,6.0951932993722275,4.7642886443221615,636,6.3501096863398026,5.000568568568569,2000,0.5091035
10,2000,3,3,33,0.0,0.4937,494,6.0951932993722275,4.7642886443221615,636,6.348001676429216,5.001187187187187,2000,0.5042745
10,2000,3,3,34,0.0,0.5026,494,6.0951932993722275,4.7642886443221615,639,6.3459178808555805,5.00223023023023,2000,0.5093345
10,2000,3,3,35,0.0,0.49910000000000004,494,6.0951932993722275,4.7642886443221615,635,6.346684603537138,5.000638638638638,2000,0.5066685
10,2000,3,3,36,0.0,0.5037,494,6.0951932993722275,4.7642886443221615,624,6.320675611748028,5.00242042042042,2000,0.5097915000000001
10,2000,3,3,37,0.0,0.5044000000000001,494,6.0951932993722275,4.7642886443221615,639,6.34151214656711,4.9985625625625625,2000,0.5097065
10,2000,3,3,38,0.0,0.5044,494,6.0951932993722275,4.7642886443221615,655,6.375796785120656,5.003751751751752,2000,0.510702
10,2000,3,3,39,0.0,0.5035,494,6.0951932993722275,4.7642886443221615,633,6.335672178181129,5.000838838838839,2000,0.5093274999999999
10,2000,3,3,40,0.0,0.4962,494,6.0951932993722275,4.7642886443221615,628,6.323393996336754,5.00146946946947,2000,0.506642
10,2000,3,3,41,0.0,0.5036,494,6.0951932993722275,4.7642886443221615,626,6.323700872009482,5.002438438438438,2000,0.5086695
10,2000,3,3,42,0.0,0.5042,494,6.0951932993722275,4.7642886443221615,633,6.344609516027413,5.000428428428428,2000,0.509404
10,2000,3,3,43,0.0,0.49689999999999995,494,6.0951932993722275,4.7642886443221615,647,6.3633801603381945,4.998920920920921,2000,0.506065
10,2000,3,3,44,0.0,0.5017,494,6.0951932993722275,4.7642886443221615,642,6.355297160645358,5.001543543543543,2000,0.5066235
10,2000,3,3,45,0.0,0.5011,494,6.0951932993722275,4.7642886443221615,643,6.344693754831983,5.002504504504505,2000,0.5066345
10,2000,3,3,46,0.0,0.49960000000000004,494,6.0951932993722275,4.7642886443221615,632,6.336039078321478,4.9995075075075075,2000,0.5075605
10,2000,3,3,47,0.0,0.5029,494,6.0951932993722275,4.7642886443221615,609,6.297926646694254,5.002884884884885,2000,0.5099355000000001
10,2000,3,3,48,0.0,0.5022000000000001,494,6.0951932993722275,4.7642886443221615,639,6.346179260458706,5.000980980980981,2000,0.5088635
10,2000,3,3,49,0.0,0.4995,494,6.0951932993722275,4.7642886443221615,627,6.325486988911811,5.001207207207207,2000,0.5073585
10,2000,3,3,50,0.0,0.49810000000000004,494,6.0951932993722275,4.7642886443221615,644,6.357425963351082,4.997583583583584,2000,0.5076625
10,2000,3,3,51,0.0,0.499,494,6.0951932993722275,4.7642886443221615,635,6.340658297351179,5.000744744744745,2000,0.506243
10,2000,3,3,52,0.0,0.5003,494,6.0951932993722275,4.7642886443221615,651,6.367253449481477,5.002184184184184,2000,0.5060935
10,2000,3,3,53,0.0,0.5021,494,6.0951932993722275,4.7642886443221615,636,6.343605139142169,5.001843843843844,2000,0.508696
10,2000,3,3,54,0.0,0.5033,494,6.0951932993722275,4.7642886443221615,632,6.3398373705361095,5.002660660660661,2000,0.507681
10,2000,3,3,55,0.0,0.5046,494,6.0951932993722275,4.7642886443221615,646,6.358565895444605,5.002182182182183,2000,0.5084665
10,2000,3,3,56,0.0,0.49970000000000003,494,6.0951932993722275,4.7642886443221615,648,6.36052044508158,5.0011391391391395,2000,0.508619
10,2000,3,3,57,0.0,0.5021,494,6.0951932993722275,4.7642886443221615,628,6.321075434289236,5.002232232232232,2000,0.508245
10,2000,3,3,58,0.0,0.5,494,6.0951932993722275,4.7642886443221615,642,6.3544699245586695,5.001453453453453,2000,0.506521
10,2000,3,3,59,0.0,0.49989999999999996,494,6.0951932993722275,4.7642886443221615,647,6.356860595805032,5.002396396396397,2000,0.5073435000000001
10,2000,3,3,60,0.0,0.5018,494,6.0951932993722275,4.7642886443221615,633,6.341521343568534,5.000188188188188,2000,0.5085905000000001
10,2000,3,3,61,0.0,0.5061,494,6.0951932993722275,4.7642886443221615,625,6.318808188645428,4.998828828828829,2000,0.5109220000000001
10,2000,3,3,62,0.0,0.504,494,6.0951932993722275,4.7642886443221615,636,6.344604726327628,4.99786986986987,2000,0.5099104999999999
10,2000,3,3,63,0.0,0.507,494,6.0951932993722275,4.7642886443221615,645,6.352969401596416,5.001665665665666,2000,0.5106029999999999
10,2000,3,3,64,0.0,0.5037,494,6.0951932993722275,4.7642886443221615,648,6.360015102003148,5.000454454454454,2000,0.509574
10,2000,3,3,65,0.0,0.4997,494,6.0951932993722275,4.7642886443221615,637,6.346744628004756,5.003257257257257,2000,0.5087315
10,2000,3,3,66,0.0,0.4923,494,6.0951932993722275,4.7642886443221615,636,6.342672871455772,4.999237237237237,2000,0.5053475
10,2000,3,3,67,0.0,0.5124000000000001,494,6.0951932993722275,4.7642886443221615,636,6.342585744921396,4.999751751751751,2000,0.5134735
10,2000,3,3,68,0.0,0.5024,494,6.0951932993722275,4.7642886443221615,642,6.350605832416811,5.003547547547548,2000,0.5093995000000001
10,2000,3,3,69,0.0,0.5027,494,6.0951932993722275,4.7642886443221615,636,6.340859652486685,4.999873873873874,2000,0.5098360000000001
10,2000,3,3,70,0.0,0.5006,494,6.0951932993722275,4.7642886443221615,636,6.341608470102909,5.002674674674675,2000,0.5096189999999999
10,2000,3,3,71,0.0,0.5021,494,6.0951932993722275,4.7642886443221615,626,6.324876614233672,5.00193993993994,2000,0.5075885
10,2000,3,3,72,0.0,0.49310000000000004,494,6.0951932993722275,4.7642886443221615,630,6.329787202663059,5.0004704704704706,2000,0.5020765
10,2000,3,3,73,0.0,0.5062,494,6.0951932993722275,4.7642886443221615,658,6.380617359285864,5.001029029029029,2000,0.5086065000000001
10,2000,3,3,74,0.0,0.5033,494,6.0951932993722275,4.7642886443221615,643,6.361975960911742,4.998832832832833,2000,0.510896
10,2000,3,3,75,0.0,0.5016,494,6.0951932993722275,4.7642886443221615,638,6.339831061264491,5.002806806806807,2000,0.5087805
10,2000,3,3,76,0.0,0.4993,494,6.0951932993722275,4.7642886443221615,631,6.328172451099676,5.002056056056056,2000,0.506685
10,2000,3,3,77,0.0,0.5006,494,6.0951932993722275,4.7642886443221615,644,6.355558540248483,5.002878878878879,2000,0.5082815
10,2000,3,3,78,0.0,0.5,494,6.0951932993722275,4.7642886443221615,633,6.3416084701029085,5.00142942942943,2000,0.508267
10,2000,3,3,79,0.0,0.4999,494,6.0951932993722275,4.7642886443221615,637,6.34982991273383,4.999833833833834,2000,0.5081915
10,2000,3,3,80,0.0,0.5007,494,6.0951932993722275,4.7642886443221615,641,6.342278869248667,5.002996996996997,2000,0.5062555
10,2000,3,3,81,0.0,0.5012,494,6.0951932993722275,4.7642886443221615,630,6.330788691818499,5.00331931931932,2000,0.5082355
10,2000,3,3,82,0.0,0.49889999999999995,494,6.0951932993722275,4.7642886443221615,640,6.34926454518778,4.996950950950951,2000,0.5045810000000001
10,2000,3,3,83,0.0,0.5035999999999999,494,6.0951932993722275,4.7642886443221615,645,6.358680124045737,5.000224224224224,2000,0.51121
10,2000,3,3,84,0.0,0.4965,494,6.0951932993722275,4.7642886443221615,638,6.3430397715961195,5.001327327327328,2000,0.5073690000000001
10,2000,3,3,85,0.0,0.496,494,6.0951932993722275,4.7642886443221615,626,6.3217821325031744,4.998882882882883,2000,0.5061454999999999
10,2000,3,3,86,0.0,0.4988,494,6.0951932993722275,4.7642886443221615,624,6.32879202277924,4.999519519519519,2000,0.506439
10,2000,3,3,87,0.0,0.5023,494,6.0951932993722275,4.7642886443221615,637,6.3511411652918035,5.001647647647648,2000,0.5081695
10,2000,3,3,88,0.0,0.4979,494,6.0951932993722275,4.7642886443221615,635,6.341016000490103,4.999733733733733,2000,0.5029750000000001
10,2000,3,3,89,0.0,0.5072,494,6.0951932993722275,4.7642886443221615,651,6.375246434910134,5.001449449449449,2000,0.5094805
10,2000,3,3,90,0.0,0.5039,494,6.0951932993722275,4.7642886443221615,636,6.340988898423346,5.002788788788789,2000,0.5107965
10,2000,3,3,91,0.0,0.5037,494,6.0951932993722275,4.7642886443221615,632,6.3290625993837875,5.003305305305306,2000,0.50935
10,2000,3,3,92,0.0,0.4985,494,6.0951932993722275,4.7642886443221615,636,6.343650146274259,5.000358358358358,2000,0.5074685
10,2000,3,3,93,0.0,0.5017,494,6.0951932993722275,4.7642886443221615,637,6.35038026294435,5.002328328328328,2000,0.507932
10,2000,3,3,94,0.0,0.5043,494,6.0951932993722275,4.7642886443221615,632,6.337588029957634,5.00167967967968,2000,0.5101275
10,2000,3,3,95,0.0,0.5008,494,6.0951932993722275,4.7642886443221615,636,6.341695596637284,4.999883883883884,2000,0.50851
10,2000,3,3,96,0.0,0.5013,494,6.0951932993722275,4.7642886443221615,647,6.366841542209039,5.001687687687688,2000,0.5092315
10,2000,3,3,97,0.0,0.49970000000000003,494,6.0951932993722275,4.7642886443221615,640,6.3465098615308735,5.002184184184184,2000,0.5093225
10,2000,3,3,98,0.0,0.5042000000000001,494,6.0951932993722275,4.7642886443221615,647,6.3640689534868,5.002262262262263,2000,0.5096035
10,2000,3,3,99,0.0,0.49839999999999995,494,6.0951932993722275,4.7642886443221615,638,6.354539146027711,5.003279279279279,2000,0.506505
10,2000,8,1,0,0.0,0.5001,873,6.630874981831158,4.999981490745372,654,6.379276072056834,5.002428428428429,2000,0.007898500000000001
10,2000,8,1,1,0.0,0.5053,873,6.630874981831158,4.999981490745372,644,6.357904204362757,4.9991691691691695,1997,0.007862000000000001
10,2000,8,1,2,0.0,0.49910000000000004,873,6.630874981831158,4.999981490745372,645,6.359221277254836,5.003145145145145,2000,0.007827
10,2000,8,1,3,0.0,0.501,873,6.630874981831158,4.999981490745372,635,6.3365173193331525,5.0001361361361365,2000,0.007878
10,2000,8,1,4,0.0,0.5006,873,6.630874981831158,4.999981490745372,645,6.355880433256741,5.00062062062062,2000,0.007909000000000001
10,2000,8,1,5,0.0,0.4992,873,6.630874981831158,4.999981490745372,629,6.3318709982366945,5.002374374374375,2000,0.007798500000000001
10,2000,8,1,6,0.0,0.5076,873,6.630874981831158,4.999981490745372,654,6.367818817027526,5.001353353353354,2000,0.007885000000000001
10,2000,8,1,7,0.0,0.5061,873,6.630874981831158,4.999981490745372,649,6.366955770810171,4.999201201201201,2000,0.00793
10,2000,8,1,8,0.0,0.5002000000000001,873,6.630874981831158,4.999981490745372,611,6.303829527277658,5.001289289289289,2000,0.007891
10,2000,8,1,9,0.0,0.5023,873,6.630874981831158,4.999981490745372,643,6.357380956218993,4.997551551551552,2000,0.007826000000000001
10,2000,8,1,10,0.0,0.5042,873,6.630874981831158,4.999981490745372,649,6.359858753999732,5.001141141141141,2000,0.007918000000000001
10,2000,8,1,11,0.0,0.5029,873,6.630874981831158,4.999981490745372,636,6.32819035616501,5.001415415415416,2000,0.00786
10,2000,8,1,12,0.0,0.49810000000000004,873,6.630874981831158,4.999981490745372,643,6.352289805449235,5.001687687687688,2000,0.0078085
10,2000,8,1,13,0.0,0.5016,873,6.630874981831158,4.999981490745372,636,6.343403784006662,5.002478478478478,1999,0.007945500000000001
10,2000,8,1,14,0.0,0.5007999999999999,873,6.630874981831158,4.999981490745372,645,6.34783324369457,5.001225225225225,2000,0.0078165
10,2000,8,1,15,0.0,0.5011,873,6.630874981831158,4.999981490745372,643,6.362568430524548,4.998472472472472,2000,0.0078155
10,2000,8,1,16,0.0,0.5065,873,6.630874981831158,4.999981490745372,646,6.358592997511362,5.0007107107107105,2000,0.007865
10,2000,8,1,17,0.0,0.5063,873,6.630874981831158,4.999981490745372,642,6.349081095117606,5.001435435435435,2000,0.0078845
10,2000,8,1,18,0.0,0.5027999999999999,873,6.630874981831158,4.999981490745372,624,6.312503094613321,5.000704704704705,2000,0.007924
10,2000,8,1,19,0.0,0.5096999999999999,873,6.630874981831158,4.999981490745372,635,6.342360175448938,4.999237237237237,2000,0.0078765
10,2000,8,1,20,0.0,0.5031,873,6.630874981831158,4.999981490745372,634,6.341861141642125,5.002172172172172,2000,0.0078905
10,2000,8,1,21,0.0,0.5023,873,6.630874981831158,4.999981490745372,644,6.352316907515993,5.000626626626627,2000,0.0079305
10,2000,8,1,22,0.0,0.5002000000000001,873,6.630874981831158,4.999981490745372,629,6.3264642637302995,4.997277277277277,2000,0.007843
10,2000,8,1,23,0.0,0.49970000000000003,873,6.630874981831158,4.999981490745372,636,6.343238239001821,5.000406406406406,2000,0.007775000000000001
10,2000,8,1,24,0.0,0.502,873,6.630874981831158,4.999981490745372,645,6.352151362511152,4.996376376376376,1995,0.0078245
10,2000,8,1,25,0.0,0.49970000000000003,873,6.630874981831158,4.999981490745372,637,6.340919676954304,4.999993993993994,2000,0.007901
10,2000,8,1,26,0.0,0.5024,873,6.630874981831158,4.999981490745372,644,6.353658194745022,5.000780780780781,2000,0.0078705
10,2000,8,1,27,0.0,0.49589999999999995,873,6.630874981831158,4.999981490745372,632,6.33744958701955,4.999145145145145,2000,0.007801500000000001
10,2000,8,1,28,0.0,0.5008,873,6.630874981831158,4.999981490745372,638,6.343572216741308,5.001857857857858,1997,0.007932
10,2000,8,1,29,0.0,0.49829999999999997,873,6.630874981831158,4.999981490745372,648,6.364471663757814,5.001547547547547,2000,0.0077515
10,2000,8,1,30,0.0,0.5007,873,6.630874981831158,4.999981490745372,640,6.3390101344494205,4.998736736736737,2000,0.0078695
10,2000,8,1,31,0.0,0.49770000000000003,873,6.630874981831158,4.999981490745372,631,6.317845014952313,5.002784784784785,2000,0.007872
10,2000,8,1,32,0.0,0.5037,873,6.630874981831158,4.999981490745372,621,6.3125834150537665,5.003733733733734,1995,0.007836000000000001
10,2000,8,1,33,0.0,0.5026,873,6.630874981831158,4.999981490745372,616,6.307997607362441,5.002142142142142,2000,0.007862500000000001
10,2000,8,1,34,0.0,0.49970000000000003,873,6.630874981831158,4.999981490745372,632,6.33268032925805,5.0014194194194195,2000,0.007831000000000001
10,2000,8,1,35,0.0,0.49489999999999995,873,6.630874981831158,4.999981490745372,626,6.315389911936693,4.99761961961962,2000,0.007742000000000001
10,2000,8,1,36,0.0,0.5063,873,6.630874981831158,4.999981490745372,653,6.376659831338011,5.002416416416416,2000,0.007923000000000001
10,2000,8,1,37,0.0,0.49710000000000004,873,6.630874981831158,4.999981490745372,640,6.351426759231881,5.00348948948949,2000,0.007846500000000001
10,2000,8,1,38,0.0,0.5024,873,6.630874981831158,4.999981490745372,628,6.33129403489693,5.000016016016016,2000,0.007875
10,2000,8,1,39,0.0,0.5,873,6.630874981831158,4.999981490745372,649,6.358812257712202,5.003075075075075,2000,0.007858500000000001
10,2000,8,1,40,0.0,0.504,873,6.630874981831158,4.999981490745372,643,6.352698824991868,5.00158958958959,1995,0.007883000000000001
10,2000,8,1,41,0.0,0.49839999999999995,873,6.630874981831158,4.999981490745372,642,6.353658194745023,5.001253253253253,2000,0.007888000000000001
10,2000,8,1,42,0.0,0.5039,873,6.630874981831158,4.999981490745372,623,6.315226757839346,5.000690690690691,2000,0.007873
10,2000,8,1,43,0.0,0.4965,873,6.630874981831158,4.999981490745372,648,6.360565452213669,5.002592592592593,2000,0.007812
10,2000,8,1,44,0.0,0.4998,873,6.630874981831158,4.999981490745372,657,6.382274230251532,4.998750750750751,2000,0.007911
10,2000,8,1,45,0.0,0.5087999999999999,873,6.630874981831158,4.999981490745372,631,6.334222971622587,4.998534534534534,2000,0.007932
10,2000,8,1,46,0.0,0.49839999999999995,873,6.630874981831158,4.999981490745372,646,6.354836824699017,4.999607607607608,2000,0.00791
10,2000,8,1,47,0.0,0.5017999999999999,873,6.630874981831158,4.999981490745372,645,6.360791021686128,5.00138938938939,2000,0.0078435
10,2000,8,1,48,0.0,0.5014,873,6.630874981831158,4.999981490745372,645,6.356099693457581,5.002646646646647,2000,0.0079295
10,2000,8,1,49,0.0,0.5002000000000001,873,6.630874981831158,4.999981490745372,641,6.350248129277887,5.003459459459459,2000,0.0078045
10,2000,8,1,50,0.0,0.5012000000000001,873,6.630874981831158,4.999981490745372,640,6.345794455253026,5.000952952952953,2000,0.007798500000000001
10,2000,8,1,51,0.0,0.49489999999999995,873,6.630874981831158,4.999981490745372,623,6.314468743221699,4.999473473473474,2000,0.007834
10,2000,8,1,52,0.0,0.5074,873,6.630874981831158,4.999981490745372,635,6.339088552919885,5.001221221221221,1999,0.0078515
10,2000,8,1,53,0.0,0.5003,873,6.630874981831158,4.999981490745372,635,6.346726722939423,5.001247247247247,2000,0.007926
10,2000,8,1,54,0.0,0.4937,873,6.630874981831158,4.999981490745372,640,6.345132764171177,5.001375375375376,1997,0.00783
10,2000,8,1,55,0.0,0.49560000000000004,873,6.630874981831158,4.999981490745372,625,6.310030086532366,5.00367967967968,2000,0.007791
10,2000,8,1,56,0.0,0.5009,873,6.630874981831158,4.999981490745372,648,6.364017637083092,5.00208008008008,2000,0.007836500000000001
10,2000,8,1,57,0.0,0.49970000000000003,873,6.630874981831158,4.999981490745372,658,6.378271695171589,5.002136136136136,2000,0.007874
10,2000,8,1,58,0.0,0.5024,873,6.630874981831158,4.999981490745372,634,6.337807290158473,5.003571571571571,2000,0.007820500000000001
10,2000,8,1,59,0.0,0.502,873,6.630874981831158,4.999981490745372,639,6.34964064232955,5.002042042042042,2000,0.0079265
10,2000,8,1,60,0.0,0.5055,873,6.630874981831158,4.999981490745372,639,6.345427555112678,4.999445445445446,2000,0.00793
10,2000,8,1,61,0.0,0.5,873,6.630874981831158,4.999981490745372,625,6.320952497624194,5.00263063063063,2000,0.007897
10,2000,8,1,62,0.0,0.5029,873,6.630874981831158,4.999981490745372,637,6.341154443428186,5.003589589589589,2000,0.0078775
10,2000,8,1,63,0.0,0.4982,873,6.630874981831158,4.999981490745372,637,6.343421689071995,5.00196996996997,2000,0.007852
10,2000,8,1,64,0.0,0.49710000000000004,873,6.630874981831158,4.999981490745372,632,6.335311587312402,5.002716716716717,1999,0.0079565
10,2000,8,1,65,0.0,0.5052,873,6.630874981831158,4.999981490745372,636,6.341861141642125,5.001125125125125,2000,0.007865
10,2000,8,1,66,0.0,0.5019,873,6.630874981831158,4.999981490745372,640,6.3489939685832315,5.0029569569569565,2000,0.007879
10,2000,8,1,67,0.0,0.5019,873,6.630874981831158,4.999981490745372,644,6.3517394552387145,4.9975155155155155,2000,0.0078615
10,2000,8,1,68,0.0,0.49970000000000003,873,6.630874981831158,4.999981490745372,643,6.350014348563828,5.0009469469469465,2000,0.0078085
10,2000,8,1,69,0.0,0.501,873,6.630874981831158,4.999981490745372,638,6.342654966390439,5.001721721721721,1999,0.007892
10,2000,8,1,70,0.0,0.49610000000000004,873,6.630874981831158,4.999981490745372,631,6.321400215027299,5.000998998998999,2000,0.0079
10,2000,8,1,71,0.0,0.49579999999999996,873,6.630874981831158,4.999981490745372,642,6.347607674222111,5.000592592592593,1999,0.007909500000000002
10,2000,8,1,72,0.0,0.49979999999999997,873,6.630874981831158,4.999981490745372,637,6.343421689071995,5.0017177177177174,2000,0.007949999999999999
10,2000,8,1,73,0.0,0.49860000000000004,873,6.630874981831158,4.999981490745372,622,6.3177016678902795,5.002286286286286,2000,0.007851
10,2000,8,1,74,0.0,0.49879999999999997,873,6.630874981831158,4.999981490745372,634,6.343656455545878,5.002986986986987,2000,0.007829500000000001
10,2000,8,1,75,0.0,0.49920000000000003,873,6.630874981831158,4.999981490745372,632,6.330421791678152,5.000068068068068,2000,0.007875
10,2000,8,1,76,0.0,0.5004,873,6.630874981831158,4.999981490745372,645,6.347634776288869,5.00184984984985,2000,0.007807000000000001
10,2000,8,1,77,0.0,0.5001,873,6.630874981831158,4.999981490745372,636,6.3335341784739825,5.002428428428429,2000,0.007938500000000001
10,2000,8,1,78,0.0,0.5073,873,6.630874981831158,4.999981490745372,637,6.340396428810539,4.99986986986987,2000,0.0077905
10,2000,8,1,79,0.0,0.49610000000000004,873,6.630874981831158,4.999981490745372,639,6.344242615887065,5.000266266266267,2000,0.0078025
10,2000,8,1,80,0.0,0.49579999999999996,873,6.630874981831158,4.999981490745372,639,6.348723391978682,5.001893893893894,2000,0.007836000000000001
10,2000,8,1,81,0.0,0.499,873,6.630874981831158,4.999981490745372,638,6.348497822506223,5.001013013013013,2000,0.007858500000000001
10,2000,8,1,82,0.0,0.4988,873,6.630874981831158,4.999981490745372,623,6.319642230826046,5.001365365365365,2000,0.0078925
10,2000,8,1,83,0.0,0.5081,873,6.630874981831158,4.999981490745372,646,6.360267773542365,5.001571571571572,2000,0.007878000000000001
10,2000,8,1,84,0.0,0.49629999999999996,873,6.630874981831158,4.999981490745372,631,6.327327309947654,4.999553553553554,1997,0.007909000000000001
10,2000,8,1,85,0.0,0.499,873,6.630874981831158,4.999981490745372,632,6.334902567769769,4.999751751751751,2000,0.0078685
10,2000,8,1,86,0.0,0.49520000000000003,873,6.630874981831158,4.999981490745372,651,6.366606775735157,4.999655655655656,2000,0.0078085
10,2000,8,1,87,0.0,0.4995,873,6.630874981831158,4.999981490745372,643,6.3536068783413135,5.0008668668668665,2000,0.007855000000000001
10,2000,8,1,88,0.0,0.5017,873,6.630874981831158,4.999981490745372,642,6.352864369996709,4.99966966966967,1997,0.007839
10,2000,8,1,89,0.0,0.5069,873,6.630874981831158,4.999981490745372,644,6.35263880052425,4.9958258258258255,2000,0.0079035
10,2000,8,1,90,0.0,0.506,873,6.630874981831158,4.999981490745372,644,6.359900873402017,5.002442442442442,2000,0.007965
10,2000,8,1,91,0.0,0.5021,873,6.630874981831158,4.999981490745372,638,6.3481309223658755,5.001663663663663,2000,0.007845500000000002
10,2000,8,1,92,0.0,0.4973,873,6.630874981831158,4.999981490745372,633,6.332881684393557,4.99824024024024,2000,0.007916500000000002
10,2000,8,1,93,0.0,0.49710000000000004,873,6.630874981831158,4.999981490745372,642,6.339779744860781,5.002056056056056,2000,0.007808
10,2000,8,1,94,0.0,0.5013,873,6.630874981831158,4.999981490745372,636,6.340152954272748,5.0024804804804806,2000,0.007853
10,2000,8,1,95,0.0,0.504,873,6.630874981831158,4.999981490745372,635,6.336604445867527,4.999087087087087,2000,0.007923999999999999
10,2000,8,1,96,0.0,0.5012,873,6.630874981831158,4.999981490745372,645,6.363476483873994,5.001737737737738,2000,0.0078885
10,2000,8,1,97,0.0,0.49989999999999996,873,6.630874981831158,4.999981490745372,631,6.334256879783274,4.997427427427428,2000,0.007865500000000001
10,2000,8,1,98,0.0,0.5001,873,6.630874981831158,4.999981490745372,639,6.346404829931165,5.003001001001001,2000,0.0079505
10,2000,8,1,99,0.0,0.49920000000000003,873,6.630874981831158,4.999981490745372,625,6.320717731150312,5.002522522522523,2000,0.00782
10,2000,8,2,0,0.0,0.5004000000000001,874,6.627574848145281,5.00012256128064,636,6.338053652426071,5.000132132132132,2000,0.007843000000000001
10,2000,8,2,1,0.0,0.5037,874,6.627574848145281,5.00012256128064,652,6.367382695418137,5.001887887887888,2000,0.0076950000000000005
10,2000,8,2,2,0.0,0.5028,874,6.627574848145281,5.00012256128064,631,6.331869096266714,5.001801801801802,2000,0.007743000000000001
10,2000,8,2,3,0.0,0.5092,874,6.627574848145281,5.00012256128064,625,6.317466901416397,5.000712712712713,2000,0.0077750000000000015
10,2000,8,2,4,0.0,0.5062,874,6.627574848145281,5.00012256128064,642,6.34749344562098,5.002218218218219,2000,0.0077125000000000015
10,2000,8,2,5,0.0,0.5015,874,6.627574848145281,5.00012256128064,637,6.347580572155354,4.999521521521522,2000,0.007815
10,2000,8,2,6,0.0,0.5041,874,6.627574848145281,5.00012256128064,622,6.323857220012901,5.0028008008008005,1999,0.00782
10,2000,8,2,7,0.0,0.5059,874,6.627574848145281,5.00012256128064,638,6.333888077672945,5.001843843843844,1999,0.00781
10,2000,8,2,8,0.0,0.5046,874,6.627574848145281,5.00012256128064,625,6.322627273655197,5.004136136136136,2000,0.007782
10,2000,8,2,9,0.0,0.5084000000000001,874,6.627574848145281,5.00012256128064,630,6.323287062767065,5.001485485485485,2000,0.007822
10,2000,8,2,10,0.0,0.502,874,6.627574848145281,5.00012256128064,627,6.323580334136732,5.00014014014014,2000,0.007867
10,2000,8,2,11,0.0,0.508,874,6.627574848145281,5.00012256128064,633,6.3334920590716965,5.002074074074074,2000,0.007825
10,2000,8,2,12,0.0,0.5041,874,6.627574848145281,5.00012256128064,628,6.320237588168657,5.000182182182182,2000,0.0078385
10,2000,8,2,13,0.0,0.5088,874,6.627574848145281,5.00012256128064,629,6.322799624753966,5.000588588588589,1999,0.0078145
10,2000,8,2,14,0.0,0.4988,874,6.627574848145281,5.00012256128064,630,6.337224017547091,5.00367967967968,2000,0.007824000000000001
10,2000,8,2,15,0.0,0.49839999999999995,874,6.627574848145281,5.00012256128064,640,6.3517825604008245,5.001533533533533,2000,0.0078435
10,2000,8,2,16,0.0,0.505,874,6.627574848145281,5.00012256128064,629,6.3288791493136145,5.002574574574575,2000,0.007732000000000001
10,2000,8,2,17,0.0,0.505,874,6.627574848145281,5.00012256128064,628,6.3239714486140315,5.000800800800801,2000,0.0077165
10,2000,8,2,18,0.0,0.4998000000000001,874,6.627574848145281,5.00012256128064,634,6.332174986179619,4.999523523523523,2000,0.0078195
10,2000,8,2,19,0.0,0.5094,874,6.627574848145281,5.00012256128064,632,6.326037339122333,4.999531531531532,1998,0.007808
10,2000,8,2,20,0.0,0.5047,874,6.627574848145281,5.00012256128064,641,6.353772423346155,5.0001581581581585,2000,0.0077995
10,2000,8,2,21,0.0,0.5008,874,6.627574848145281,5.00012256128064,648,6.364399554558966,5.003227227227227,1999,0.0078215
10,2000,8,2,22,0.0,0.5052,874,6.627574848145281,5.00012256128064,642,6.353850352879106,5.001765765765766,2000,0.007807500000000001
10,2000,8,2,23,0.0,0.507,874,6.627574848145281,5.00012256128064,630,6.334905455499573,5.000076076076076,2000,0.007725500000000001
10,2000,8,2,24,0.0,0.5071,874,6.627574848145281,5.00012256128064,631,6.332619815852918,5.002752752752753,1994,0.007908
10,2000,8,2,25,0.0,0.4963,874,6.627574848145281,5.00012256128064,646,6.355874123985121,5.001895895895896,2000,0.0078785
10,2000,8,2,26,0.0,0.5004000000000001,874,6.627574848145281,5.00012256128064,629,6.327510760017828,5.001953953953954,2000,0.0077515
10,2000,8,2,27,0.0,0.49820000000000003,874,6.627574848145281,5.00012256128064,632,6.333699723478823,5.000196196196196,1996,0.007807000000000001
10,2000,8,2,28,0.0,0.5142,874,6.627574848145281,5.00012256128064,642,6.340128739935795,4.996768768768769,1999,0.00783
10,2000,8,2,29,0.0,0.5064000000000001,874,6.627574848145281,5.00012256128064,638,6.347580572155355,5.000348348348348,2000,0.007766500000000001
10,2000,8,2,30,0.0,0.506,874,6.627574848145281,5.00012256128064,646,6.3552279391763165,4.9982462462462465,2000,0.007865500000000001
10,2000,8,2,31,0.0,0.5066,874,6.627574848145281,5.00012256128064,637,6.334878353432816,5.0005005005005,1997,0.0078245
10,2000,8,2,32,0.0,0.49770000000000003,874,6.627574848145281,5.00012256128064,639,6.342236749846382,5.001275275275275,2000,0.007884500000000001
10,2000,8,2,33,0.0,0.5036,874,6.627574848145281,5.00012256128064,635,6.337720163624098,5.003235235235235,2000,0.007743000000000001
10,2000,8,2,34,0.0,0.5024000000000001,874,6.627574848145281,5.00012256128064,638,6.339035334546196,5.000268268268268,2000,0.0078005
10,2000,8,2,35,0.0,0.5045,874,6.627574848145281,5.00012256128064,625,6.3174489963510645,5.003025025025025,2000,0.0077905000000000005
10,2000,8,2,36,0.0,0.5028,874,6.627574848145281,5.00012256128064,636,6.3350797085683235,5.00138938938939,2000,0.007782000000000001
10,2000,8,2,37,0.0,0.5109,874,6.627574848145281,5.00012256128064,633,6.329576650526129,5.000606606606606,2000,0.0078135
10,2000,8,2,38,0.0,0.5048,874,6.627574848145281,5.00012256128064,646,6.354713399096461,5.0021061061061065,2000,0.0078145
10,2000,8,2,39,0.0,0.5033,874,6.627574848145281,5.00012256128064,644,6.363999732017758,5.003129129129129,2000,0.007855000000000001
10,2000,8,2,40,0.0,0.5137,874,6.627574848145281,5.00012256128064,620,6.3039568712443375,4.995537537537538,2000,0.007846500000000001
10,2000,8,2,41,0.0,0.5031,874,6.627574848145281,5.00012256128064,643,6.347180749614145,5.003101101101101,1996,0.007851
10,2000,8,2,42,0.0,0.5039,874,6.627574848145281,5.00012256128064,648,6.361974058941762,5.000026026026026,2000,0.007762000000000001
10,2000,8,2,43,0.0,0.49760000000000004,874,6.627574848145281,5.00012256128064,634,6.334216662350968,5.002378378378379,2000,0.007756
10,2000,8,2,44,0.0,0.5014000000000001,874,6.627574848145281,5.00012256128064,638,6.343397474735043,5.0015975975975975,2000,0.007789
10,2000,8,2,45,0.0,0.5009,874,6.627574848145281,5.00012256128064,622,6.307326719279169,5.001275275275275,2000,0.007923
10,2000,8,2,46,0.0,0.5049,874,6.627574848145281,5.00012256128064,648,6.35908914358837,5.002056056056056,2000,0.0079045
10,2000,8,2,47,0.0,0.5066,874,6.627574848145281,5.00012256128064,653,6.3671992453479636,5.0028988988988985,2000,0.007859
10,2000,8,2,48,0.0,0.5016,874,6.627574848145281,5.00012256128064,631,6.33251478425321,5.003667667667668,2000,0.007842
10,2000,8,2,49,0.0,0.49770000000000003,874,6.627574848145281,5.00012256128064,639,6.343999141349273,5.0037057057057055,2000,0.0078385
10,2000,8,2,50,0.0,0.5021,874,6.627574848145281,5.00012256128064,654,6.375002960372342,4.9964544544544545,2000,0.007806000000000001
10,2000,8,2,51,0.0,0.5049,874,6.627574848145281,5.00012256128064,627,6.318392859831176,5.001591591591591,1998,0.007812
10,2000,8,2,52,0.0,0.5074,874,6.627574848145281,5.00012256128064,620,6.307335916280593,5.002866866866867,2000,0.007815
10,2000,8,2,53,0.0,0.5054000000000001,874,6.627574848145281,5.00012256128064,639,6.344904306968914,5.000740740740741,1994,0.007962
10,2000,8,2,54,0.0,0.5084,874,6.627574848145281,5.00012256128064,640,6.346366628893005,5.00225025025025,2000,0.007769
10,2000,8,2,55,0.0,0.5023,874,6.627574848145281,5.00012256128064,638,6.342315168316848,5.001619619619619,2000,0.007784500000000001
10,2000,8,2,56,0.0,0.5054000000000001,874,6.627574848145281,5.00012256128064,648,6.369379364457396,5.002718718718719,1999,0.007836500000000001
10,2000,8,2,57,0.0,0.5079,874,6.627574848145281,5.00012256128064,649,6.363380160338195,5.001007007007007,2000,0.007759500000000001
10,2000,8,2,58,0.0,0.4993,874,6.627574848145281,5.00012256128064,636,6.332036543241536,5.002944944944945,2000,0.007773500000000001
10,2000,8,2,59,0.0,0.5028,874,6.627574848145281,5.00012256128064,632,6.329968750763253,5.00190990990991,2000,0.007710000000000001
10,2000,8,2,60,0.0,0.5066,874,6.627574848145281,5.00012256128064,623,6.3163332785944934,5.0004124124124125,1994,0.007797500000000001
10,2000,8,2,61,0.0,0.502,874,6.627574848145281,5.00012256128064,639,6.338129183166731,5.00194994994995,2000,0.0077800000000000005
10,2000,8,2,62,0.0,0.5005,874,6.627574848145281,5.00012256128064,621,6.30484701952845,5.002236236236236,2000,0.007858500000000001
10,2000,8,2,63,0.0,0.5034,874,6.627574848145281,5.00012256128064,646,6.365106252772906,5.002570570570571,2000,0.0077205
10,2000,8,2,64,0.0,0.503,874,6.627574848145281,5.00012256128064,629,6.323989353679364,4.9976936936936935,2000,0.0079145
10,2000,8,2,65,0.0,0.5025,874,6.627574848145281,5.00012256128064,628,6.32774552649171,5.002984984984985,2000,0.0077945
10,2000,8,2,66,0.0,0.5073,874,6.627574848145281,5.00012256128064,632,6.332305217876104,5.002888888888889,2000,0.007745500000000001
10,2000,8,2,67,0.0,0.5024000000000001,874,6.627574848145281,5.00012256128064,629,6.3323763413151255,5.003047047047047,2000,0.0077965
10,2000,8,2,68,0.0,0.5055,874,6.627574848145281,5.00012256128064,639,6.34476586403083,4.999049049049049,2000,0.0078295
10,2000,8,2,69,0.0,0.51,874,6.627574848145281,5.00012256128064,621,6.304724579685718,4.998494494494494,2000,0.007793000000000001
10,2000,8,2,70,0.0,0.5019,874,6.627574848145281,5.00012256128064,648,6.357535402252429,5.004262262262262,1998,0.0078195
10,2000,8,2,71,0.0,0.5014000000000001,874,6.627574848145281,5.00012256128064,632,6.326151567723465,5.0025825825825825,2000,0.007851
10,2000,8,2,72,0.0,0.49789999999999995,874,6.627574848145281,5.00012256128064,630,6.326124465656708,5.002532532532532,2000,0.0077505000000000004
10,2000,8,2,73,0.0,0.5005,874,6.627574848145281,5.00012256128064,642,6.347129433210437,5.003553553553553,2000,0.0078595
10,2000,8,2,74,0.0,0.4995,874,6.627574848145281,5.00012256128064,632,6.327850558091419,5.001779779779779,2000,0.0077625
10,2000,8,2,75,0.0,0.5077,874,6.627574848145281,5.00012256128064,631,6.336063292658429,4.998800800800801,2000,0.00783
10,2000,8,2,76,0.0,0.5033,874,6.627574848145281,5.00012256128064,632,6.331059268423048,5.002644644644644,2000,0.0078895
10,2000,8,2,77,0.0,0.49420000000000003,874,6.627574848145281,5.00012256128064,652,6.362378671182755,4.99772972972973,1997,0.007757000000000001
10,2000,8,2,78,0.0,0.5042000000000001,874,6.627574848145281,5.00012256128064,637,6.351748652240138,5.000472472472472,1996,0.007866
10,2000,8,2,79,0.0,0.5035,874,6.627574848145281,5.00012256128064,631,6.329038385046836,5.002712712712713,1998,0.007794000000000001
10,2000,8,2,80,0.0,0.508,874,6.627574848145281,5.00012256128064,630,6.3312877256253115,5.001505505505506,2000,0.007725500000000001
10,2000,8,2,81,0.0,0.5044,874,6.627574848145281,5.00012256128064,633,6.323367880029821,5.003035035035035,1999,0.0078825
10,2000,8,2,82,0.0,0.4994,874,6.627574848145281,5.00012256128064,647,6.36052044508158,5.001481481481481,2000,0.0078145
10,2000,8,2,83,0.0,0.4985,874,6.627574848145281,5.00012256128064,643,6.354468022588688,5.000102102102102,1999,0.007893
10,2000,8,2,84,0.0,0.5085000000000001,874,6.627574848145281,5.00012256128064,642,6.3426907765211045,4.999229229229229,2000,0.0078245
10,2000,8,2,85,0.0,0.5038,874,6.627574848145281,5.00012256128064,633,6.335200246441074,5.001681681681681,1999,0.007756
10,2000,8,2,86,0.0,0.5022000000000001,874,6.627574848145281,5.00012256128064,647,6.361444501526377,5.001581581581582,2000,0.007731
10,2000,8,2,87,0.0,0.4959,874,6.627574848145281,5.00012256128064,622,6.320492161677853,5.001623623623623,2000,0.0078635
10,2000,8,2,88,0.0,0.5052000000000001,874,6.627574848145281,5.00012256128064,634,6.336315964197645,5.00066066066066,1999,0.007863
10,2000,8,2,89,0.0,0.5055,874,6.627574848145281,5.00012256128064,645,6.349231133849404,5.001407407407408,2000,0.007795
10,2000,8,2,90,0.0,0.5033,874,6.627574848145281,5.00012256128064,636,6.333420935632675,5.000126126126126,2000,0.0078185
10,2000,8,2,91,0.0,0.4994,874,6.627574848145281,5.00012256128064,636,6.340676202416512,5.000656656656656,2000,0.0077225
10,2000,8,2,92,0.0,0.5076,874,6.627574848145281,5.00012256128064,641,6.351357537762839,5.001941941941942,2000,0.007852
10,2000,8,2,93,0.0,0.503,874,6.627574848145281,5.00012256128064,619,6.3144929575586515,5.002326326326326,2000,0.0077685
10,2000,8,2,94,0.0,0.49620000000000003,874,6.627574848145281,5.00012256128064,640,6.340579878880713,5.001693693693694,2000,0.0077825
10,2000,8,2,95,0.0,0.5068,874,6.627574848145281,5.00012256128064,636,6.3465011534669635,5.0003363363363365,1999,0.0078505
10,2000,8,2,96,0.0,0.5014000000000001,874,6.627574848145281,5.00012256128064,625,6.3199849166294415,4.9986026026026025,2000,0.0077745
10,2000,8,2,97,0.0,0.5043000000000001,874,6.627574848145281,5.00012256128064,644,6.352316907515993,5.0019319319319315,2000,0.007817000000000001
10,2000,8,2,98,0.0,0.5027,874,6.627574848145281,5.00012256128064,642,6.346970197477216,5.0022842842842845,2000,0.007833
10,2000,8,2,99,0.0,0.5055,874,6.627574848145281,5.00012256128064,643,6.348059798926853,5.001467467467467,2000,0.007854000000000002
10,2000,8,3,0,0.0,0.5016,870,6.62674251673557,4.999660330165082,657,6.383224403003263,5.000148148148148,2000,0.007866
10,2000,8,3,1,0.0,0.4998,870,6.62674251673557,4.999660330165082,649,6.3685676346437505,5.001313313313314,2000,0.007817500000000002
10,2000,8,3,2,0.0,0.5005,870,6.62674251673557,4.999660330165082,645,6.359997196937815,5.003093093093093,1999,0.007778
10,2000,8,3,3,0.0,0.5017,870,6.62674251673557,4.999660330165082,629,6.330361767210533,5.003789789789789,1999,0.007798
10,2000,8,3,4,0.0,0.5043,870,6.62674251673557,4.999660330165082,632,6.3338720745775925,4.999945945945946,2000,0.0078435
10,2000,8,3,5,0.0,0.49460000000000004,870,6.62674251673557,4.999660330165082,628,6.332767455792426,5.001157157157158,1999,0.007863000000000002
10,2000,8,3,6,0.0,0.5012000000000001,870,6.62674251673557,4.999660330165082,646,6.361808513936921,5.001997997997998,2000,0.007823
10,2000,8,3,7,0.0,0.4953,870,6.62674251673557,4.999660330165082,627,6.328809927844572,5.001863863863864,2000,0.007757000000000002
10,2000,8,3,8,0.0,0.49810000000000004,870,6.62674251673557,4.999660330165082,634,6.338216309701107,5.002172172172172,2000,0.007905500000000001
10,2000,8,3,9,0.0,0.49160000000000004,870,6.62674251673557,4.999660330165082,647,6.364285325957836,5.001661661661662,2000,0.0077535
10,2000,8,3,10,0.0,0.49720000000000003,870,6.62674251673557,4.999660330165082,656,6.383050149934513,5.003467467467467,2000,0.007792500000000001
10,2000,8,3,11,0.0,0.49920000000000003,870,6.62674251673557,4.999660330165082,650,6.369135889919605,5.002754754754755,2000,0.007873000000000002
10,2000,8,3,12,0.0,0.4965,870,6.62674251673557,4.999660330165082,636,6.341993275308591,5.001835835835836,2000,0.007808000000000001
10,2000,8,3,13,0.0,0.5012000000000001,870,6.62674251673557,4.999660330165082,636,6.344902404998933,5.001129129129129,2000,0.007837
10,2000,8,3,14,0.0,0.4907,870,6.62674251673557,4.999660330165082,637,6.342540737789307,5.000230230230231,2000,0.0078195
10,2000,8,3,15,0.0,0.4953,870,6.62674251673557,4.999660330165082,648,6.360294875609121,5.000342342342343,2000,0.007758000000000001
10,2000,8,3,16,0.0,0.49400000000000005,870,6.62674251673557,4.999660330165082,642,6.3538595498805295,5.00058058058058,2000,0.007845000000000001
10,2000,8,3,17,0.0,0.49770000000000003,870,6.62674251673557,4.999660330165082,642,6.353841644815196,5.001403403403404,2000,0.007898
10,2000,8,3,18,0.0,0.49960000000000004,870,6.62674251673557,4.999660330165082,639,6.346335608462123,5.001377377377377,1998,0.007835000000000002
10,2000,8,3,19,0.0,0.4978000000000001,870,6.62674251673557,4.999660330165082,649,6.357852887959049,5.002790790790791,2000,0.0078335
10,2000,8,3,20,0.0,0.4978,870,6.62674251673557,4.999660330165082,639,6.345725233783984,5.002682682682683,2000,0.007848
10,2000,8,3,21,0.0,0.49570000000000003,870,6.62674251673557,4.999660330165082,635,6.3456802266518935,5.001927927927928,1999,0.007842
10,2000,8,3,22,0.0,0.4983000000000001,870,6.62674251673557,4.999660330165082,633,6.333176475335058,4.999701701701702,2000,0.0078875
10,2000,8,3,23,0.0,0.4964,870,6.62674251673557,4.999660330165082,629,6.33051811521395,5.002706706706706,2000,0.007765500000000001
10,2000,8,3,24,0.0,0.49960000000000004,870,6.62674251673557,4.999660330165082,634,6.341085221959145,5.0032912912912915,2000,0.007878
10,2000,8,3,25,0.0,0.49660000000000004,870,6.62674251673557,4.999660330165082,651,6.3627567847186715,5.000564564564565,2000,0.007915
10,2000,8,3,26,0.0,0.5022000000000001,870,6.62674251673557,4.999660330165082,628,6.330430988679575,5.001605605605605,2000,0.0078165
10,2000,8,3,27,0.0,0.49820000000000003,870,6.62674251673557,4.999660330165082,649,6.360703895151754,5.000908908908909,2000,0.00781
10,2000,8,3,28,0.0,0.5042,870,6.62674251673557,4.999660330165082,631,6.345087757039087,5.002598598598599,2000,0.0078405
10,2000,8,3,29,0.0,0.4979,870,6.62674251673557,4.999660330165082,644,6.357633627758208,5.001675675675676,2000,0.007892
10,2000,8,3,30,0.0,0.5021,870,6.62674251673557,4.999660330165082,647,6.3664054205996505,5.002872872872873,2000,0.0078455
10,2000,8,3,31,0.0,0.4988000000000001,870,6.62674251673557,4.999660330165082,643,6.352404034050368,5.000408408408409,1998,0.0077480000000000005
10,2000,8,3,32,0.0,0.4974,870,6.62674251673557,4.999660330165082,643,6.355672768849615,5.002558558558558,2000,0.007854
10,2000,8,3,33,0.0,0.49920000000000003,870,6.62674251673557,4.999660330165082,648,6.362517114120839,5.0035675675675675,2000,0.00784
10,2000,8,3,34,0.0,0.5018,870,6.62674251673557,4.999660330165082,638,6.343719367743301,5.000868868868869,2000,0.0078435
10,2000,8,3,35,0.0,0.504,870,6.62674251673557,4.999660330165082,642,6.359272593658544,5.001957957957958,2000,0.0078735
10,2000,8,3,36,0.0,0.4959,870,6.62674251673557,4.999660330165082,638,6.346047126792241,4.999101101101101,2000,0.007787499999999999
10,2000,8,3,37,0.0,0.49610000000000004,870,6.62674251673557,4.999660330165082,659,6.381907330111185,5.003221221221221,1999,0.007802000000000001
10,2000,8,3,38,0.0,0.4985,870,6.62674251673557,4.999660330165082,645,6.35675948256945,5.001779779779779,2000,0.0078695
10,2000,8,3,39,0.0,0.49770000000000003,870,6.62674251673557,4.999660330165082,651,6.365716627451045,5.000162162162162,2000,0.007863
10,2000,8,3,40,0.0,0.4985,870,6.62674251673557,4.999660330165082,661,6.389109378521333,5.000014014014014,2000,0.007847
10,2000,8,3,41,0.0,0.49670000000000003,870,6.62674251673557,4.999660330165082,634,6.344041260751558,5.001255255255256,2000,0.007804500000000001
10,2000,8,3,42,0.0,0.49620000000000003,870,6.62674251673557,4.999660330165082,637,6.349857014800586,5.0011611611611615,2000,0.007795000000000001
10,2000,8,3,43,0.0,0.5014000000000001,870,6.62674251673557,4.999660330165082,628,6.338183387300244,5.001493493493493,2000,0.007822
10,2000,8,3,44,0.0,0.5007,870,6.62674251673557,4.999660330165082,651,6.365106252772906,5.001643643643644,2000,0.007848500000000001
10,2000,8,3,45,0.0,0.49710000000000004,870,6.62674251673557,4.999660330165082,633,6.334607776828268,5.002372372372372,2000,0.007817000000000001
10,2000,8,3,46,0.0,0.49670000000000003,870,6.62674251673557,4.999660330165082,650,6.365785848920087,5.001579579579579,2000,0.007877
10,2000,8,3,47,0.0,0.4993,870,6.62674251673557,4.999660330165082,631,6.33995159913724,5.001467467467467,1998,0.007806000000000001
10,2000,8,3,48,0.0,0.4998000000000001,870,6.62674251673557,4.999660330165082,637,6.33805996169769,5.002742742742742,2000,0.0078205
10,2000,8,3,49,0.0,0.49660000000000004,870,6.62674251673557,4.999660330165082,630,6.336036190591673,5.001997997997998,2000,0.0078375
10,2000,8,3,50,0.0,0.49210000000000004,870,6.62674251673557,4.999660330165082,635,6.341966173241834,5.001451451451452,2000,0.007784500000000001
10,2000,8,3,51,0.0,0.4978,870,6.62674251673557,4.999660330165082,644,6.352611698457494,5.003391391391391,1999,0.007816
10,2000,8,3,52,0.0,0.491,870,6.62674251673557,4.999660330165082,641,6.357014056078645,5.00205005005005,2000,0.0078305
10,2000,8,3,53,0.0,0.5028,870,6.62674251673557,4.999660330165082,645,6.363771274815495,5.004088088088088,1999,0.0078025
10,2000,8,3,54,0.0,0.5049,870,6.62674251673557,4.999660330165082,647,6.355856218919789,4.999157157157157,2000,0.0078715
10,2000,8,3,55,0.0,0.49920000000000003,870,6.62674251673557,4.999660330165082,650,6.361924644508033,5.004248248248248,2000,0.007885
10,2000,8,3,56,0.0,0.49400000000000005,870,6.62674251673557,4.999660330165082,644,6.363293033803819,4.998510510510511,2000,0.007807000000000001
10,2000,8,3,57,0.0,0.498,870,6.62674251673557,4.999660330165082,637,6.343788589212343,5.001501501501502,2000,0.0078955
10,2000,8,3,58,0.0,0.49760000000000004,870,6.62674251673557,4.999660330165082,659,6.383564201076854,5.002742742742742,2000,0.007855000000000001
10,2000,8,3,59,0.0,0.5014000000000001,870,6.62674251673557,4.999660330165082,639,6.350248129277887,5.000956956956957,2000,0.007893
10,2000,8,3,60,0.0,0.4973,870,6.62674251673557,4.999660330165082,643,6.357380956218993,5.002940940940941,2000,0.007838000000000001
10,2000,8,3,61,0.0,0.5024000000000001,870,6.62674251673557,4.999660330165082,641,6.349535121792329,5.002378378378379,2000,0.007853500000000001
10,2000,8,3,62,0.0,0.4958000000000001,870,6.62674251673557,4.999660330165082,631,6.326419256598209,4.999995995995996,1999,0.0078445
10,2000,8,3,63,0.0,0.5013,870,6.62674251673557,4.999660330165082,645,6.35298540469177,5.003801801801802,2000,0.007870499999999999
10,2000,8,3,64,0.0,0.48990000000000006,870,6.62674251673557,4.999660330165082,645,6.350563713014525,4.998900900900901,2000,0.007766500000000001
10,2000,8,3,65,0.0,0.49720000000000003,870,6.62674251673557,4.999660330165082,639,6.352331924851521,4.999991991991992,2000,0.007862500000000001
10,2000,8,3,66,0.0,0.4938,870,6.62674251673557,4.999660330165082,635,6.339858163331247,5.000872872872873,2000,0.007871000000000001
10,2000,8,3,67,0.0,0.49410000000000004,870,6.62674251673557,4.999660330165082,648,6.359900873402017,5.002036036036036,1998,0.0077870000000000005
10,2000,8,3,68,0.0,0.49810000000000004,870,6.62674251673557,4.999660330165082,628,6.325853889052159,4.999573573573573,2000,0.0078215
10,2000,8,3,69,0.0,0.49560000000000004,870,6.62674251673557,4.999660330165082,658,6.385161047574904,5.002962962962963,2000,0.007813500000000001
10,2000,8,3,70,0.0,0.49090000000000006,870,6.62674251673557,4.999660330165082,647,6.359152055785794,5.0021241241241245,1998,0.007804500000000001
10,2000,8,3,71,0.0,0.49770000000000003,870,6.62674251673557,4.999660330165082,655,6.37399227421548,5.002704704704705,2000,0.0078060000000000004
10,2000,8,3,72,0.0,0.4932,870,6.62674251673557,4.999660330165082,644,6.360222766410274,5.001577577577578,2000,0.007873000000000002
10,2000,8,3,73,0.0,0.48990000000000006,870,6.62674251673557,4.999660330165082,645,6.359570272329849,5.001627627627627,2000,0.00782
10,2000,8,3,74,0.0,0.4975,870,6.62674251673557,4.999660330165082,657,6.376608514934302,5.001435435435435,2000,0.007824
10,2000,8,3,75,0.0,0.49610000000000004,870,6.62674251673557,4.999660330165082,654,6.377243103949393,5.002796796796797,2000,0.007891500000000001
10,2000,8,3,76,0.0,0.49330000000000007,870,6.62674251673557,4.999660330165082,629,6.327492854952495,5.001279279279279,2000,0.007758
10,2000,8,3,77,0.0,0.5008,870,6.62674251673557,4.999660330165082,626,6.3280161030962585,5.0024224224224225,2000,0.007869
10,2000,8,3,78,0.0,0.5023,870,6.62674251673557,4.999660330165082,631,6.334222971622587,5.001711711711712,2000,0.0078055
10,2000,8,3,79,0.0,0.5003000000000001,870,6.62674251673557,4.999660330165082,652,6.376091576062157,5.001739739739739,1998,0.0078475
10,2000,8,3,80,0.0,0.5026,870,6.62674251673557,4.999660330165082,651,6.3677403985570615,5.00227027027027,2000,0.0078545
10,2000,8,3,81,0.0,0.4965,870,6.62674251673557,4.999660330165082,637,6.346970197477215,4.99946946946947,2000,0.007894
10,2000,8,3,82,0.0,0.49970000000000003,870,6.62674251673557,4.999660330165082,638,6.3476589906258205,5.001331331331332,2000,0.007893
10,2000,8,3,83,0.0,0.4937,870,6.62674251673557,4.999660330165082,663,6.3914279405688506,5.0015355355355355,2000,0.007811
10,2000,8,3,84,0.0,0.49110000000000004,870,6.62674251673557,4.999660330165082,643,6.347712705821819,5.000286286286286,2000,0.007923
10,2000,8,3,85,0.0,0.496,870,6.62674251673557,4.999660330165082,635,6.343535917673127,5.002926926926927,2000,0.007746500000000001
10,2000,8,3,86,0.0,0.4938,870,6.62674251673557,4.999660330165082,632,6.333995500180148,5.003151151151151,2000,0.0078545
10,2000,8,3,87,0.0,0.5018,870,6.62674251673557,4.999660330165082,632,6.338793761978384,5.001425425425426,2000,0.007823
10,2000,8,3,88,0.0,0.5005,870,6.62674251673557,4.999660330165082,642,6.346762533070089,5.0027207207207205,2000,0.0078885
10,2000,8,3,89,0.0,0.49910000000000004,870,6.62674251673557,4.999660330165082,638,6.351069056092956,5.001667667667667,2000,0.007824
10,2000,8,3,90,0.0,0.5019,870,6.62674251673557,4.999660330165082,650,6.36385209207825,5.002268268268268,1999,0.00783
10,2000,8,3,91,0.0,0.4979,870,6.62674251673557,4.999660330165082,639,6.354521240962377,5.000662662662663,2000,0.007806500000000001
10,2000,8,3,92,0.0,0.49810000000000004,870,6.62674251673557,4.999660330165082,642,6.355218742174893,5.001723723723724,2000,0.00782
10,2000,8,3,93,0.0,0.4907,870,6.62674251673557,4.999660330165082,646,6.3671571259456785,4.999241241241241,1998,0.007853500000000001
10,2000,8,3,94,0.0,0.49870000000000003,870,6.62674251673557,4.999660330165082,646,6.357669437888875,5.0016556556556555,2000,0.007806500000000001
10,2000,8,3,95,0.0,0.493,870,6.62674251673557,4.999660330165082,643,6.363109583733646,5.000068068068068,1999,0.0078035000000000005
10,2000,8,3,96,0.0,0.4932,870,6.62674251673557,4.999660330165082,649,6.354644177627419,5.000892892892893,1998,0.007852
10,2000,8,3,97,0.0,0.49900000000000005,870,6.62674251673557,4.999660330165082,643,6.357041158145401,5.002258258258259,2000,0.007807000000000001
10,2000,8,3,98,0.0,0.4993,870,6.62674251673557,4.999660330165082,629,6.339037236516177,5.003409409409409,1999,0.007819
10,2000,8,3,99,0.0,0.5008,870,6.62674251673557,4.999660330165082,627,6.324738171295588,5.003583583583584,2000,0.007836000000000001
20,500,2,1,0,0.0,0.4998,494,6.197972566088753,8.104344689378758,999,6.906368984621015,10.002642642642643,500,0.9825139999999999
20,500,2,1,1,0.0,0.5,494,6.197972566088753,8.104344689378758,999,6.906368984621015,10.001977977977978,500,0.9823979999999999
20,500,2,1,2,0.0,0.49765,494,6.197972566088753,8.104344689378758,1000,6.907755278982134,10.001019019019019,500,0.9815439999999999
20,500,2,1,3,0.0,0.49725,494,6.197972566088753,8.104344689378758,1000,6.907755278982134,10.001671671671671,500,0.982036
20,500,2,1,4,0.0,0.49960000000000004,494,6.197972566088753,8.104344689378758,1000,6.907755278982134,10.003743743743744,500,0.9822960000000001
20,500,2,1,5,0.0,0.50325,494,6.197972566088753,8.104344689378758,1000,6.907755278982134,10.002340340340341,500,0.983012
20,500,2,1,6,0.0,0.5017999999999999,494,6.197972566088753,8.104344689378758,999,6.906368984621015,10.004784784784786,500,0.982604
20,500,2,1,7,0.0,0.499,494,6.197972566088753,8.104344689378758,1000,6.907755278982134,9.999163163163162,500,0.981576
20,500,2,1,8,0.0,0.4993,494,6.197972566088753,8.104344689378758,1000,6.907755278982134,9.998038038038038,500,0.9821319999999999
20,500,2,1,9,0.0,0.49935,494,6.197972566088753,8.104344689378758,1000,6.907755278982134,10.006128128128129,500,0.982306
20,500,2,1,10,0.0,0.5036499999999999,494,6.197972566088753,8.104344689378758,1000,6.907755278982134,9.998756756756757,500,0.983124
20,500,2,1,11,0.0,0.50075,494,6.197972566088753,8.104344689378758,1000,6.907755278982134,10.00007007007007,500,0.9829600000000001
20,500,2,1,12,0.0,0.50305,494,6.197972566088753,8.104344689378758,1000,6.907755278982134,10.002976976976978,500,0.9827959999999998
20,500,2,1,13,0.0,0.502,494,6.197972566088753,8.104344689378758,1000,6.907755278982134,9.994222222222222,500,0.982758
20,500,2,1,14,0.0,0.49820000000000003,494,6.197972566088753,8.104344689378758,999,6.906368984621015,10.001093093093093,500,0.982262
20,500,2,1,15,0.0,0.5026,494,6.197972566088753,8.104344689378758,999,6.906368984621015,9.99915915915916,500,0.9821899999999999
20,500,2,1,16,0.0,0.4965,494,6.197972566088753,8.104344689378758,999,6.906368984621015,10.000792792792792,500,0.9822
20,500,2,1,17,0.0,0.502,494,6.197972566088753,8.104344689378758,1000,6.907755278982134,9.995967967967967,500,0.9833379999999999
20,500,2,1,18,0.0,0.5018,494,6.197972566088753,8.104344689378758,1000,6.907755278982134,10.00293893893894,500,0.9830919999999999
20,500,2,1,19,0.0,0.498,494,6.197972566088753,8.104344689378758,1000,6.907755278982134,10.001805805805805,500,0.982536
20,500,2,1,20,0.0,0.49860000000000004,494,6.197972566088753,8.104344689378758,1000,6.907755278982134,10.001277277277277,500,0.982882
20,500,2,1,21,0.0,0.5001,494,6.197972566088753,8.104344689378758,1000,6.907755278982134,10.001457457457457,500,0.983016
20,500,2,1,22,0.0,0.49879999999999997,494,6.197972566088753,8.104344689378758,1000,6.907755278982134,10.004024024024025,500,0.982166
20,500,2,1,23,0.0,0.49925,494,6.197972566088753,8.104344689378758,1000,6.907755278982134,10.003821821821822,500,0.982796
20,500,2,1,24,0.0,0.4965,494,6.197972566088753,8.104344689378758,999,6.906368984621015,9.992476476476476,500,0.981744
20,500,2,1,25,0.0,0.50275,494,6.197972566088753,8.104344689378758,998,6.904982690259894,10.0032012012012,500,0.982734
20,500,2,1,26,0.0,0.5046,494,6.197972566088753,8.104344689378758,1000,6.907755278982134,10.003183183183182,500,0.982578
20,500,2,1,27,0.0,0.49904999999999994,494,6.197972566088753,8.104344689378758,1000,6.907755278982134,10.003445445445445,500,0.9824660000000001
20,500,2,1,28,0.0,0.5013000000000001,494,6.197972566088753,8.104344689378758,1000,6.907755278982134,10.000324324324325,500,0.982826
20,500,2,1,29,0.0,0.49910000000000004,494,6.197972566088753,8.104344689378758,1000,6.907755278982134,10.000608608608609,500,0.9816779999999998
20,500,2,1,30,0.0,0.5041,494,6.197972566088753,8.104344689378758,1000,6.907755278982134,9.9990990990991,500,0.983162
20,500,2,1,31,0.0,0.49860000000000004,494,6.197972566088753,8.104344689378758,1000,6.907755278982134,10.001265265265266,500,0.982166
20,500,2,1,32,0.0,0.50125,494,6.197972566088753,8.104344689378758,1000,6.907755278982134,10.002500500500501,500,0.9829459999999999
20,500,2,1,33,0.0,0.49765,494,6.197972566088753,8.104344689378758,1000,6.907755278982134,10.004974974974974,500,0.981982
20,500,2,1,34,0.0,0.4998000000000001,494,6.197972566088753,8.104344689378758,1000,6.907755278982134,10.001745745745746,500,0.982348
20,500,2,1,35,0.0,0.49915,494,6.197972566088753,8.104344689378758,999,6.906368984621015,9.999933933933933,500,0.982702
20,500,2,1,36,0.0,0.5043,494,6.197972566088753,8.104344689378758,1000,6.907755278982134,10.003675675675675,500,0.982808
20,500,2,1,37,0.0,0.49770000000000003,494,6.197972566088753,8.104344689378758,1000,6.907755278982134,10.004248248248249,500,0.982
20,500,2,1,38,0.0,0.49539999999999995,494,6.197972566088753,8.104344689378758,999,6.906368984621015,9.996508508508509,500,0.981216
20,500,2,1,39,0.0,0.5025499999999999,494,6.197972566088753,8.104344689378758,1000,6.907755278982134,10.002912912912914,500,0.982808
20,500,2,1,40,0.0,0.5004500000000001,494,6.197972566088753,8.104344689378758,1000,6.907755278982134,10.003313313313313,500,0.983172
20,500,2,1,41,0.0,0.49815,494,6.197972566088753,8.104344689378758,1000,6.907755278982134,10.000702702702704,500,0.982088
20,500,2,1,42,0.0,0.5001,494,6.197972566088753,8.104344689378758,1000,6.907755278982134,10.004,500,0.98297
20,500,2,1,43,0.0,0.49915,494,6.197972566088753,8.104344689378758,1000,6.907755278982134,9.997239239239239,500,0.9819299999999999
20,500,2,1,44,0.0,0.50215,494,6.197972566088753,8.104344689378758,1000,6.907755278982134,10.000078078078078,500,0.9828859999999999
20,500,2,1,45,0.0,0.49979999999999997,494,6.197972566088753,8.104344689378758,999,6.906368984621015,9.995663663663663,500,0.9820999999999999
20,500,2,1,46,0.0,0.4955,494,6.197972566088753,8.104344689378758,1000,6.907755278982134,10.001621621621622,500,0.982178
20,500,2,1,47,0.0,0.49939999999999996,494,6.197972566088753,8.104344689378758,999,6.906368984621015,10.00192992992993,500,0.98254
20,500,2,1,48,0.0,0.5015,494,6.197972566088753,8.104344689378758,1000,6.907755278982134,9.999207207207208,500,0.982594
20,500,2,1,49,0.0,0.50095,494,6.197972566088753,8.104344689378758,1000,6.907755278982134,9.998248248248249,500,0.9820460000000001
20,500,2,1,50,0.0,0.4975,494,6.197972566088753,8.104344689378758,1000,6.907755278982134,10.00343943943944,500,0.98243
20,500,2,1,51,0.0,0.5006,494,6.197972566088753,8.104344689378758,1000,6.907755278982134,10.002814814814815,500,0.982092
20,500,2,1,52,0.0,0.5055,494,6.197972566088753,8.104344689378758,999,6.906368984621015,9.998138138138138,500,0.9827619999999999
20,500,2,1,53,0.0,0.49670000000000003,494,6.197972566088753,8.104344689378758,1000,6.907755278982134,9.994918918918918,500,0.98225
20,500,2,1,54,0.0,0.498,494,6.197972566088753,8.104344689378758,1000,6.907755278982134,10.00168968968969,500,0.98227
20,500,2,1,55,0.0,0.50175,494,6.197972566088753,8.104344689378758,999,6.906368984621015,10.00378978978979,500,0.9820939999999999
20,500,2,1,56,0.0,0.50165,494,6.197972566088753,8.104344689378758,1000,6.907755278982134,10.002564564564565,500,0.9823
20,500,2,1,57,0.0,0.50215,494,6.197972566088753,8.104344689378758,1000,6.907755278982134,10.000502502502503,500,0.9825819999999998
20,500,2,1,58,0.0,0.49760000000000004,494,6.197972566088753,8.104344689378758,1000,6.907755278982134,10.001713713713714,500,0.981752
20,500,2,1,59,0.0,0.50575,494,6.197972566088753,8.104344689378758,1000,6.907755278982134,10.00177977977978,500,0.9830500000000001
20,500,2,1,60,0.0,0.5010500000000001,494,6.197972566088753,8.104344689378758,1000,6.907755278982134,10.003613613613613,500,0.982374
20,500,2,1,61,0.0,0.49810000000000004,494,6.197972566088753,8.104344689378758,1000,6.907755278982134,10.002202202202202,500,0.98238
20,500,2,1,62,0.0,0.5007,494,6.197972566088753,8.104344689378758,999,6.906368984621015,10.002734734734736,500,0.9824100000000001
20,500,2,1,63,0.0,0.49885,494,6.197972566088753,8.104344689378758,1000,6.907755278982134,10.001935935935936,500,0.98214
20,500,2,1,64,0.0,0.49795000000000006,494,6.197972566088753,8.104344689378758,999,6.906368984621015,9.99866866866867,500,0.9816680000000001
20,500,2,1,65,0.0,0.5016,494,6.197972566088753,8.104344689378758,1000,6.907755278982134,9.994786786786786,500,0.982576
20,500,2,1,66,0.0,0.50365,494,6.197972566088753,8.104344689378758,1000,6.907755278982134,10.003701701701702,500,0.983374
20,500,2,1,67,0.0,0.5000500000000001,494,6.197972566088753,8.104344689378758,1000,6.907755278982134,10.005007007007007,500,0.982568
20,500,2,1,68,0.0,0.50025,494,6.197972566088753,8.104344689378758,1000,6.907755278982134,9.99980980980981,500,0.982142
20,500,2,1,69,0.0,0.49785,494,6.197972566088753,8.104344689378758,1000,6.907755278982134,10.002284284284285,500,0.981912
20,500,2,1,70,0.0,0.5063500000000001,494,6.197972566088753,8.104344689378758,999,6.906368984621015,10.00370970970971,500,0.9834080000000001
20,500,2,1,71,0.0,0.5026499999999999,494,6.197972566088753,8.104344689378758,998,6.904982690259894,10.006332332332333,500,0.98277
20,500,2,1,72,0.0,0.50485,494,6.197972566088753,8.104344689378758,1000,6.907755278982134,9.994372372372373,500,0.983244
20,500,2,1,73,0.0,0.49854999999999994,494,6.197972566088753,8.104344689378758,998,6.904982690259894,9.996266266266266,500,0.9824539999999999
20,500,2,1,74,0.0,0.4993,494,6.197972566088753,8.104344689378758,999,6.906368984621015,10.001677677677678,500,0.9825959999999999
20,500,2,1,75,0.0,0.5021,494,6.197972566088753,8.104344689378758,1000,6.907755278982134,9.99901101101101,500,0.983078
20,500,2,1,76,0.0,0.5021,494,6.197972566088753,8.104344689378758,1000,6.907755278982134,9.998882882882883,500,0.982328
20,500,2,1,77,0.0,0.5042,494,6.197972566088753,8.104344689378758,1000,6.907755278982134,10.002034034034034,500,0.983176
20,500,2,1,78,0.0,0.5037,494,6.197972566088753,8.104344689378758,1000,6.907755278982134,9.999687687687688,500,0.9829459999999999
20,500,2,1,79,0.0,0.5004500000000001,494,6.197972566088753,8.104344689378758,1000,6.907755278982134,9.997015015015014,500,0.9825439999999999
20,500,2,1,80,0.0,0.49985,494,6.197972566088753,8.104344689378758,1000,6.907755278982134,9.999245245245245,500,0.9825280000000001
20,500,2,1,81,0.0,0.50475,494,6.197972566088753,8.104344689378758,999,6.906368984621015,10.001391391391392,500,0.983028
20,500,2,1,82,0.0,0.5045,494,6.197972566088753,8.104344689378758,1000,6.907755278982134,9.998786786786788,500,0.9834660000000001
20,500,2,1,83,0.0,0.5065,494,6.197972566088753,8.104344689378758,1000,6.907755278982134,9.999927927927928,500,0.9833419999999999
20,500,2,1,84,0.0,0.50225,494,6.197972566088753,8.104344689378758,1000,6.907755278982134,10.003501501501502,500,0.9823459999999999
20,500,2,1,85,0.0,0.5051,494,6.197972566088753,8.104344689378758,1000,6.907755278982134,9.999171171171172,500,0.98313
20,500,2,1,86,0.0,0.49845000000000006,494,6.197972566088753,8.104344689378758,1000,6.907755278982134,9.999993993993995,500,0.982164
20,500,2,1,87,0.0,0.5021,494,6.197972566088753,8.104344689378758,1000,6.907755278982134,10.000800800800802,500,0.9829600000000001
20,500,2,1,88,0.0,0.4978,494,6.197972566088753,8.104344689378758,1000,6.907755278982134,10.002946946946947,500,0.982164
20,500,2,1,89,0.0,0.5041,494,6.197972566088753,8.104344689378758,999,6.906368984621015,9.994662662662662,500,0.9820979999999999
20,500,2,1,90,0.0,0.50275,494,6.197972566088753,8.104344689378758,1000,6.907755278982134,10.003857857857858,500,0.9827400000000001
20,500,2,1,91,0.0,0.5028,494,6.197972566088753,8.104344689378758,1000,6.907755278982134,10.00245045045045,500,0.9824279999999999
20,500,2,1,92,0.0,0.50255,494,6.197972566088753,8.104344689378758,1000,6.907755278982134,10.00322122122122,500,0.98262
20,500,2,1,93,0.0,0.49860000000000004,494,6.197972566088753,8.104344689378758,998,6.904982690259894,9.99975975975976,500,0.9822240000000001
20,500,2,1,94,0.0,0.5006,494,6.197972566088753,8.104344689378758,1000,6.907755278982134,9.99853053053053,500,0.982754
20,500,2,1,95,0.0,0.50305,494,6.197972566088753,8.104344689378758,1000,6.907755278982134,9.999301301301301,500,0.98236
20,500,2,1,96,0.0,0.5054500000000001,494,6.197972566088753,8.104344689378758,1000,6.907755278982134,10.000894894894895,500,0.982498
20,500,2,1,97,0.0,0.49820000000000003,494,6.197972566088753,8.104344689378758,999,6.906368984621015,9.997621621621622,500,0.982472
20,500,2,1,98,0.0,0.49745,494,6.197972566088753,8.104344689378758,1000,6.907755278982134,10.000826826826827,500,0.982542
20,500,2,1,99,0.0,0.50185,494,6.197972566088753,8.104344689378758,1000,6.907755278982134,10.00417017017017,500,0.9831340000000001
20,500,2,2,0,0.0,0.49510000000000004,495,6.200745154810994,8.044496993987975,999,6.906368984621015,10.00144944944945,500,0.9828439999999999
20,500,2,2,1,0.0,0.49845000000000006,495,6.200745154810994,8.044496993987975,1000,6.907755278982134,10.001199199199199,500,0.9831279999999999
20,500,2,2,2,0.0,0.5028,495,6.200745154810994,8.044496993987975,999,6.906368984621015,10.00024024024024,500,0.9831340000000001
20,500,2,2,3,0.0,0.4998000000000001,495,6.200745154810994,8.044496993987975,1000,6.907755278982134,10.003831831831832,500,0.983172
20,500,2,2,4,0.0,0.5008,495,6.200745154810994,8.044496993987975,1000,6.907755278982134,10.004608608608608,500,0.9837400000000002
20,500,2,2,5,0.0,0.50225,495,6.200745154810994,8.044496993987975,1000,6.907755278982134,9.999029029029028,500,0.983588
20,500,2,2,6,0.0,0.5004500000000001,495,6.200745154810994,8.044496993987975,1000,6.907755278982134,10.002428428428429,500,0.983206
20,500,2,2,7,0.0,0.49779999999999996,495,6.200745154810994,8.044496993987975,1000,6.907755278982134,9.998682682682682,500,0.9823919999999999
20,500,2,2,8,0.0,0.49975,495,6.200745154810994,8.044496993987975,999,6.906368984621015,9.99693893893894,500,0.9832819999999999
20,500,2,2,9,0.0,0.50275,495,6.200745154810994,8.044496993987975,998,6.904982690259894,10.001575575575576,500,0.9830720000000001
20,500,2,2,10,0.0,0.49785,495,6.200745154810994,8.044496993987975,999,6.906368984621015,10.000106106106106,500,0.9828819999999999
20,500,2,2,11,0.0,0.49745000000000006,495,6.200745154810994,8.044496993987975,999,6.906368984621015,10.001107107107106,500,0.9827039999999999
20,500,2,2,12,0.0,0.5017,495,6.200745154810994,8.044496993987975,999,6.906368984621015,9.999391391391391,500,0.983432
20,500,2,2,13,0.0,0.5005,495,6.200745154810994,8.044496993987975,1000,6.907755278982134,9.998262262262262,500,0.983332
20,500,2,2,14,0.0,0.49470000000000003,495,6.200745154810994,8.044496993987975,999,6.906368984621015,10.006234234234235,500,0.9826739999999999
20,500,2,2,15,0.0,0.5016,495,6.200745154810994,8.044496993987975,1000,6.907755278982134,10.003655655655656,500,0.9830959999999999
20,500,2,2,16,0.0,0.50185,495,6.200745154810994,8.044496993987975,1000,6.907755278982134,10.003153153153153,500,0.983694
20,500,2,2,17,0.0,0.501,495,6.200745154810994,8.044496993987975,1000,6.907755278982134,10.0045005005005,500,0.982798
20,500,2,2,18,0.0,0.5033,495,6.200745154810994,8.044496993987975,999,6.906368984621015,10.001625625625625,500,0.9835719999999999
20,500,2,2,19,0.0,0.49954999999999994,495,6.200745154810994,8.044496993987975,1000,6.907755278982134,10.000182182182183,500,0.983182
20,500,2,2,20,0.0,0.5024500000000001,495,6.200745154810994,8.044496993987975,1000,6.907755278982134,10.002556556556556,500,0.983676
20,500,2,2,21,0.0,0.4995,495,6.200745154810994,8.044496993987975,1000,6.907755278982134,10.005801801801802,500,0.983028
20,500,2,2,22,0.0,0.50315,495,6.200745154810994,8.044496993987975,1000,6.907755278982134,9.997923923923924,500,0.983624
20,500,2,2,23,0.0,0.49570000000000003,495,6.200745154810994,8.044496993987975,999,6.906368984621015,10.000756756756756,500,0.9825260000000001
20,500,2,2,24,0.0,0.5000500000000001,495,6.200745154810994,8.044496993987975,1000,6.907755278982134,10.005235235235235,500,0.983518
20,500,2,2,25,0.0,0.49689999999999995,495,6.200745154810994,8.044496993987975,1000,6.907755278982134,10.003095095095095,500,0.98252
20,500,2,2,26,0.0,0.4958000000000001,495,6.200745154810994,8.044496993987975,1000,6.907755278982134,10.002986986986986,500,0.982482
20,500,2,2,27,0.0,0.5010500000000001,495,6.200745154810994,8.044496993987975,999,6.906368984621015,10.001439439439439,500,0.9830539999999999
20,500,2,2,28,0.0,0.5053000000000001,495,6.200745154810994,8.044496993987975,1000,6.907755278982134,10.000584584584585,500,0.98429
20,500,2,2,29,0.0,0.4975,495,6.200745154810994,8.044496993987975,999,6.906368984621015,9.997553553553553,500,0.9819159999999999
20,500,2,2,30,0.0,0.50045,495,6.200745154810994,8.044496993987975,999,6.906368984621015,9.997283283283283,500,0.9836
20,500,2,2,31,0.0,0.49755,495,6.200745154810994,8.044496993987975,999,6.906368984621015,10.000998998998998,500,0.983008
20,500,2,2,32,0.0,0.5074,495,6.200745154810994,8.044496993987975,999,6.906368984621015,10.001713713713714,500,0.984028
20,500,2,2,33,0.0,0.49820000000000003,495,6.200745154810994,8.044496993987975,999,6.906368984621015,10.000688688688689,500,0.983184
20,500,2,2,34,0.0,0.499,495,6.200745154810994,8.044496993987975,1000,6.907755278982134,10.004068068068069,500,0.982416
20,500,2,2,35,0.0,0.49605000000000005,495,6.200745154810994,8.044496993987975,1000,6.907755278982134,9.999149149149149,500,0.9824379999999999
20,500,2,2,36,0.0,0.49345000000000006,495,6.200745154810994,8.044496993987975,1000,6.907755278982134,9.999517517517518,500,0.9822540000000001
20,500,2,2,37,0.0,0.49760000000000004,495,6.200745154810994,8.044496993987975,1000,6.907755278982134,10.00132932932933,500,0.982804
20,500,2,2,38,0.0,0.50225,495,6.200745154810994,8.044496993987975,999,6.906368984621015,9.997315315315316,500,0.9830279999999999
20,500,2,2,39,0.0,0.5006,495,6.200745154810994,8.044496993987975,999,6.906368984621015,9.996976976976978,500,0.982976
20,500,2,2,40,0.0,0.49845000000000006,495,6.200745154810994,8.044496993987975,1000,6.907755278982134,10.000414414414415,500,0.98308
20,500,2,2,41,0.0,0.5016,495,6.200745154810994,8.044496993987975,1000,6.907755278982134,10.001001001001,500,0.983416
20,500,2,2,42,0.0,0.49855,495,6.200745154810994,8.044496993987975,1000,6.907755278982134,9.999857857857858,500,0.983232
20,500,2,2,43,0.0,0.4978,495,6.200745154810994,8.044496993987975,1000,6.907755278982134,10.000992992992993,500,0.982842
20,500,2,2,44,0.0,0.50185,495,6.200745154810994,8.044496993987975,999,6.906368984621015,9.995685685685686,500,0.9831859999999999
20,500,2,2,45,0.0,0.4993000000000001,495,6.200745154810994,8.044496993987975,1000,6.907755278982134,10.003603603603604,500,0.9825980000000001
20,500,2,2,46,0.0,0.4983,495,6.200745154810994,8.044496993987975,1000,6.907755278982134,10.000188188188188,500,0.9831899999999999
20,500,2,2,47,0.0,0.5002000000000001,495,6.200745154810994,8.044496993987975,1000,6.907755278982134,9.996404404404405,500,0.98266
20,500,2,2,48,0.0,0.49525,495,6.200745154810994,8.044496993987975,1000,6.907755278982134,9.999877877877879,500,0.9827059999999999
20,500,2,2,49,0.0,0.49870000000000003,495,6.200745154810994,8.044496993987975,998,6.904982690259894,10.001097097097096,500,0.98298
20,500,2,2,50,0.0,0.49465,495,6.200745154810994,8.044496993987975,1000,6.907755278982134,9.996122122122122,500,0.982194
20,500,2,2,51,0.0,0.49715,495,6.200745154810994,8.044496993987975,1000,6.907755278982134,10.002484484484485,500,0.9827339999999999
20,500,2,2,52,0.0,0.49645000000000006,495,6.200745154810994,8.044496993987975,1000,6.907755278982134,10.003545545545546,500,0.9829220000000001
20,500,2,2,53,0.0,0.5013500000000001,495,6.200745154810994,8.044496993987975,1000,6.907755278982134,10.00157157157157,500,0.983926
20,500,2,2,54,0.0,0.5032000000000001,495,6.200745154810994,8.044496993987975,1000,6.907755278982134,10.00542142142142,500,0.984034
20,500,2,2,55,0.0,0.49815,495,6.200745154810994,8.044496993987975,999,6.906368984621015,10.002972972972973,500,0.982254
20,500,2,2,56,0.0,0.50155,495,6.200745154810994,8.044496993987975,999,6.906368984621015,10.002352352352352,500,0.9831019999999999
20,500,2,2,57,0.0,0.50315,495,6.200745154810994,8.044496993987975,1000,6.907755278982134,9.997455455455455,500,0.983116
20,500,2,2,58,0.0,0.5011,495,6.200745154810994,8.044496993987975,1000,6.907755278982134,10.004572572572572,500,0.9833
20,500,2,2,59,0.0,0.49965,495,6.200745154810994,8.044496993987975,999,6.906368984621015,10.003365365365365,500,0.982684
20,500,2,2,60,0.0,0.5007,495,6.200745154810994,8.044496993987975,1000,6.907755278982134,10.00335935935936,500,0.98346
20,500,2,2,61,0.0,0.49825,495,6.200745154810994,8.044496993987975,999,6.906368984621015,9.997371371371372,500,0.983304
20,500,2,2,62,0.0,0.50285,495,6.200745154810994,8.044496993987975,1000,6.907755278982134,10.001127127127127,500,0.98368
20,500,2,2,63,0.0,0.50075,495,6.200745154810994,8.044496993987975,1000,6.907755278982134,9.998884884884886,500,0.98353
20,500,2,2,64,0.0,0.49640000000000006,495,6.200745154810994,8.044496993987975,998,6.904982690259894,10.000104104104103,500,0.9824599999999999
20,500,2,2,65,0.0,0.49395000000000006,495,6.200745154810994,8.044496993987975,1000,6.907755278982134,9.99723123123123,500,0.982634
20,500,2,2,66,0.0,0.5065500000000001,495,6.200745154810994,8.044496993987975,999,6.906368984621015,9.99663063063063,500,0.9842159999999999
20,500,2,2,67,0.0,0.49915,495,6.200745154810994,8.044496993987975,1000,6.907755278982134,10.003313313313313,500,0.983106
20,500,2,2,68,0.0,0.5008,495,6.200745154810994,8.044496993987975,1000,6.907755278982134,10.004244244244244,500,0.9829939999999999
20,500,2,2,69,0.0,0.49989999999999996,495,6.200745154810994,8.044496993987975,1000,6.907755278982134,10.00337137137137,500,0.982952
20,500,2,2,70,0.0,0.5005,495,6.200745154810994,8.044496993987975,999,6.906368984621015,10.001165165165165,500,0.983028
20,500,2,2,71,0.0,0.4992,495,6.200745154810994,8.044496993987975,1000,6.907755278982134,9.99993993993994,500,0.9831579999999999
20,500,2,2,72,0.0,0.5015,495,6.200745154810994,8.044496993987975,999,6.906368984621015,9.998326326326326,500,0.982954
20,500,2,2,73,0.0,0.50115,495,6.200745154810994,8.044496993987975,999,6.906368984621015,10.000634634634634,500,0.983182
20,500,2,2,74,0.0,0.50185,495,6.200745154810994,8.044496993987975,1000,6.907755278982134,10.00157957957958,500,0.983624
20,500,2,2,75,0.0,0.5010500000000001,495,6.200745154810994,8.044496993987975,1000,6.907755278982134,9.998372372372373,500,0.98324
20,500,2,2,76,0.0,0.5002000000000001,495,6.200745154810994,8.044496993987975,1000,6.907755278982134,10.000692692692693,500,0.98283
20,500,2,2,77,0.0,0.49870000000000003,495,6.200745154810994,8.044496993987975,1000,6.907755278982134,9.999119119119118,500,0.982882
20,500,2,2,78,0.0,0.49855000000000005,495,6.200745154810994,8.044496993987975,1000,6.907755278982134,9.9945005005005,500,0.9834100000000001
20,500,2,2,79,0.0,0.49810000000000004,495,6.200745154810994,8.044496993987975,1000,6.907755278982134,10.00263063063063,500,0.983306
20,500,2,2,80,0.0,0.49775,495,6.200745154810994,8.044496993987975,1000,6.907755278982134,10.003481481481481,500,0.982818
20,500,2,2,81,0.0,0.49889999999999995,495,6.200745154810994,8.044496993987975,999,6.906368984621015,9.999843843843843,500,0.983394
20,500,2,2,82,0.0,0.50405,495,6.200745154810994,8.044496993987975,1000,6.907755278982134,10.001179179179179,500,0.983518
20,500,2,2,83,0.0,0.49810000000000004,495,6.200745154810994,8.044496993987975,1000,6.907755278982134,10.004736736736737,500,0.9829659999999999
20,500,2,2,84,0.0,0.4979,495,6.200745154810994,8.044496993987975,1000,6.907755278982134,10.003143143143143,500,0.982594
20,500,2,2,85,0.0,0.49870000000000003,495,6.200745154810994,8.044496993987975,1000,6.907755278982134,10.002158158158158,500,0.983758
20,500,2,2,86,0.0,0.49820000000000003,495,6.200745154810994,8.044496993987975,1000,6.907755278982134,10.001201201201201,500,0.982788
20,500,2,2,87,0.0,0.50005,495,6.200745154810994,8.044496993987975,1000,6.907755278982134,10.005291291291291,500,0.982656
20,500,2,2,88,0.0,0.49915,495,6.200745154810994,8.044496993987975,1000,6.907755278982134,10.001843843843844,500,0.9827279999999999
20,500,2,2,89,0.0,0.49755,495,6.200745154810994,8.044496993987975,999,6.906368984621015,10.0008988988989,500,0.9828419999999999
20,500,2,2,90,0.0,0.50125,495,6.200745154810994,8.044496993987975,999,6.906368984621015,9.995905905905905,500,0.9834019999999999
20,500,2,2,91,0.0,0.50395,495,6.200745154810994,8.044496993987975,1000,6.907755278982134,9.996214214214215,500,0.98288
20,500,2,2,92,0.0,0.5032000000000001,495,6.200745154810994,8.044496993987975,1000,6.907755278982134,10.001481481481482,500,0.98402
20,500,2,2,93,0.0,0.4978000000000001,495,6.200745154810994,8.044496993987975,1000,6.907755278982134,9.999787787787788,500,0.981968
20,500,2,2,94,0.0,0.49960000000000004,495,6.200745154810994,8.044496993987975,1000,6.907755278982134,10.002910910910911,500,0.98237
20,500,2,2,95,0.0,0.49695000000000006,495,6.200745154810994,8.044496993987975,1000,6.907755278982134,9.998936936936937,500,0.9823719999999998
20,500,2,2,96,0.0,0.49760000000000004,495,6.200745154810994,8.044496993987975,1000,6.907755278982134,10.003763763763764,500,0.982896
20,500,2,2,97,0.0,0.49605000000000005,495,6.200745154810994,8.044496993987975,1000,6.907755278982134,10.001371371371372,500,0.982428
20,500,2,2,98,0.0,0.49839999999999995,495,6.200745154810994,8.044496993987975,1000,6.907755278982134,10.003163163163164,500,0.9822860000000001
20,500,2,2,99,0.0,0.49789999999999995,495,6.200745154810994,8.044496993987975,1000,6.907755278982134,10.004192192192193,500,0.982536
20,500,2,3,0,0.0,0.49685,493,6.195199977366514,8.098581162324649,1000,6.907755278982134,10.002364364364364,500,0.98239
20,500,2,3,1,0.0,0.5018,493,6.195199977366514,8.098581162324649,1000,6.907755278982134,10.002454454454455,500,0.9835
20,500,2,3,2,0.0,0.49989999999999996,493,6.195199977366514,8.098581162324649,999,6.906368984621015,10.003567567567568,500,0.982992
20,500,2,3,3,0.0,0.49745000000000006,493,6.195199977366514,8.098581162324649,1000,6.907755278982134,9.998320320320321,500,0.9825999999999999
20,500,2,3,4,0.0,0.5009,493,6.195199977366514,8.098581162324649,999,6.906368984621015,10.002506506506506,500,0.983418
20,500,2,3,5,0.0,0.49589999999999995,493,6.195199977366514,8.098581162324649,1000,6.907755278982134,10.00138938938939,500,0.9825699999999999
20,500,2,3,6,0.0,0.49835,493,6.195199977366514,8.098581162324649,1000,6.907755278982134,10.000138138138139,500,0.9824499999999999
20,500,2,3,7,0.0,0.4995,493,6.195199977366514,8.098581162324649,1000,6.907755278982134,10.001141141141142,500,0.983154
20,500,2,3,8,0.0,0.5029,493,6.195199977366514,8.098581162324649,1000,6.907755278982134,9.996496496496496,500,0.983984
20,500,2,3,9,0.0,0.5006,493,6.195199977366514,8.098581162324649,1000,6.907755278982134,10.003375375375375,500,0.983438
20,500,2,3,10,0.0,0.50215,493,6.195199977366514,8.098581162324649,1000,6.907755278982134,9.998412412412412,500,0.983026
20,500,2,3,11,0.0,0.49789999999999995,493,6.195199977366514,8.098581162324649,999,6.906368984621015,10.00215015015015,500,0.982532
20,500,2,3,12,0.0,0.5014,493,6.195199977366514,8.098581162324649,1000,6.907755278982134,9.999747747747747,500,0.9834100000000001
20,500,2,3,13,0.0,0.4992,493,6.195199977366514,8.098581162324649,1000,6.907755278982134,9.999611611611611,500,0.983394
20,500,2,3,14,0.0,0.4998000000000001,493,6.195199977366514,8.098581162324649,1000,6.907755278982134,10.004852852852853,500,0.983088
20,500,2,3,15,0.0,0.49639999999999995,493,6.195199977366514,8.098581162324649,1000,6.907755278982134,9.99790990990991,500,0.9826880000000001
20,500,2,3,16,0.0,0.50195,493,6.195199977366514,8.098581162324649,1000,6.907755278982134,9.99814014014014,500,0.983682
20,500,2,3,17,0.0,0.49860000000000004,493,6.195199977366514,8.098581162324649,998,6.904982690259894,9.998966966966966,500,0.9835719999999999
20,500,2,3,18,0.0,0.49955000000000005,493,6.195199977366514,8.098581162324649,1000,6.907755278982134,9.999217217217216,500,0.983386
20,500,2,3,19,0.0,0.49815,493,6.195199977366514,8.098581162324649,1000,6.907755278982134,10.00033033033033,500,0.984124
20,500,2,3,20,0.0,0.5013500000000001,493,6.195199977366514,8.098581162324649,1000,6.907755278982134,10.003321321321321,500,0.983186
20,500,2,3,21,0.0,0.49765,493,6.195199977366514,8.098581162324649,1000,6.907755278982134,10.000322322322322,500,0.9830399999999999
20,500,2,3,22,0.0,0.49905,493,6.195199977366514,8.098581162324649,998,6.904982690259894,9.999137137137136,500,0.98321
20,500,2,3,23,0.0,0.5026499999999999,493,6.195199977366514,8.098581162324649,999,6.906368984621015,10.001067067067067,500,0.9831759999999999
20,500,2,3,24,0.0,0.49825,493,6.195199977366514,8.098581162324649,998,6.904982690259895,10.001923923923924,500,0.983384
20,500,2,3,25,0.0,0.49660000000000004,493,6.195199977366514,8.098581162324649,999,6.906368984621015,10.002786786786787,500,0.9834919999999999
20,500,2,3,26,0.0,0.49965,493,6.195199977366514,8.098581162324649,1000,6.907755278982134,10.00469069069069,500,0.983652
20,500,2,3,27,0.0,0.49335,493,6.195199977366514,8.098581162324649,1000,6.907755278982134,10.002636636636637,500,0.982642
20,500,2,3,28,0.0,0.49805000000000005,493,6.195199977366514,8.098581162324649,1000,6.907755278982134,9.998736736736737,500,0.9827479999999998
20,500,2,3,29,0.0,0.4975,493,6.195199977366514,8.098581162324649,1000,6.907755278982134,9.997553553553553,500,0.9833139999999999
20,500,2,3,30,0.0,0.49554999999999993,493,6.195199977366514,8.098581162324649,1000,6.907755278982134,10.000258258258258,500,0.9826159999999999
20,500,2,3,31,0.0,0.4983000000000001,493,6.195199977366514,8.098581162324649,1000,6.907755278982134,10.004776776776776,500,0.983242
20,500,2,3,32,0.0,0.50185,493,6.195199977366514,8.098581162324649,999,6.906368984621015,10.004322322322322,500,0.9829939999999999
20,500,2,3,33,0.0,0.49839999999999995,493,6.195199977366514,8.098581162324649,1000,6.907755278982134,9.99541941941942,500,0.982198
20,500,2,3,34,0.0,0.5004500000000001,493,6.195199977366514,8.098581162324649,998,6.904982690259895,9.997775775775775,500,0.983122
20,500,2,3,35,0.0,0.5055,493,6.195199977366514,8.098581162324649,999,6.906368984621015,9.994106106106106,500,0.9834899999999999
20,500,2,3,36,0.0,0.5014500000000001,493,6.195199977366514,8.098581162324649,1000,6.907755278982134,9.998308308308308,500,0.9834700000000001
20,500,2,3,37,0.0,0.4998000000000001,493,6.195199977366514,8.098581162324649,1000,6.907755278982134,10.002198198198197,500,0.9830260000000001
20,500,2,3,38,0.0,0.5013,493,6.195199977366514,8.098581162324649,1000,6.907755278982134,10.000132132132132,500,0.9828640000000001
20,500,2,3,39,0.0,0.49870000000000003,493,6.195199977366514,8.098581162324649,999,6.906368984621015,10.000380380380381,500,0.983262
20,500,2,3,40,0.0,0.5015,493,6.195199977366514,8.098581162324649,1000,6.907755278982134,10.000024024024023,500,0.983042
20,500,2,3,41,0.0,0.5024000000000001,493,6.195199977366514,8.098581162324649,1000,6.907755278982134,10.001781781781782,500,0.983244
20,500,2,3,42,0.0,0.5033000000000001,493,6.195199977366514,8.098581162324649,1000,6.907755278982134,9.997513513513514,500,0.983322
20,500,2,3,43,0.0,0.4998000000000001,493,6.195199977366514,8.098581162324649,999,6.906368984621015,10.003035035035035,500,0.98307
20,500,2,3,44,0.0,0.4973000000000001,493,6.195199977366514,8.098581162324649,999,6.906368984621015,10.003587587587587,500,0.98251
20,500,2,3,45,0.0,0.49920000000000003,493,6.195199977366514,8.098581162324649,1000,6.907755278982134,10.000208208208209,500,0.9833439999999999
20,500,2,3,46,0.0,0.49870000000000003,493,6.195199977366514,8.098581162324649,1000,6.907755278982134,10.005293293293294,500,0.9833160000000001
20,500,2,3,47,0.0,0.49995000000000006,493,6.195199977366514,8.098581162324649,1000,6.907755278982134,9.997663663663664,500,0.9829880000000001
20,500,2,3,48,0.0,0.49745000000000006,493,6.195199977366514,8.098581162324649,1000,6.907755278982134,9.996514514514514,500,0.982918
20,500,2,3,49,0.0,0.49870000000000003,493,6.195199977366514,8.098581162324649,1000,6.907755278982134,10.005129129129129,500,0.9833879999999999
20,500,2,3,50,0.0,0.50185,493,6.195199977366514,8.098581162324649,999,6.906368984621015,10.001543543543544,500,0.9833719999999999
20,500,2,3,51,0.0,0.49695000000000006,493,6.195199977366514,8.098581162324649,1000,6.907755278982134,10.001047047047047,500,0.983362
20,500,2,3,52,0.0,0.5025,493,6.195199977366514,8.098581162324649,999,6.906368984621015,10.003023023023022,500,0.983816
20,500,2,3,53,0.0,0.49560000000000004,493,6.195199977366514,8.098581162324649,1000,6.907755278982134,9.995515515515516,500,0.9823379999999999
20,500,2,3,54,0.0,0.49689999999999995,493,6.195199977366514,8.098581162324649,1000,6.907755278982134,9.997757757757757,500,0.9823439999999999
20,500,2,3,55,0.0,0.5022,493,6.195199977366514,8.098581162324649,998,6.904982690259894,9.996404404404405,500,0.983524
20,500,2,3,56,0.0,0.49610000000000004,493,6.195199977366514,8.098581162324649,1000,6.907755278982134,10.000044044044044,500,0.9820059999999998
20,500,2,3,57,0.0,0.49910000000000004,493,6.195199977366514,8.098581162324649,1000,6.907755278982134,9.999707707707708,500,0.9833979999999999
20,500,2,3,58,0.0,0.49960000000000004,493,6.195199977366514,8.098581162324649,999,6.906368984621015,10.003495495495496,500,0.983418
20,500,2,3,59,0.0,0.50115,493,6.195199977366514,8.098581162324649,1000,6.907755278982134,10.004334334334334,500,0.98325
20,500,2,3,60,0.0,0.5006,493,6.195199977366514,8.098581162324649,1000,6.907755278982134,10.000780780780781,500,0.982802
20,500,2,3,61,0.0,0.5003000000000001,493,6.195199977366514,8.098581162324649,999,6.906368984621015,9.996684684684684,500,0.9836459999999999
20,500,2,3,62,0.0,0.4953000000000001,493,6.195199977366514,8.098581162324649,1000,6.907755278982134,10.001665665665666,500,0.9823019999999999
20,500,2,3,63,0.0,0.5006,493,6.195199977366514,8.098581162324649,1000,6.907755278982134,9.999163163163162,500,0.9834279999999999
20,500,2,3,64,0.0,0.50105,493,6.195199977366514,8.098581162324649,999,6.906368984621015,10.000962962962962,500,0.982836
20,500,2,3,65,0.0,0.5006,493,6.195199977366514,8.098581162324649,1000,6.907755278982134,10.004352352352353,500,0.982866
20,500,2,3,66,0.0,0.49825,493,6.195199977366514,8.098581162324649,999,6.906368984621015,10.001947947947947,500,0.982926
20,500,2,3,67,0.0,0.5053000000000001,493,6.195199977366514,8.098581162324649,1000,6.907755278982134,10.000176176176176,500,0.9836520000000001
20,500,2,3,68,0.0,0.49945000000000006,493,6.195199977366514,8.098581162324649,999,6.906368984621015,9.996034034034034,500,0.982866
20,500,2,3,69,0.0,0.49985,493,6.195199977366514,8.098581162324649,1000,6.907755278982134,10.001043043043044,500,0.9833419999999999
20,500,2,3,70,0.0,0.5036,493,6.195199977366514,8.098581162324649,999,6.906368984621015,10.006262262262263,500,0.984366
20,500,2,3,71,0.0,0.4973,493,6.195199977366514,8.098581162324649,1000,6.907755278982134,10.001325325325325,500,0.9832939999999999
20,500,2,3,72,0.0,0.50255,493,6.195199977366514,8.098581162324649,998,6.904982690259894,10.002648648648648,500,0.9835499999999999
20,500,2,3,73,0.0,0.50205,493,6.195199977366514,8.098581162324649,1000,6.907755278982134,10.00206006006006,500,0.98349
20,500,2,3,74,0.0,0.49555,493,6.195199977366514,8.098581162324649,999,6.906368984621015,10.001527527527527,500,0.982714
20,500,2,3,75,0.0,0.49875,493,6.195199977366514,8.098581162324649,1000,6.907755278982134,10.001975975975975,500,0.98353
20,500,2,3,76,0.0,0.497,493,6.195199977366514,8.098581162324649,1000,6.907755278982134,10.000124124124124,500,0.982742
20,500,2,3,77,0.0,0.49810000000000004,493,6.195199977366514,8.098581162324649,999,6.906368984621015,10.00166966966967,500,0.9833379999999999
20,500,2,3,78,0.0,0.5006,493,6.195199977366514,8.098581162324649,1000,6.907755278982134,10.00265065065065,500,0.983146
20,500,2,3,79,0.0,0.49585,493,6.195199977366514,8.098581162324649,999,6.906368984621015,9.998684684684685,500,0.9818859999999999
20,500,2,3,80,0.0,0.50085,493,6.195199977366514,8.098581162324649,1000,6.907755278982134,10.000298298298299,500,0.9835640000000001
20,500,2,3,81,0.0,0.49865000000000004,493,6.195199977366514,8.098581162324649,999,6.906368984621015,9.99530930930931,500,0.983248
20,500,2,3,82,0.0,0.5044500000000001,493,6.195199977366514,8.098581162324649,1000,6.907755278982134,10.002912912912914,500,0.9833999999999999
20,500,2,3,83,0.0,0.4943,493,6.195199977366514,8.098581162324649,1000,6.907755278982134,10.000524524524524,500,0.9820599999999999
20,500,2,3,84,0.0,0.49815,493,6.195199977366514,8.098581162324649,1000,6.907755278982134,10.004066066066066,500,0.982722
20,500,2,3,85,0.0,0.5013,493,6.195199977366514,8.098581162324649,1000,6.907755278982134,9.999219219219219,500,0.982168
20,500,2,3,86,0.0,0.49639999999999995,493,6.195199977366514,8.098581162324649,1000,6.907755278982134,10.000604604604604,500,0.98302
20,500,2,3,87,0.0,0.49739999999999995,493,6.195199977366514,8.098581162324649,1000,6.907755278982134,10.001053053053052,500,0.9826079999999999
20,500,2,3,88,0.0,0.5005,493,6.195199977366514,8.098581162324649,1000,6.907755278982134,10.002854854854855,500,0.983712
20,500,2,3,89,0.0,0.49765000000000004,493,6.195199977366514,8.098581162324649,1000,6.907755278982134,9.996782782782782,500,0.982688
20,500,2,3,90,0.0,0.4995,493,6.195199977366514,8.098581162324649,1000,6.907755278982134,10.003055055055055,500,0.983536
20,500,2,3,91,0.0,0.5013500000000001,493,6.195199977366514,8.098581162324649,999,6.906368984621015,10.002572572572573,500,0.9835219999999999
20,500,2,3,92,0.0,0.49755000000000005,493,6.195199977366514,8.098581162324649,999,6.906368984621015,10.000082082082082,500,0.982324
20,500,2,3,93,0.0,0.5003500000000001,493,6.195199977366514,8.098581162324649,999,6.906368984621015,9.999073073073074,500,0.9840679999999999
20,500,2,3,94,0.0,0.49975,493,6.195199977366514,8.098581162324649,1000,6.907755278982134,10.003897897897899,500,0.9832079999999999
20,500,2,3,95,0.0,0.50095,493,6.195199977366514,8.098581162324649,1000,6.907755278982134,10.001215215215215,500,0.982772
20,500,2,3,96,0.0,0.49885,493,6.195199977366514,8.098581162324649,1000,6.907755278982134,10.004078078078079,500,0.9825379999999999
20,500,2,3,97,0.0,0.5022,493,6.195199977366514,8.098581162324649,1000,6.907755278982134,10.001621621621622,500,0.983318
20,500,2,3,98,0.0,0.5012000000000001,493,6.195199977366514,8.098581162324649,1000,6.907755278982134,10.001617617617617,500,0.982942
20,500,2,3,99,0.0,0.5006499999999999,493,6.195199977366514,8.098581162324649,999,6.906368984621015,10.002912912912914,500,0.983462
20,500,3,1,0,0.0,0.50125,500,6.214608098422192,9.498901803607215,998,6.904982690259894,9.997499499499499,500,0.78661
20,500,3,1,1,0.0,0.49965,500,6.214608098422192,9.498901803607215,999,6.906368984621015,9.999077077077077,500,0.7861480000000002
20,500,3,1,2,0.0,0.49545,500,6.214608098422192,9.498901803607215,999,6.906368984621015,10.000754754754755,500,0.783894
20,500,3,1,3,0.0,0.5001,500,6.214608098422192,9.498901803607215,1000,6.907755278982134,9.995711711711712,500,0.786954
20,500,3,1,4,0.0,0.49305,500,6.214608098422192,9.498901803607215,1000,6.907755278982134,9.995673673673673,500,0.7844500000000001
20,500,3,1,5,0.0,0.49835,500,6.214608098422192,9.498901803607215,1000,6.907755278982134,10.000966966966967,500,0.7860860000000001
20,500,3,1,6,0.0,0.50095,500,6.214608098422192,9.498901803607215,1000,6.907755278982134,9.997343343343344,500,0.787156
20,500,3,1,7,0.0,0.4995,500,6.214608098422192,9.498901803607215,1000,6.907755278982134,10.004,500,0.7873340000000001
20,500,3,1,8,0.0,0.49635,500,6.214608098422192,9.498901803607215,1000,6.907755278982134,9.996302302302302,500,0.7853100000000001
20,500,3,1,9,0.0,0.4987,500,6.214608098422192,9.498901803607215,1000,6.907755278982134,10.002374374374375,500,0.7863880000000001
20,500,3,1,10,0.0,0.50075,500,6.214608098422192,9.498901803607215,1000,6.907755278982134,10.001035035035034,500,0.7861500000000001
20,500,3,1,11,0.0,0.49625,500,6.214608098422192,9.498901803607215,1000,6.907755278982134,10.00013013013013,500,0.7852180000000001
20,500,3,1,12,0.0,0.5004,500,6.214608098422192,9.498901803607215,1000,6.907755278982134,10.00008008008008,500,0.7862619999999999
20,500,3,1,13,0.0,0.499,500,6.214608098422192,9.498901803607215,1000,6.907755278982134,10.00074074074074,500,0.78713
20,500,3,1,14,0.0,0.49295000000000005,500,6.214608098422192,9.498901803607215,999,6.906368984621015,10.000346346346346,500,0.7835019999999999
20,500,3,1,15,0.0,0.49965,500,6.214608098422192,9.498901803607215,999,6.906368984621015,10.00252052052052,500,0.7857759999999999
20,500,3,1,16,0.0,0.49645000000000006,500,6.214608098422192,9.498901803607215,999,6.906368984621015,10.002028028028027,500,0.7860240000000002
20,500,3,1,17,0.0,0.49475,500,6.214608098422192,9.498901803607215,1000,6.907755278982134,9.999597597597598,500,0.7831940000000001
20,500,3,1,18,0.0,0.49715000000000004,500,6.214608098422192,9.498901803607215,999,6.906368984621015,10.003905905905906,500,0.785382
20,500,3,1,19,0.0,0.497,500,6.214608098422192,9.498901803607215,1000,6.907755278982134,9.99947947947948,500,0.7858600000000001
20,500,3,1,20,0.0,0.49760000000000004,500,6.214608098422192,9.498901803607215,1000,6.907755278982134,9.997813813813814,500,0.785272
20,500,3,1,21,0.0,0.49795000000000006,500,6.214608098422192,9.498901803607215,1000,6.907755278982134,9.999173173173173,500,0.7850820000000001
20,500,3,1,22,0.0,0.501,500,6.214608098422192,9.498901803607215,1000,6.907755278982134,9.999119119119118,500,0.787856
20,500,3,1,23,0.0,0.49585,500,6.214608098422192,9.498901803607215,1000,6.907755278982134,10.000006006006005,500,0.784988
20,500,3,1,24,0.0,0.50055,500,6.214608098422192,9.498901803607215,999,6.906368984621015,9.998472472472473,500,0.7877860000000001
20,500,3,1,25,0.0,0.5008,500,6.214608098422192,9.498901803607215,999,6.906368984621015,10.00072872872873,500,0.7873960000000001
20,500,3,1,26,0.0,0.49805,500,6.214608098422192,9.498901803607215,1000,6.907755278982134,9.99689089089089,500,0.7857640000000001
20,500,3,1,27,0.0,0.4959,500,6.214608098422192,9.498901803607215,1000,6.907755278982134,9.996792792792792,500,0.7865979999999999
20,500,3,1,28,0.0,0.4972,500,6.214608098422192,9.498901803607215,1000,6.907755278982134,9.999731731731732,500,0.7856980000000001
20,500,3,1,29,0.0,0.4975,500,6.214608098422192,9.498901803607215,999,6.906368984621015,10.000404404404405,500,0.784588
20,500,3,1,30,0.0,0.4932,500,6.214608098422192,9.498901803607215,1000,6.907755278982134,9.996112112112112,500,0.786116
20,500,3,1,31,0.0,0.5008,500,6.214608098422192,9.498901803607215,1000,6.907755278982134,9.99893893893894,500,0.787752
20,500,3,1,32,0.0,0.5015,500,6.214608098422192,9.498901803607215,1000,6.907755278982134,9.996812812812813,500,0.786898
20,500,3,1,33,0.0,0.5016,500,6.214608098422192,9.498901803607215,1000,6.907755278982134,10.000464464464464,500,0.785636
20,500,3,1,34,0.0,0.49810000000000004,500,6.214608098422192,9.498901803607215,999,6.906368984621015,9.996576576576576,500,0.78624
20,500,3,1,35,0.0,0.49670000000000003,500,6.214608098422192,9.498901803607215,1000,6.907755278982134,10.003331331331331,500,0.7845260000000001
20,500,3,1,36,0.0,0.4973,500,6.214608098422192,9.498901803607215,1000,6.907755278982134,9.995851851851851,500,0.78746
20,500,3,1,37,0.0,0.49839999999999995,500,6.214608098422192,9.498901803607215,999,6.906368984621015,9.99977977977978,500,0.786872
20,500,3,1,38,0.0,0.4948,500,6.214608098422192,9.498901803607215,1000,6.907755278982134,9.999131131131131,500,0.783016
20,500,3,1,39,0.0,0.49625,500,6.214608098422192,9.498901803607215,1000,6.907755278982134,9.997495495495496,500,0.7843519999999999
20,500,3,1,40,0.0,0.501,500,6.214608098422192,9.498901803607215,1000,6.907755278982134,10.001545545545545,500,0.7875
20,500,3,1,41,0.0,0.49789999999999995,500,6.214608098422192,9.498901803607215,1000,6.907755278982134,10.000104104104103,500,0.785732
20,500,3,1,42,0.0,0.49985,500,6.214608098422192,9.498901803607215,1000,6.907755278982134,10.000314314314315,500,0.78711
20,500,3,1,43,0.0,0.49845,500,6.214608098422192,9.498901803607215,999,6.906368984621015,10.003893893893894,500,0.785506
20,500,3,1,44,0.0,0.49465,500,6.214608098422192,9.498901803607215,999,6.906368984621015,9.997347347347347,500,0.783864
20,500,3,1,45,0.0,0.49625,500,6.214608098422192,9.498901803607215,1000,6.907755278982134,9.999833833833835,500,0.785608
20,500,3,1,46,0.0,0.5004,500,6.214608098422192,9.498901803607215,1000,6.907755278982134,10.001225225225225,500,0.78769
20,500,3,1,47,0.0,0.49835,500,6.214608098422192,9.498901803607215,999,6.906368984621015,9.996414414414414,500,0.785406
20,500,3,1,48,0.0,0.50095,500,6.214608098422192,9.498901803607215,1000,6.907755278982134,9.99771971971972,500,0.7874540000000001
20,500,3,1,49,0.0,0.49705,500,6.214608098422192,9.498901803607215,1000,6.907755278982134,10.00268868868869,500,0.7856120000000001
20,500,3,1,50,0.0,0.49785,500,6.214608098422192,9.498901803607215,1000,6.907755278982134,10.001575575575576,500,0.7851760000000001
20,500,3,1,51,0.0,0.5005,500,6.214608098422192,9.498901803607215,1000,6.907755278982134,9.997441441441442,500,0.7875420000000001
20,500,3,1,52,0.0,0.50105,500,6.214608098422192,9.498901803607215,1000,6.907755278982134,9.995201201201201,500,0.788102
20,500,3,1,53,0.0,0.4958,500,6.214608098422192,9.498901803607215,1000,6.907755278982134,10.000032032032031,500,0.7854880000000001
20,500,3,1,54,0.0,0.49975,500,6.214608098422192,9.498901803607215,1000,6.907755278982134,9.997535535535535,500,0.7866460000000001
20,500,3,1,55,0.0,0.50355,500,6.214608098422192,9.498901803607215,1000,6.907755278982134,9.99558958958959,500,0.788128
20,500,3,1,56,0.0,0.5055000000000001,500,6.214608098422192,9.498901803607215,999,6.906368984621015,9.991887887887888,500,0.789404
20,500,3,1,57,0.0,0.49760000000000004,500,6.214608098422192,9.498901803607215,1000,6.907755278982134,10.003559559559559,500,0.784898
20,500,3,1,58,0.0,0.49585,500,6.214608098422192,9.498901803607215,999,6.906368984621015,9.999217217217216,500,0.783614
20,500,3,1,59,0.0,0.4978,500,6.214608098422192,9.498901803607215,1000,6.907755278982134,9.996576576576576,500,0.78573
20,500,3,1,60,0.0,0.5004000000000001,500,6.214608098422192,9.498901803607215,1000,6.907755278982134,9.99738938938939,500,0.7871860000000002
20,500,3,1,61,0.0,0.5037,500,6.214608098422192,9.498901803607215,1000,6.907755278982134,10.000448448448449,500,0.7875120000000001
20,500,3,1,62,0.0,0.4933,500,6.214608098422192,9.498901803607215,1000,6.907755278982134,10.00104904904905,500,0.78326
20,500,3,1,63,0.0,0.49935,500,6.214608098422192,9.498901803607215,1000,6.907755278982134,9.998136136136136,500,0.786082
20,500,3,1,64,0.0,0.49905,500,6.214608098422192,9.498901803607215,1000,6.907755278982134,9.999625625625626,500,0.786876
20,500,3,1,65,0.0,0.4983,500,6.214608098422192,9.498901803607215,1000,6.907755278982134,9.99871071071071,500,0.785322
20,500,3,1,66,0.0,0.4993,500,6.214608098422192,9.498901803607215,1000,6.907755278982134,10.003723723723724,500,0.7863660000000001
20,500,3,1,67,0.0,0.49865000000000004,500,6.214608098422192,9.498901803607215,1000,6.907755278982134,10.003505505505505,500,0.7862480000000001
20,500,3,1,68,0.0,0.49760000000000004,500,6.214608098422192,9.498901803607215,1000,6.907755278982134,10.004968968968969,500,0.7858140000000001
20,500,3,1,69,0.0,0.4998,500,6.214608098422192,9.498901803607215,1000,6.907755278982134,10.000588588588588,500,0.785316
20,500,3,1,70,0.0,0.49615000000000004,500,6.214608098422192,9.498901803607215,999,6.906368984621015,10.002388388388388,500,0.783716
20,500,3,1,71,0.0,0.50265,500,6.214608098422192,9.498901803607215,999,6.906368984621015,9.998364364364365,500,0.787384
20,500,3,1,72,0.0,0.49789999999999995,500,6.214608098422192,9.498901803607215,1000,6.907755278982134,9.997373373373373,500,0.786564
20,500,3,1,73,0.0,0.4932,500,6.214608098422192,9.498901803607215,1000,6.907755278982134,9.996756756756756,500,0.785564
20,500,3,1,74,0.0,0.5043,500,6.214608098422192,9.498901803607215,1000,6.907755278982134,9.997525525525525,500,0.787804
20,500,3,1,75,0.0,0.4988,500,6.214608098422192,9.498901803607215,1000,6.907755278982134,9.995771771771771,500,0.7870280000000001
20,500,3,1,76,0.0,0.4958,500,6.214608098422192,9.498901803607215,1000,6.907755278982134,9.996352352352352,500,0.7845460000000001
20,500,3,1,77,0.0,0.50095,500,6.214608098422192,9.498901803607215,1000,6.907755278982134,9.998980980980981,500,0.7865800000000002
20,500,3,1,78,0.0,0.49739999999999995,500,6.214608098422192,9.498901803607215,1000,6.907755278982134,9.999847847847848,500,0.7869680000000001
20,500,3,1,79,0.0,0.5,500,6.214608098422192,9.498901803607215,1000,6.907755278982134,10.001485485485485,500,0.787004
20,500,3,1,80,0.0,0.4949,500,6.214608098422192,9.498901803607215,1000,6.907755278982134,10.000804804804805,500,0.784614
20,500,3,1,81,0.0,0.49720000000000003,500,6.214608098422192,9.498901803607215,1000,6.907755278982134,9.994282282282283,500,0.786402
20,500,3,1,82,0.0,0.4998,500,6.214608098422192,9.498901803607215,1000,6.907755278982134,10.00002002002002,500,0.7857959999999999
20,500,3,1,83,0.0,0.49815000000000004,500,6.214608098422192,9.498901803607215,1000,6.907755278982134,9.997947947947948,500,0.785712
20,500,3,1,84,0.0,0.4989,500,6.214608098422192,9.498901803607215,1000,6.907755278982134,10.006078078078078,500,0.787414
20,500,3,1,85,0.0,0.49655,500,6.214608098422192,9.498901803607215,1000,6.907755278982134,9.999161161161162,500,0.78661
20,500,3,1,86,0.0,0.5003500000000001,500,6.214608098422192,9.498901803607215,1000,6.907755278982134,9.999309309309309,500,0.788104
20,500,3,1,87,0.0,0.50075,500,6.214608098422192,9.498901803607215,999,6.906368984621015,9.998208208208208,500,0.787234
20,500,3,1,88,0.0,0.4995,500,6.214608098422192,9.498901803607215,1000,6.907755278982134,10.00008008008008,500,0.7859640000000001
20,500,3,1,89,0.0,0.49735,500,6.214608098422192,9.498901803607215,999,6.906368984621015,9.991433433433434,500,0.7848780000000001
20,500,3,1,90,0.0,0.5006,500,6.214608098422192,9.498901803607215,999,6.906368984621015,9.999547547547548,500,0.786352
20,500,3,1,91,0.0,0.50025,500,6.214608098422192,9.498901803607215,998,6.904982690259895,10.001947947947947,500,0.78747
20,500,3,1,92,0.0,0.5013500000000001,500,6.214608098422192,9.498901803607215,999,6.906368984621015,9.996682682682684,500,0.787344
20,500,3,1,93,0.0,0.49639999999999995,500,6.214608098422192,9.498901803607215,999,6.906368984621015,9.997665665665666,500,0.7858699999999998
20,500,3,1,94,0.0,0.4953,500,6.214608098422192,9.498901803607215,1000,6.907755278982134,10.00223023023023,500,0.785004
20,500,3,1,95,0.0,0.5003500000000001,500,6.214608098422192,9.498901803607215,1000,6.907755278982134,10.001591591591591,500,0.78685
20,500,3,1,96,0.0,0.49685,500,6.214608098422192,9.498901803607215,999,6.906368984621015,10.003033033033033,500,0.784768
20,500,3,1,97,0.0,0.4948,500,6.214608098422192,9.498901803607215,999,6.906368984621015,10.000044044044044,500,0.784002
20,500,3,1,98,0.0,0.49710000000000004,500,6.214608098422192,9.498901803607215,1000,6.907755278982134,9.998726726726726,500,0.786282
20,500,3,1,99,0.0,0.49745,500,6.214608098422192,9.498901803607215,1000,6.907755278982134,10.000662662662663,500,0.7838440000000001
20,500,3,2,0,0.0,0.49865,500,6.214608098422192,9.503134268537075,1000,6.907755278982134,10.00208008008008,500,0.78708
20,500,3,2,1,0.0,0.50345,500,6.214608098422192,9.503134268537075,999,6.906368984621015,10.002148148148148,500,0.7901100000000001
20,500,3,2,2,0.0,0.50155,500,6.214608098422192,9.503134268537075,1000,6.907755278982134,10.00358958958959,500,0.7870199999999999
20,500,3,2,3,0.0,0.49960000000000004,500,6.214608098422192,9.503134268537075,1000,6.907755278982134,10.005477477477477,500,0.7873620000000001
20,500,3,2,4,0.0,0.4942,500,6.214608098422192,9.503134268537075,999,6.906368984621015,10.00397997997998,500,0.7836320000000001
20,500,3,2,5,0.0,0.49989999999999996,500,6.214608098422192,9.503134268537075,1000,6.907755278982134,10.005793793793794,500,0.7865440000000001
20,500,3,2,6,0.0,0.49565,500,6.214608098422192,9.503134268537075,1000,6.907755278982134,10.003605605605605,500,0.785258
20,500,3,2,7,0.0,0.5026499999999999,500,6.214608098422192,9.503134268537075,1000,6.907755278982134,10.003637637637638,500,0.789504
20,500,3,2,8,0.0,0.49860000000000004,500,6.214608098422192,9.503134268537075,1000,6.907755278982134,10.006106106106106,500,0.7876559999999999
20,500,3,2,9,0.0,0.49834999999999996,500,6.214608098422192,9.503134268537075,1000,6.907755278982134,10.002892892892893,500,0.788496
20,500,3,2,10,0.0,0.50105,500,6.214608098422192,9.503134268537075,1000,6.907755278982134,10.00533933933934,500,0.7888320000000001
20,500,3,2,11,0.0,0.49604999999999994,500,6.214608098422192,9.503134268537075,1000,6.907755278982134,10.00346146146146,500,0.784526
20,500,3,2,12,0.0,0.5031,500,6.214608098422192,9.503134268537075,999,6.906368984621015,10.005997997997998,500,0.7884220000000001
20,500,3,2,13,0.0,0.49825,500,6.214608098422192,9.503134268537075,1000,6.907755278982134,10.002652652652653,500,0.786674
20,500,3,2,14,0.0,0.49695000000000006,500,6.214608098422192,9.503134268537075,999,6.906368984621015,9.999373373373373,500,0.785304
20,500,3,2,15,0.0,0.49705,500,6.214608098422192,9.503134268537075,1000,6.907755278982134,10.002288288288288,500,0.785292
20,500,3,2,16,0.0,0.4978,500,6.214608098422192,9.503134268537075,1000,6.907755278982134,10.003215215215215,500,0.7858999999999999
20,500,3,2,17,0.0,0.5003,500,6.214608098422192,9.503134268537075,998,6.904982690259895,10.00365965965966,500,0.788194
20,500,3,2,18,0.0,0.49745,500,6.214608098422192,9.503134268537075,1000,6.907755278982134,10.005795795795796,500,0.7849360000000001
20,500,3,2,19,0.0,0.4991,500,6.214608098422192,9.503134268537075,1000,6.907755278982134,10.004848848848848,500,0.7869060000000001
20,500,3,2,20,0.0,0.50075,500,6.214608098422192,9.503134268537075,1000,6.907755278982134,10.004858858858858,500,0.78992
20,500,3,2,21,0.0,0.49735,500,6.214608098422192,9.503134268537075,1000,6.907755278982134,10.004374374374374,500,0.78655
20,500,3,2,22,0.0,0.49829999999999997,500,6.214608098422192,9.503134268537075,1000,6.907755278982134,10.002806806806808,500,0.7847719999999999
20,500,3,2,23,0.0,0.49795,500,6.214608098422192,9.503134268537075,1000,6.907755278982134,10.00248048048048,500,0.78534
20,500,3,2,24,0.0,0.5004,500,6.214608098422192,9.503134268537075,999,6.906368984621015,10.000456456456456,500,0.788316
20,500,3,2,25,0.0,0.49875,500,6.214608098422192,9.503134268537075,998,6.904982690259894,10.005055055055054,500,0.78576
20,500,3,2,26,0.0,0.495,500,6.214608098422192,9.503134268537075,999,6.906368984621015,10.002322322322323,500,0.786068
20,500,3,2,27,0.0,0.5021,500,6.214608098422192,9.503134268537075,999,6.906368984621015,10.003315315315316,500,0.788438
20,500,3,2,28,0.0,0.4947,500,6.214608098422192,9.503134268537075,1000,6.907755278982134,10.002926926926927,500,0.7849240000000001
20,500,3,2,29,0.0,0.5044,500,6.214608098422192,9.503134268537075,1000,6.907755278982134,9.999907907907907,500,0.7888140000000001
20,500,3,2,30,0.0,0.4998,500,6.214608098422192,9.503134268537075,1000,6.907755278982134,10.000296296296296,500,0.787854
20,500,3,2,31,0.0,0.4995,500,6.214608098422192,9.503134268537075,1000,6.907755278982134,10.000964964964965,500,0.7872899999999999
20,500,3,2,32,0.0,0.50045,500,6.214608098422192,9.503134268537075,1000,6.907755278982134,10.001127127127127,500,0.787214
20,500,3,2,33,0.0,0.49845,500,6.214608098422192,9.503134268537075,1000,6.907755278982134,10.001763763763764,500,0.7863060000000001
20,500,3,2,34,0.0,0.49895,500,6.214608098422192,9.503134268537075,1000,6.907755278982134,10.006092092092093,500,0.785952
20,500,3,2,35,0.0,0.5017,500,6.214608098422192,9.503134268537075,1000,6.907755278982134,10.00426026026026,500,0.7892560000000001
20,500,3,2,36,0.0,0.49695,500,6.214608098422192,9.503134268537075,1000,6.907755278982134,9.999693693693693,500,0.7847820000000002
20,500,3,2,37,0.0,0.5001,500,6.214608098422192,9.503134268537075,1000,6.907755278982134,10.002162162162163,500,0.7876080000000001
20,500,3,2,38,0.0,0.50025,500,6.214608098422192,9.503134268537075,1000,6.907755278982134,10.002312312312313,500,0.7864380000000001
20,500,3,2,39,0.0,0.49610000000000004,500,6.214608098422192,9.503134268537075,1000,6.907755278982134,10.001545545545545,500,0.78552
20,500,3,2,40,0.0,0.49739999999999995,500,6.214608098422192,9.503134268537075,1000,6.907755278982134,10.006922922922923,500,0.7857000000000001
20,500,3,2,41,0.0,0.49904999999999994,500,6.214608098422192,9.503134268537075,1000,6.907755278982134,10.004946946946946,500,0.787168
20,500,3,2,42,0.0,0.49875,500,6.214608098422192,9.503134268537075,1000,6.907755278982134,10.002904904904906,500,0.7870860000000001
20,500,3,2,43,0.0,0.4977,500,6.214608098422192,9.503134268537075,1000,6.907755278982134,10.005893893893894,500,0.7859740000000001
20,500,3,2,44,0.0,0.49725,500,6.214608098422192,9.503134268537075,1000,6.907755278982134,10.003193193193193,500,0.7860060000000001
20,500,3,2,45,0.0,0.4982,500,6.214608098422192,9.503134268537075,1000,6.907755278982134,10.005189189189188,500,0.786822
20,500,3,2,46,0.0,0.49860000000000004,500,6.214608098422192,9.503134268537075,1000,6.907755278982134,10.002510510510511,500,0.786984
20,500,3,2,47,0.0,0.496,500,6.214608098422192,9.503134268537075,1000,6.907755278982134,10.001597597597598,500,0.785052
20,500,3,2,48,0.0,0.49735,500,6.214608098422192,9.503134268537075,998,6.904982690259894,10.004142142142141,500,0.786566
20,500,3,2,49,0.0,0.49755,500,6.214608098422192,9.503134268537075,1000,6.907755278982134,10.000618618618619,500,0.7875740000000001
20,500,3,2,50,0.0,0.4987,500,6.214608098422192,9.503134268537075,999,6.906368984621015,9.998162162162162,500,0.785434
20,500,3,2,51,0.0,0.49985,500,6.214608098422192,9.503134268537075,1000,6.907755278982134,10.001595595595596,500,0.786648
20,500,3,2,52,0.0,0.50095,500,6.214608098422192,9.503134268537075,1000,6.907755278982134,10.004662662662662,500,0.787258
20,500,3,2,53,0.0,0.49945,500,6.214608098422192,9.503134268537075,1000,6.907755278982134,10.002676676676677,500,0.7874580000000001
20,500,3,2,54,0.0,0.4992,500,6.214608098422192,9.503134268537075,1000,6.907755278982134,10.004228228228229,500,0.7862740000000001
20,500,3,2,55,0.0,0.4978,500,6.214608098422192,9.503134268537075,1000,6.907755278982134,10.00357957957958,500,0.785038
20,500,3,2,56,0.0,0.50015,500,6.214608098422192,9.503134268537075,998,6.904982690259894,10.00107107107107,500,0.7879100000000001
20,500,3,2,57,0.0,0.49860000000000004,500,6.214608098422192,9.503134268537075,999,6.906368984621015,9.999855855855856,500,0.7867999999999999
20,500,3,2,58,0.0,0.50035,500,6.214608098422192,9.503134268537075,999,6.906368984621015,10.003913913913914,500,0.788812
20,500,3,2,59,0.0,0.5031,500,6.214608098422192,9.503134268537075,1000,6.907755278982134,10.000492492492493,500,0.7883199999999999
20,500,3,2,60,0.0,0.50195,500,6.214608098422192,9.503134268537075,1000,6.907755278982134,10.00419019019019,500,0.789486
20,500,3,2,61,0.0,0.49665,500,6.214608098422192,9.503134268537075,1000,6.907755278982134,10.004478478478479,500,0.7865740000000001
20,500,3,2,62,0.0,0.5002,500,6.214608098422192,9.503134268537075,1000,6.907755278982134,10.006806806806807,500,0.786772
20,500,3,2,63,0.0,0.49634999999999996,500,6.214608098422192,9.503134268537075,1000,6.907755278982134,10.003545545545546,500,0.7862060000000002
20,500,3,2,64,0.0,0.5033,500,6.214608098422192,9.503134268537075,999,6.906368984621015,10.005177177177178,500,0.788126
20,500,3,2,65,0.0,0.49985,500,6.214608098422192,9.503134268537075,1000,6.907755278982134,10.003685685685685,500,0.7880560000000001
20,500,3,2,66,0.0,0.4946,500,6.214608098422192,9.503134268537075,1000,6.907755278982134,10.000792792792792,500,0.785208
20,500,3,2,67,0.0,0.49789999999999995,500,6.214608098422192,9.503134268537075,999,6.906368984621015,9.999227227227227,500,0.78699
20,500,3,2,68,0.0,0.50125,500,6.214608098422192,9.503134268537075,1000,6.907755278982134,10.003717717717718,500,0.7878800000000001
20,500,3,2,69,0.0,0.49965,500,6.214608098422192,9.503134268537075,1000,6.907755278982134,10.001387387387387,500,0.78798
20,500,3,2,70,0.0,0.49489999999999995,500,6.214608098422192,9.503134268537075,1000,6.907755278982134,9.999443443443443,500,0.7842680000000001
20,500,3,2,71,0.0,0.5043,500,6.214608098422192,9.503134268537075,1000,6.907755278982134,10.003147147147148,500,0.7898480000000001
20,500,3,2,72,0.0,0.49955,500,6.214608098422192,9.503134268537075,1000,6.907755278982134,10.00405005005005,500,0.787404
20,500,3,2,73,0.0,0.4992,500,6.214608098422192,9.503134268537075,999,6.906368984621015,10.004716716716716,500,0.786926
20,500,3,2,74,0.0,0.49915,500,6.214608098422192,9.503134268537075,1000,6.907755278982134,10.001867867867867,500,0.7879539999999999
20,500,3,2,75,0.0,0.4952,500,6.214608098422192,9.503134268537075,1000,6.907755278982134,9.998718718718719,500,0.78323
20,500,3,2,76,0.0,0.49665,500,6.214608098422192,9.503134268537075,999,6.906368984621015,10.000214214214214,500,0.78619
20,500,3,2,77,0.0,0.4952,500,6.214608098422192,9.503134268537075,1000,6.907755278982134,10.00237037037037,500,0.7862680000000001
20,500,3,2,78,0.0,0.49589999999999995,500,6.214608098422192,9.503134268537075,1000,6.907755278982134,10.002990990990991,500,0.7857000000000001
20,500,3,2,79,0.0,0.50105,500,6.214608098422192,9.503134268537075,1000,6.907755278982134,10.006108108108108,500,0.7863720000000001
20,500,3,2,80,0.0,0.49835,500,6.214608098422192,9.503134268537075,1000,6.907755278982134,10.000674674674675,500,0.78573
20,500,3,2,81,0.0,0.4988,500,6.214608098422192,9.503134268537075,1000,6.907755278982134,10.001565565565565,500,0.7888200000000001
20,500,3,2,82,0.0,0.49879999999999997,500,6.214608098422192,9.503134268537075,999,6.906368984621015,10.003403403403404,500,0.786628
20,500,3,2,83,0.0,0.50095,500,6.214608098422192,9.503134268537075,1000,6.907755278982134,10.00714914914915,500,0.786926
20,500,3,2,84,0.0,0.5,500,6.214608098422192,9.503134268537075,999,6.906368984621015,10.001445445445446,500,0.7886340000000001
20,500,3,2,85,0.0,0.4976,500,6.214608098422192,9.503134268537075,1000,6.907755278982134,9.998362362362363,500,0.786596
20,500,3,2,86,0.0,0.4995,500,6.214608098422192,9.503134268537075,999,6.906368984621015,10.005157157157157,500,0.7879960000000001
20,500,3,2,87,0.0,0.49739999999999995,500,6.214608098422192,9.503134268537075,1000,6.907755278982134,10.003391391391391,500,0.7857280000000001
20,500,3,2,88,0.0,0.50015,500,6.214608098422192,9.503134268537075,999,6.906368984621015,10.004782782782783,500,0.7869760000000001
20,500,3,2,89,0.0,0.4992,500,6.214608098422192,9.503134268537075,999,6.906368984621015,10.00578978978979,500,0.7858299999999999
20,500,3,2,90,0.0,0.49895,500,6.214608098422192,9.503134268537075,1000,6.907755278982134,10.004198198198198,500,0.7873399999999999
20,500,3,2,91,0.0,0.49795,500,6.214608098422192,9.503134268537075,999,6.906368984621015,10.003753753753754,500,0.7866080000000001
20,500,3,2,92,0.0,0.5013,500,6.214608098422192,9.503134268537075,999,6.906368984621015,10.006818818818818,500,0.7870779999999999
20,500,3,2,93,0.0,0.49775,500,6.214608098422192,9.503134268537075,999,6.906368984621015,10.002208208208208,500,0.785614
20,500,3,2,94,0.0,0.50105,500,6.214608098422192,9.503134268537075,1000,6.907755278982134,10.003297297297298,500,0.787538
20,500,3,2,95,0.0,0.49895,500,6.214608098422192,9.503134268537075,1000,6.907755278982134,10.00597997997998,500,0.785768
20,500,3,2,96,0.0,0.50245,500,6.214608098422192,9.503134268537075,999,6.906368984621015,10.003069069069069,500,0.788956
20,500,3,2,97,0.0,0.5018,500,6.214608098422192,9.503134268537075,999,6.906368984621015,10.004948948948948,500,0.78784
20,500,3,2,98,0.0,0.49929999999999997,500,6.214608098422192,9.503134268537075,999,6.906368984621015,10.002382382382383,500,0.78717
20,500,3,2,99,0.0,0.4986,500,6.214608098422192,9.503134268537075,1000,6.907755278982134,9.998882882882883,500,0.788384
20,500,3,3,0,0.0,0.5033,499,6.211835509699952,9.54749498997996,1000,6.907755278982134,9.998114114114115,500,0.78766
20,500,3,3,1,0.0,0.5018,499,6.211835509699952,9.54749498997996,1000,6.907755278982134,10.005449449449449,500,0.7886620000000001
20,500,3,3,2,0.0,0.50115,499,6.211835509699952,9.54749498997996,998,6.904982690259894,10.00495095095095,500,0.7877799999999999
20,500,3,3,3,0.0,0.50325,499,6.211835509699952,9.54749498997996,1000,6.907755278982134,10.000474474474474,500,0.788214
20,500,3,3,4,0.0,0.5023000000000001,499,6.211835509699952,9.54749498997996,999,6.906368984621015,10.000532532532533,500,0.7878520000000001
20,500,3,3,5,0.0,0.5083,499,6.211835509699952,9.54749498997996,1000,6.907755278982134,10.000744744744745,500,0.7895979999999999
20,500,3,3,6,0.0,0.5036499999999999,499,6.211835509699952,9.54749498997996,1000,6.907755278982134,9.995985985985985,500,0.7876980000000001
20,500,3,3,7,0.0,0.5001,499,6.211835509699952,9.54749498997996,1000,6.907755278982134,9.998926926926927,500,0.786666
20,500,3,3,8,0.0,0.5025,499,6.211835509699952,9.54749498997996,999,6.906368984621015,9.997517517517517,500,0.787116
20,500,3,3,9,0.0,0.50315,499,6.211835509699952,9.54749498997996,1000,6.907755278982134,10.003901901901902,500,0.787536
20,500,3,3,10,0.0,0.50295,499,6.211835509699952,9.54749498997996,1000,6.907755278982134,9.999545545545546,500,0.7873920000000001
20,500,3,3,11,0.0,0.5063500000000001,499,6.211835509699952,9.54749498997996,999,6.906368984621015,10.00244044044044,500,0.7899340000000001
20,500,3,3,12,0.0,0.5046,499,6.211835509699952,9.54749498997996,1000,6.907755278982134,9.99827027027027,500,0.789324
20,500,3,3,13,0.0,0.506,499,6.211835509699952,9.54749498997996,1000,6.907755278982134,10.000356356356356,500,0.788208
20,500,3,3,14,0.0,0.50275,499,6.211835509699952,9.54749498997996,999,6.906368984621015,10.001947947947947,500,0.7880980000000001
20,500,3,3,15,0.0,0.49865,499,6.211835509699952,9.54749498997996,1000,6.907755278982134,10.000986986986987,500,0.78695
20,500,3,3,16,0.0,0.504,499,6.211835509699952,9.54749498997996,998,6.904982690259894,9.996328328328328,500,0.788394
20,500,3,3,17,0.0,0.5028,499,6.211835509699952,9.54749498997996,1000,6.907755278982134,9.99941941941942,500,0.788532
20,500,3,3,18,0.0,0.503,499,6.211835509699952,9.54749498997996,999,6.906368984621015,9.99766966966967,500,0.786984
20,500,3,3,19,0.0,0.50325,499,6.211835509699952,9.54749498997996,1000,6.907755278982134,10.000066066066067,500,0.7865840000000001
20,500,3,3,20,0.0,0.5048,499,6.211835509699952,9.54749498997996,999,6.906368984621015,10.004188188188188,500,0.7880920000000001
20,500,3,3,21,0.0,0.50055,499,6.211835509699952,9.54749498997996,1000,6.907755278982134,9.999353353353353,500,0.787518
20,500,3,3,22,0.0,0.5036499999999999,499,6.211835509699952,9.54749498997996,998,6.904982690259894,10.0024004004004,500,0.786628
20,500,3,3,23,0.0,0.50375,499,6.211835509699952,9.54749498997996,1000,6.907755278982134,10.000290290290291,500,0.7892440000000001
20,500,3,3,24,0.0,0.5056499999999999,499,6.211835509699952,9.54749498997996,1000,6.907755278982134,10.004890890890891,500,0.7893300000000001
20,500,3,3,25,0.0,0.5035,499,6.211835509699952,9.54749498997996,1000,6.907755278982134,10.003235235235236,500,0.788624
20,500,3,3,26,0.0,0.5049,499,6.211835509699952,9.54749498997996,1000,6.907755278982134,9.998194194194195,500,0.789704
20,500,3,3,27,0.0,0.5064500000000001,499,6.211835509699952,9.54749498997996,1000,6.907755278982134,9.999317317317317,500,0.789182
20,500,3,3,28,0.0,0.50595,499,6.211835509699952,9.54749498997996,1000,6.907755278982134,10.00097897897898,500,0.7896920000000001
20,500,3,3,29,0.0,0.5056499999999999,499,6.211835509699952,9.54749498997996,999,6.906368984621015,9.999145145145144,500,0.790296
20,500,3,3,30,0.0,0.5016499999999999,499,6.211835509699952,9.54749498997996,1000,6.907755278982134,10.001175175175176,500,0.787928
20,500,3,3,31,0.0,0.5068,499,6.211835509699952,9.54749498997996,998,6.904982690259894,10.003007007007007,500,0.789778
20,500,3,3,32,0.0,0.5053,499,6.211835509699952,9.54749498997996,1000,6.907755278982134,9.999747747747747,500,0.788932
20,500,3,3,33,0.0,0.5051,499,6.211835509699952,9.54749498997996,1000,6.907755278982134,10.00404004004004,500,0.790316
20,500,3,3,34,0.0,0.50315,499,6.211835509699952,9.54749498997996,1000,6.907755278982134,9.996514514514514,500,0.7874760000000001
20,500,3,3,35,0.0,0.50075,499,6.211835509699952,9.54749498997996,1000,6.907755278982134,10.00117117117117,500,0.7868320000000001
20,500,3,3,36,0.0,0.50555,499,6.211835509699952,9.54749498997996,1000,6.907755278982134,9.999457457457458,500,0.789082
20,500,3,3,37,0.0,0.5057,499,6.211835509699952,9.54749498997996,1000,6.907755278982134,9.99923923923924,500,0.791008
20,500,3,3,38,0.0,0.50765,499,6.211835509699952,9.54749498997996,999,6.906368984621015,9.99745945945946,500,0.790224
20,500,3,3,39,0.0,0.50495,499,6.211835509699952,9.54749498997996,1000,6.907755278982134,10.004502502502502,500,0.7889120000000001
20,500,3,3,40,0.0,0.50245,499,6.211835509699952,9.54749498997996,1000,6.907755278982134,10.00320920920921,500,0.78722
20,500,3,3,41,0.0,0.49985,499,6.211835509699952,9.54749498997996,999,6.906368984621015,9.9981001001001,500,0.786222
20,500,3,3,42,0.0,0.50195,499,6.211835509699952,9.54749498997996,1000,6.907755278982134,10.003773773773775,500,0.78849
20,500,3,3,43,0.0,0.5042000000000001,499,6.211835509699952,9.54749498997996,1000,6.907755278982134,10.003175175175175,500,0.7888200000000001
20,500,3,3,44,0.0,0.50205,499,6.211835509699952,9.54749498997996,1000,6.907755278982134,9.999953953953954,500,0.787746
20,500,3,3,45,0.0,0.50405,499,6.211835509699952,9.54749498997996,999,6.906368984621015,10.00177977977978,500,0.787896
20,500,3,3,46,0.0,0.5042,499,6.211835509699952,9.54749498997996,1000,6.907755278982134,10.005361361361361,500,0.7898499999999999
20,500,3,3,47,0.0,0.5013,499,6.211835509699952,9.54749498997996,999,6.906368984621015,10.003955955955956,500,0.788344
20,500,3,3,48,0.0,0.50195,499,6.211835509699952,9.54749498997996,999,6.906368984621015,10.003005005005004,500,0.786508
20,500,3,3,49,0.0,0.5075,499,6.211835509699952,9.54749498997996,999,6.906368984621015,10.000624624624624,500,0.7887340000000002
20,500,3,3,50,0.0,0.49920000000000003,499,6.211835509699952,9.54749498997996,1000,6.907755278982134,9.999735735735737,500,0.786142
20,500,3,3,51,0.0,0.49775,499,6.211835509699952,9.54749498997996,1000,6.907755278982134,10.00107107107107,500,0.784562
20,500,3,3,52,0.0,0.50715,499,6.211835509699952,9.54749498997996,999,6.906368984621015,9.998788788788788,500,0.789388
20,500,3,3,53,0.0,0.50165,499,6.211835509699952,9.54749498997996,1000,6.907755278982134,10.002924924924924,500,0.787138
20,500,3,3,54,0.0,0.50125,499,6.211835509699952,9.54749498997996,1000,6.907755278982134,9.997687687687687,500,0.785894
20,500,3,3,55,0.0,0.5033500000000001,499,6.211835509699952,9.54749498997996,1000,6.907755278982134,9.999705705705706,500,0.787614
20,500,3,3,56,0.0,0.5021,499,6.211835509699952,9.54749498997996,999,6.906368984621015,9.996588588588589,500,0.78725
20,500,3,3,57,0.0,0.5011,499,6.211835509699952,9.54749498997996,999,6.906368984621015,9.996728728728728,500,0.786674
20,500,3,3,58,0.0,0.5049,499,6.211835509699952,9.54749498997996,1000,6.907755278982134,9.997249249249249,500,0.7889619999999999
20,500,3,3,59,0.0,0.5021,499,6.211835509699952,9.54749498997996,999,6.906368984621015,10.001965965965965,500,0.78779
20,500,3,3,60,0.0,0.50405,499,6.211835509699952,9.54749498997996,999,6.906368984621015,9.997875875875875,500,0.7877080000000001
20,500,3,3,61,0.0,0.5088,499,6.211835509699952,9.54749498997996,1000,6.907755278982134,10.000332332332333,500,0.790842
20,500,3,3,62,0.0,0.5,499,6.211835509699952,9.54749498997996,1000,6.907755278982134,10.00082082082082,500,0.7867840000000001
20,500,3,3,63,0.0,0.49995000000000006,499,6.211835509699952,9.54749498997996,1000,6.907755278982134,10.001851851851852,500,0.7873180000000002
20,500,3,3,64,0.0,0.5042,499,6.211835509699952,9.54749498997996,1000,6.907755278982134,9.999727727727727,500,0.7869240000000002
20,500,3,3,65,0.0,0.50265,499,6.211835509699952,9.54749498997996,1000,6.907755278982134,10.000770770770771,500,0.7879980000000001
20,500,3,3,66,0.0,0.49915000000000004,499,6.211835509699952,9.54749498997996,1000,6.907755278982134,10.001343343343343,500,0.787652
20,500,3,3,67,0.0,0.50065,499,6.211835509699952,9.54749498997996,999,6.906368984621015,10.002192192192192,500,0.788008
20,500,3,3,68,0.0,0.49865,499,6.211835509699952,9.54749498997996,999,6.906368984621015,10.002548548548548,500,0.7863900000000001
20,500,3,3,69,0.0,0.501,499,6.211835509699952,9.54749498997996,999,6.906368984621015,9.998682682682682,500,0.7868379999999999
20,500,3,3,70,0.0,0.5046499999999999,499,6.211835509699952,9.54749498997996,999,6.906368984621015,10.000226226226227,500,0.788576
20,500,3,3,71,0.0,0.50095,499,6.211835509699952,9.54749498997996,999,6.906368984621015,9.993387387387388,500,0.785556
20,500,3,3,72,0.0,0.5035,499,6.211835509699952,9.54749498997996,1000,6.907755278982134,10.000976976976977,500,0.7877520000000001
20,500,3,3,73,0.0,0.49885,499,6.211835509699952,9.54749498997996,1000,6.907755278982134,10.004734734734734,500,0.78798
20,500,3,3,74,0.0,0.5053,499,6.211835509699952,9.54749498997996,1000,6.907755278982134,10.001805805805805,500,0.7884300000000001
20,500,3,3,75,0.0,0.5049,499,6.211835509699952,9.54749498997996,1000,6.907755278982134,10.002838838838839,500,0.789264
20,500,3,3,76,0.0,0.5005,499,6.211835509699952,9.54749498997996,1000,6.907755278982134,10.00132932932933,500,0.7879100000000001
20,500,3,3,77,0.0,0.5014500000000001,499,6.211835509699952,9.54749498997996,1000,6.907755278982134,10.000174174174175,500,0.7885740000000001
20,500,3,3,78,0.0,0.5025,499,6.211835509699952,9.54749498997996,1000,6.907755278982134,10.003915915915917,500,0.788452
20,500,3,3,79,0.0,0.5054500000000001,499,6.211835509699952,9.54749498997996,1000,6.907755278982134,10.002248248248248,500,0.7891980000000001
20,500,3,3,80,0.0,0.5027,499,6.211835509699952,9.54749498997996,1000,6.907755278982134,10.002374374374375,500,0.7888900000000001
20,500,3,3,81,0.0,0.5026,499,6.211835509699952,9.54749498997996,1000,6.907755278982134,10.001505505505506,500,0.7885019999999999
20,500,3,3,82,0.0,0.5005,499,6.211835509699952,9.54749498997996,1000,6.907755278982134,9.994598598598598,500,0.7879960000000001
20,500,3,3,83,0.0,0.50575,499,6.211835509699952,9.54749498997996,1000,6.907755278982134,10.000526526526526,500,0.789876
20,500,3,3,84,0.0,0.5064,499,6.211835509699952,9.54749498997996,1000,6.907755278982134,9.995427427427428,500,0.7881500000000001
20,500,3,3,85,0.0,0.5029,499,6.211835509699952,9.54749498997996,1000,6.907755278982134,9.99977977977978,500,0.7876040000000001
20,500,3,3,86,0.0,0.5032000000000001,499,6.211835509699952,9.54749498997996,1000,6.907755278982134,9.998478478478479,500,0.787924
20,500,3,3,87,0.0,0.50175,499,6.211835509699952,9.54749498997996,998,6.904982690259894,9.997695695695695,500,0.787266
20,500,3,3,88,0.0,0.5052,499,6.211835509699952,9.54749498997996,999,6.906368984621015,9.997457457457458,500,0.7881140000000001
20,500,3,3,89,0.0,0.50055,499,6.211835509699952,9.54749498997996,1000,6.907755278982134,10.003677677677677,500,0.7863880000000001
20,500,3,3,90,0.0,0.5059,499,6.211835509699952,9.54749498997996,1000,6.907755278982134,9.997833833833834,500,0.788058
20,500,3,3,91,0.0,0.5054000000000001,499,6.211835509699952,9.54749498997996,1000,6.907755278982134,9.998206206206206,500,0.7879760000000001
20,500,3,3,92,0.0,0.50155,499,6.211835509699952,9.54749498997996,999,6.906368984621015,10.00007007007007,500,0.7884660000000001
20,500,3,3,93,0.0,0.501,499,6.211835509699952,9.54749498997996,998,6.904982690259894,9.999595595595595,500,0.788082
20,500,3,3,94,0.0,0.5081,499,6.211835509699952,9.54749498997996,1000,6.907755278982134,10.00114914914915,500,0.7896640000000001
20,500,3,3,95,0.0,0.508,499,6.211835509699952,9.54749498997996,999,6.906368984621015,9.99879079079079,500,0.790002
20,500,3,3,96,0.0,0.50115,499,6.211835509699952,9.54749498997996,999,6.906368984621015,9.99994994994995,500,0.7868900000000001
20,500,3,3,97,0.0,0.5044000000000001,499,6.211835509699952,9.54749498997996,999,6.906368984621015,10.000860860860861,500,0.7890980000000001
20,500,3,3,98,0.0,0.5011,499,6.211835509699952,9.54749498997996,1000,6.907755278982134,10.002118118118117,500,0.788132
20,500,3,3,99,0.0,0.50485,499,6.211835509699952,9.54749498997996,1000,6.907755278982134,10.002824824824826,500,0.7890640000000001
20,500,8,1,0,0.0,0.49745000000000006,500,6.214608098422192,10.006228456913828,999,6.906368984621015,9.999321321321322,500,0.027410000000000004
20,500,8,1,1,0.0,0.5035,500,6.214608098422192,10.006228456913828,999,6.906368984621015,10.002942942942942,500,0.027104000000000007
20,500,8,1,2,0.0,0.49295000000000005,500,6.214608098422192,10.006228456913828,1000,6.907755278982134,9.999469469469469,500,0.027266000000000006
20,500,8,1,3,0.0,0.49995000000000006,500,6.214608098422192,10.006228456913828,997,6.9035963958987745,9.997703703703703,500,0.027194000000000003
20,500,8,1,4,0.0,0.50195,500,6.214608098422192,10.006228456913828,1000,6.907755278982134,9.991733733733733,500,0.027404000000000005
20,500,8,1,5,0.0,0.5011,500,6.214608098422192,10.006228456913828,999,6.906368984621015,9.997977977977978,500,0.027390000000000005
20,500,8,1,6,0.0,0.50015,500,6.214608098422192,10.006228456913828,999,6.906368984621015,9.997671671671672,500,0.027450000000000002
20,500,8,1,7,0.0,0.50105,500,6.214608098422192,10.006228456913828,999,6.906368984621015,9.997863863863865,500,0.026870000000000005
20,500,8,1,8,0.0,0.506,500,6.214608098422192,10.006228456913828,999,6.906368984621015,9.989401401401402,500,0.027216000000000004
20,500,8,1,9,0.0,0.5023000000000001,500,6.214608098422192,10.006228456913828,1000,6.907755278982134,10.000932932932933,500,0.027732000000000007
20,500,8,1,10,0.0,0.5039,500,6.214608098422192,10.006228456913828,1000,6.907755278982134,10.000516516516516,500,0.027308000000000006
20,500,8,1,11,0.0,0.50555,500,6.214608098422192,10.006228456913828,999,6.906368984621015,9.99649049049049,500,0.027268000000000004
20,500,8,1,12,0.0,0.4995,500,6.214608098422192,10.006228456913828,1000,6.907755278982134,10.002234234234233,500,0.027458000000000007
20,500,8,1,13,0.0,0.4998,500,6.214608098422192,10.006228456913828,1000,6.907755278982134,9.995707707707707,500,0.027342000000000005
20,500,8,1,14,0.0,0.4955,500,6.214608098422192,10.006228456913828,1000,6.907755278982134,9.9922002002002,500,0.027280000000000006
20,500,8,1,15,0.0,0.5016499999999999,500,6.214608098422192,10.006228456913828,1000,6.907755278982134,9.99884884884885,500,0.027194000000000003
20,500,8,1,16,0.0,0.49895000000000006,500,6.214608098422192,10.006228456913828,1000,6.907755278982134,9.997535535535535,500,0.027152000000000006
20,500,8,1,17,0.0,0.5033,500,6.214608098422192,10.006228456913828,999,6.906368984621015,9.99955955955956,500,0.027256
20,500,8,1,18,0.0,0.5027,500,6.214608098422192,10.006228456913828,1000,6.907755278982134,10.001097097097096,500,0.027260000000000006
20,500,8,1,19,0.0,0.50155,500,6.214608098422192,10.006228456913828,1000,6.907755278982134,10.003237237237236,500,0.027268000000000004
20,500,8,1,20,0.0,0.50485,500,6.214608098422192,10.006228456913828,1000,6.907755278982134,9.996942942942942,500,0.027270000000000003
20,500,8,1,21,0.0,0.49645,500,6.214608098422192,10.006228456913828,997,6.9035963958987745,10.000538538538539,500,0.027336000000000003
20,500,8,1,22,0.0,0.49895000000000006,500,6.214608098422192,10.006228456913828,1000,6.907755278982134,10.000778778778779,500,0.027026000000000005
20,500,8,1,23,0.0,0.50475,500,6.214608098422192,10.006228456913828,1000,6.907755278982134,9.996998998998999,500,0.027460000000000005
20,500,8,1,24,0.0,0.5008,500,6.214608098422192,10.006228456913828,999,6.906368984621015,9.994594594594595,500,0.027194000000000003
20,500,8,1,25,0.0,0.49905,500,6.214608098422192,10.006228456913828,1000,6.907755278982134,9.997483483483483,500,0.026920000000000003
20,500,8,1,26,0.0,0.5000000000000001,500,6.214608098422192,10.006228456913828,1000,6.907755278982134,9.995903903903903,500,0.02756
20,500,8,1,27,0.0,0.50195,500,6.214608098422192,10.006228456913828,1000,6.907755278982134,10.001051051051052,500,0.02713
20,500,8,1,28,0.0,0.5037,500,6.214608098422192,10.006228456913828,999,6.906368984621015,10.00058058058058,500,0.027366000000000005
20,500,8,1,29,0.0,0.5004,500,6.214608098422192,10.006228456913828,1000,6.907755278982134,9.998078078078079,500,0.027164000000000004
20,500,8,1,30,0.0,0.49555,500,6.214608098422192,10.006228456913828,999,6.906368984621015,10.001527527527527,500,0.027422000000000005
20,500,8,1,31,0.0,0.50005,500,6.214608098422192,10.006228456913828,1000,6.907755278982134,9.995597597597598,500,0.02747
20,500,8,1,32,0.0,0.4995,500,6.214608098422192,10.006228456913828,1000,6.907755278982134,9.991835835835836,500,0.027520000000000003
20,500,8,1,33,0.0,0.49985,500,6.214608098422192,10.006228456913828,1000,6.907755278982134,9.99621021021021,500,0.02738
20,500,8,1,34,0.0,0.499,500,6.214608098422192,10.006228456913828,1000,6.907755278982134,9.999023023023023,500,0.026974000000000005
20,500,8,1,35,0.0,0.499,500,6.214608098422192,10.006228456913828,1000,6.907755278982134,10.000712712712712,500,0.027294000000000006
20,500,8,1,36,0.0,0.50385,500,6.214608098422192,10.006228456913828,999,6.906368984621015,10.003005005005004,500,0.027374000000000002
20,500,8,1,37,0.0,0.5048,500,6.214608098422192,10.006228456913828,1000,6.907755278982134,10.001697697697697,500,0.027390000000000005
20,500,8,1,38,0.0,0.49820000000000003,500,6.214608098422192,10.006228456913828,1000,6.907755278982134,10.003683683683684,500,0.027134000000000005
20,500,8,1,39,0.0,0.5047,500,6.214608098422192,10.006228456913828,999,6.906368984621015,9.997513513513514,500,0.027228000000000006
20,500,8,1,40,0.0,0.4984,500,6.214608098422192,10.006228456913828,1000,6.907755278982134,9.996572572572573,500,0.027204
20,500,8,1,41,0.0,0.50005,500,6.214608098422192,10.006228456913828,1000,6.907755278982134,10.002096096096096,500,0.027292
20,500,8,1,42,0.0,0.5037,500,6.214608098422192,10.006228456913828,998,6.904982690259894,9.998706706706706,500,0.027306000000000004
20,500,8,1,43,0.0,0.4975,500,6.214608098422192,10.006228456913828,1000,6.907755278982134,9.999307307307307,500,0.026860000000000005
20,500,8,1,44,0.0,0.50185,500,6.214608098422192,10.006228456913828,1000,6.907755278982134,9.99685885885886,500,0.02724600000000001
20,500,8,1,45,0.0,0.50055,500,6.214608098422192,10.006228456913828,999,6.906368984621015,9.995993993993993,500,0.027038000000000003
20,500,8,1,46,0.0,0.49895,500,6.214608098422192,10.006228456913828,999,6.906368984621015,9.99393993993994,500,0.027534000000000003
20,500,8,1,47,0.0,0.50065,500,6.214608098422192,10.006228456913828,1000,6.907755278982134,10.001767767767769,500,0.027520000000000003
20,500,8,1,48,0.0,0.50535,500,6.214608098422192,10.006228456913828,1000,6.907755278982134,9.990268268268268,500,0.027090000000000003
20,500,8,1,49,0.0,0.5031,500,6.214608098422192,10.006228456913828,1000,6.907755278982134,9.999523523523523,500,0.027514000000000004
20,500,8,1,50,0.0,0.5026,500,6.214608098422192,10.006228456913828,999,6.906368984621015,10.000732732732732,500,0.027392000000000003
20,500,8,1,51,0.0,0.49945000000000006,500,6.214608098422192,10.006228456913828,1000,6.907755278982134,9.992382382382383,500,0.027228000000000006
20,500,8,1,52,0.0,0.5005,500,6.214608098422192,10.006228456913828,998,6.904982690259894,9.995463463463464,500,0.027116000000000008
20,500,8,1,53,0.0,0.50055,500,6.214608098422192,10.006228456913828,1000,6.907755278982134,9.998560560560561,500,0.027284000000000006
20,500,8,1,54,0.0,0.49910000000000004,500,6.214608098422192,10.006228456913828,999,6.906368984621015,9.99967967967968,500,0.026914000000000004
20,500,8,1,55,0.0,0.50025,500,6.214608098422192,10.006228456913828,1000,6.907755278982134,9.996822822822823,500,0.027116000000000008
20,500,8,1,56,0.0,0.4958,500,6.214608098422192,10.006228456913828,1000,6.907755278982134,10.00176976976977,500,0.027122000000000004
20,500,8,1,57,0.0,0.49839999999999995,500,6.214608098422192,10.006228456913828,999,6.906368984621015,9.996996996996996,500,0.027484
20,500,8,1,58,0.0,0.49845000000000006,500,6.214608098422192,10.006228456913828,1000,6.907755278982134,9.999625625625626,500,0.027266000000000006
20,500,8,1,59,0.0,0.49865,500,6.214608098422192,10.006228456913828,1000,6.907755278982134,9.99890890890891,500,0.027318000000000005
20,500,8,1,60,0.0,0.5038,500,6.214608098422192,10.006228456913828,999,6.906368984621015,9.997845845845847,500,0.027270000000000003
20,500,8,1,61,0.0,0.49835,500,6.214608098422192,10.006228456913828,1000,6.907755278982134,9.997407407407408,500,0.027086000000000006
20,500,8,1,62,0.0,0.50085,500,6.214608098422192,10.006228456913828,999,6.906368984621015,9.9983003003003,500,0.026964000000000005
20,500,8,1,63,0.0,0.50005,500,6.214608098422192,10.006228456913828,1000,6.907755278982134,9.999365365365366,500,0.027418000000000005
20,500,8,1,64,0.0,0.5004,500,6.214608098422192,10.006228456913828,999,6.906368984621015,9.995003003003003,500,0.02731400000000001
20,500,8,1,65,0.0,0.49895,500,6.214608098422192,10.006228456913828,1000,6.907755278982134,10.000658658658658,500,0.02721
20,500,8,1,66,0.0,0.5002000000000001,500,6.214608098422192,10.006228456913828,1000,6.907755278982134,10.000272272272273,500,0.027424000000000007
20,500,8,1,67,0.0,0.50115,500,6.214608098422192,10.006228456913828,1000,6.907755278982134,10.000586586586586,500,0.027438000000000004
20,500,8,1,68,0.0,0.5052000000000001,500,6.214608098422192,10.006228456913828,1000,6.907755278982134,9.999551551551551,500,0.027564
20,500,8,1,69,0.0,0.50215,500,6.214608098422192,10.006228456913828,1000,6.907755278982134,9.999077077077077,500,0.027356000000000002
20,500,8,1,70,0.0,0.50355,500,6.214608098422192,10.006228456913828,1000,6.907755278982134,9.99876876876877,500,0.027480000000000004
20,500,8,1,71,0.0,0.49725,500,6.214608098422192,10.006228456913828,1000,6.907755278982134,10.002836836836837,500,0.027290000000000005
20,500,8,1,72,0.0,0.4978,500,6.214608098422192,10.006228456913828,1000,6.907755278982134,9.996412412412413,500,0.027384000000000006
20,500,8,1,73,0.0,0.5036,500,6.214608098422192,10.006228456913828,1000,6.907755278982134,9.998714714714716,500,0.027336000000000003
20,500,8,1,74,0.0,0.5059,500,6.214608098422192,10.006228456913828,998,6.904982690259894,10.000572572572572,500,0.027360000000000006
20,500,8,1,75,0.0,0.5004000000000001,500,6.214608098422192,10.006228456913828,999,6.906368984621015,9.99591991991992,500,0.02749
20,500,8,1,76,0.0,0.50285,500,6.214608098422192,10.006228456913828,1000,6.907755278982134,9.99822022022022,500,0.027418
20,500,8,1,77,0.0,0.49815000000000004,500,6.214608098422192,10.006228456913828,999,6.906368984621015,9.998644644644644,500,0.027220000000000005
20,500,8,1,78,0.0,0.49660000000000004,500,6.214608098422192,10.006228456913828,1000,6.907755278982134,9.997385385385385,500,0.027182
20,500,8,1,79,0.0,0.49570000000000003,500,6.214608098422192,10.006228456913828,1000,6.907755278982134,10.00146946946947,500,0.027398000000000002
20,500,8,1,80,0.0,0.5042000000000001,500,6.214608098422192,10.006228456913828,1000,6.907755278982134,9.99553953953954,500,0.027092000000000005
20,500,8,1,81,0.0,0.5029,500,6.214608098422192,10.006228456913828,1000,6.907755278982134,9.998074074074074,500,0.02707
20,500,8,1,82,0.0,0.5026499999999999,500,6.214608098422192,10.006228456913828,1000,6.907755278982134,10.003113113113113,500,0.027246000000000003
20,500,8,1,83,0.0,0.49889999999999995,500,6.214608098422192,10.006228456913828,1000,6.907755278982134,9.999551551551551,500,0.026956000000000004
20,500,8,1,84,0.0,0.50065,500,6.214608098422192,10.006228456913828,1000,6.907755278982134,9.998128128128128,500,0.027316000000000003
20,500,8,1,85,0.0,0.5033,500,6.214608098422192,10.006228456913828,1000,6.907755278982134,9.998594594594595,500,0.027214000000000006
20,500,8,1,86,0.0,0.5059,500,6.214608098422192,10.006228456913828,999,6.906368984621015,9.997073073073073,500,0.027324000000000005
20,500,8,1,87,0.0,0.5006499999999999,500,6.214608098422192,10.006228456913828,1000,6.907755278982134,9.999065065065064,500,0.027268000000000004
20,500,8,1,88,0.0,0.49660000000000004,500,6.214608098422192,10.006228456913828,999,6.906368984621015,10.000204204204204,500,0.026992000000000006
20,500,8,1,89,0.0,0.49815,500,6.214608098422192,10.006228456913828,1000,6.907755278982134,10.002728728728728,500,0.027260000000000006
20,500,8,1,90,0.0,0.5046499999999999,500,6.214608098422192,10.006228456913828,1000,6.907755278982134,10.00083083083083,500,0.027330000000000007
20,500,8,1,91,0.0,0.50455,500,6.214608098422192,10.006228456913828,999,6.906368984621015,9.998772772772773,500,0.027436000000000006
20,500,8,1,92,0.0,0.501,500,6.214608098422192,10.006228456913828,1000,6.907755278982134,10.004604604604605,500,0.027412000000000006
20,500,8,1,93,0.0,0.4993000000000001,500,6.214608098422192,10.006228456913828,1000,6.907755278982134,9.996940940940942,500,0.027148000000000002
20,500,8,1,94,0.0,0.5023500000000001,500,6.214608098422192,10.006228456913828,1000,6.907755278982134,9.997659659659659,500,0.027452000000000004
20,500,8,1,95,0.0,0.50015,500,6.214608098422192,10.006228456913828,999,6.906368984621015,10.00095895895896,500,0.027176000000000002
20,500,8,1,96,0.0,0.5027,500,6.214608098422192,10.006228456913828,1000,6.907755278982134,9.99760960960961,500,0.027428000000000004
20,500,8,1,97,0.0,0.5033,500,6.214608098422192,10.006228456913828,1000,6.907755278982134,9.996384384384385,500,0.027332000000000006
20,500,8,1,98,0.0,0.50395,500,6.214608098422192,10.006228456913828,1000,6.907755278982134,9.996634634634635,500,0.026996000000000006
20,500,8,1,99,0.0,0.5026,500,6.214608098422192,10.006228456913828,1000,6.907755278982134,10.002566566566566,500,0.027440000000000006
20,500,8,2,0,0.0,0.49829999999999997,500,6.214608098422192,9.99374749498998,999,6.906368984621015,10.000864864864864,500,0.027372000000000004
20,500,8,2,1,0.0,0.49389999999999995,500,6.214608098422192,9.99374749498998,999,6.906368984621015,9.99216016016016,500,0.027186000000000002
20,500,8,2,2,0.0,0.49660000000000004,500,6.214608098422192,9.99374749498998,1000,6.907755278982134,10.000068068068067,500,0.027336000000000006
20,500,8,2,3,0.0,0.49904999999999994,500,6.214608098422192,9.99374749498998,1000,6.907755278982134,9.999037037037038,500,0.027326000000000003
20,500,8,2,4,0.0,0.49520000000000003,500,6.214608098422192,9.99374749498998,1000,6.907755278982134,9.995703703703704,500,0.027458000000000007
20,500,8,2,5,0.0,0.49425,500,6.214608098422192,9.99374749498998,999,6.906368984621015,9.996922922922924,500,0.027354000000000007
20,500,8,2,6,0.0,0.49505,500,6.214608098422192,9.99374749498998,999,6.906368984621015,9.99783983983984,500,0.027658000000000002
20,500,8,2,7,0.0,0.49475,500,6.214608098422192,9.99374749498998,1000,6.907755278982134,10.002844844844844,500,0.027360000000000002
20,500,8,2,8,0.0,0.4942,500,6.214608098422192,9.99374749498998,1000,6.907755278982134,9.99827027027027,500,0.027358000000000004
20,500,8,2,9,0.0,0.49674999999999997,500,6.214608098422192,9.99374749498998,1000,6.907755278982134,9.998676676676677,500,0.027104000000000003
20,500,8,2,10,0.0,0.4928,500,6.214608098422192,9.99374749498998,999,6.906368984621015,9.99497897897898,500,0.027238000000000005
20,500,8,2,11,0.0,0.49005,500,6.214608098422192,9.99374749498998,999,6.906368984621015,9.997291291291292,500,0.027160000000000004
20,500,8,2,12,0.0,0.4874,500,6.214608098422192,9.99374749498998,999,6.906368984621015,9.991743743743744,500,0.027252000000000005
20,500,8,2,13,0.0,0.4894,500,6.214608098422192,9.99374749498998,1000,6.907755278982134,9.99057057057057,500,0.027304000000000002
20,500,8,2,14,0.0,0.49325,500,6.214608098422192,9.99374749498998,998,6.904982690259894,9.99854054054054,500,0.027254000000000004
20,500,8,2,15,0.0,0.49365,500,6.214608098422192,9.99374749498998,1000,6.907755278982134,9.987473473473473,500,0.027138000000000006
20,500,8,2,16,0.0,0.49319999999999997,500,6.214608098422192,9.99374749498998,1000,6.907755278982134,9.998814814814814,500,0.027472
20,500,8,2,17,0.0,0.49275,500,6.214608098422192,9.99374749498998,1000,6.907755278982134,9.999861861861861,500,0.027688
20,500,8,2,18,0.0,0.49275,500,6.214608098422192,9.99374749498998,1000,6.907755278982134,10.000506506506506,500,0.027272000000000005
20,500,8,2,19,0.0,0.4941,500,6.214608098422192,9.99374749498998,1000,6.907755278982134,9.998058058058058,500,0.027244000000000008
20,500,8,2,20,0.0,0.49354999999999993,500,6.214608098422192,9.99374749498998,1000,6.907755278982134,9.997803803803803,500,0.027294000000000006
20,500,8,2,21,0.0,0.49265,500,6.214608098422192,9.99374749498998,1000,6.907755278982134,9.997607607607607,500,0.027400000000000004
20,500,8,2,22,0.0,0.4947,500,6.214608098422192,9.99374749498998,1000,6.907755278982134,9.999623623623624,500,0.02724
20,500,8,2,23,0.0,0.4986,500,6.214608098422192,9.99374749498998,1000,6.907755278982134,10.001249249249248,500,0.027530000000000006
20,500,8,2,24,0.0,0.4906,500,6.214608098422192,9.99374749498998,1000,6.907755278982134,9.995743743743743,500,0.027324
20,500,8,2,25,0.0,0.4965,500,6.214608098422192,9.99374749498998,1000,6.907755278982134,9.998306306306306,500,0.027394000000000005
20,500,8,2,26,0.0,0.49489999999999995,500,6.214608098422192,9.99374749498998,1000,6.907755278982134,9.997145145145145,500,0.027422000000000005
20,500,8,2,27,0.0,0.4981,500,6.214608098422192,9.99374749498998,1000,6.907755278982134,9.998058058058058,500,0.027548000000000007
20,500,8,2,28,0.0,0.4909,500,6.214608098422192,9.99374749498998,1000,6.907755278982134,9.996552552552552,500,0.027354000000000003
20,500,8,2,29,0.0,0.49225,500,6.214608098422192,9.99374749498998,1000,6.907755278982134,9.994412412412412,500,0.027448000000000004
20,500,8,2,30,0.0,0.4981,500,6.214608098422192,9.99374749498998,1000,6.907755278982134,10.000852852852853,500,0.027462000000000004
20,500,8,2,31,0.0,0.49269999999999997,500,6.214608098422192,9.99374749498998,1000,6.907755278982134,9.997565565565566,500,0.027292
20,500,8,2,32,0.0,0.499,500,6.214608098422192,9.99374749498998,999,6.906368984621015,10.003311311311311,500,0.027332000000000002
20,500,8,2,33,0.0,0.4941,500,6.214608098422192,9.99374749498998,1000,6.907755278982134,10.00108108108108,500,0.027126000000000004
20,500,8,2,34,0.0,0.49225,500,6.214608098422192,9.99374749498998,1000,6.907755278982134,9.996198198198199,500,0.027546000000000008
20,500,8,2,35,0.0,0.491,500,6.214608098422192,9.99374749498998,1000,6.907755278982134,9.996144144144145,500,0.027368000000000003
20,500,8,2,36,0.0,0.49625,500,6.214608098422192,9.99374749498998,1000,6.907755278982134,9.999801801801802,500,0.027436000000000002
20,500,8,2,37,0.0,0.49475,500,6.214608098422192,9.99374749498998,1000,6.907755278982134,9.994608608608608,500,0.027336000000000006
20,500,8,2,38,0.0,0.48915,500,6.214608098422192,9.99374749498998,999,6.906368984621015,9.997183183183184,500,0.027462000000000004
20,500,8,2,39,0.0,0.49795,500,6.214608098422192,9.99374749498998,1000,6.907755278982134,9.995537537537537,500,0.027430000000000003
20,500,8,2,40,0.0,0.49065,500,6.214608098422192,9.99374749498998,1000,6.907755278982134,9.997287287287287,500,0.027230000000000004
20,500,8,2,41,0.0,0.49415,500,6.214608098422192,9.99374749498998,1000,6.907755278982134,9.99289089089089,500,0.027200000000000002
20,500,8,2,42,0.0,0.49269999999999997,500,6.214608098422192,9.99374749498998,1000,6.907755278982134,9.999627627627628,500,0.027170000000000003
20,500,8,2,43,0.0,0.4948,500,6.214608098422192,9.99374749498998,1000,6.907755278982134,10.00213013013013,500,0.027548000000000003
20,500,8,2,44,0.0,0.49265,500,6.214608098422192,9.99374749498998,1000,6.907755278982134,9.990072072072072,500,0.027312000000000006
20,500,8,2,45,0.0,0.49675,500,6.214608098422192,9.99374749498998,1000,6.907755278982134,10.000258258258258,500,0.027192000000000004
20,500,8,2,46,0.0,0.49229999999999996,500,6.214608098422192,9.99374749498998,1000,6.907755278982134,9.999967967967969,500,0.027764000000000004
20,500,8,2,47,0.0,0.5019,500,6.214608098422192,9.99374749498998,999,6.906368984621015,9.998814814814814,500,0.027430000000000006
20,500,8,2,48,0.0,0.49345,500,6.214608098422192,9.99374749498998,1000,6.907755278982134,9.999417417417417,500,0.027372000000000007
20,500,8,2,49,0.0,0.49145,500,6.214608098422192,9.99374749498998,999,6.906368984621015,9.992462462462463,500,0.027204000000000002
20,500,8,2,50,0.0,0.49235,500,6.214608098422192,9.99374749498998,1000,6.907755278982134,9.99797997997998,500,0.027294000000000006
20,500,8,2,51,0.0,0.49554999999999993,500,6.214608098422192,9.99374749498998,1000,6.907755278982134,10.003401401401401,500,0.027372000000000004
20,500,8,2,52,0.0,0.49589999999999995,500,6.214608098422192,9.99374749498998,1000,6.907755278982134,9.994382382382382,500,0.027016000000000005
20,500,8,2,53,0.0,0.49065,500,6.214608098422192,9.99374749498998,1000,6.907755278982134,9.994708708708709,500,0.027304000000000002
20,500,8,2,54,0.0,0.4951,500,6.214608098422192,9.99374749498998,1000,6.907755278982134,10.000604604604604,500,0.027206000000000004
20,500,8,2,55,0.0,0.49195,500,6.214608098422192,9.99374749498998,1000,6.907755278982134,9.99492092092092,500,0.027214000000000006
20,500,8,2,56,0.0,0.495,500,6.214608098422192,9.99374749498998,1000,6.907755278982134,9.999323323323324,500,0.027346000000000002
20,500,8,2,57,0.0,0.49410000000000004,500,6.214608098422192,9.99374749498998,1000,6.907755278982134,9.997497497497497,500,0.027350000000000006
20,500,8,2,58,0.0,0.4968,500,6.214608098422192,9.99374749498998,999,6.906368984621015,10.00329129129129,500,0.027622000000000004
20,500,8,2,59,0.0,0.495,500,6.214608098422192,9.99374749498998,1000,6.907755278982134,10.001465465465465,500,0.027592000000000005
20,500,8,2,60,0.0,0.5017,500,6.214608098422192,9.99374749498998,1000,6.907755278982134,9.999043043043043,500,0.027262000000000005
20,500,8,2,61,0.0,0.49639999999999995,500,6.214608098422192,9.99374749498998,999,6.906368984621015,9.99987987987988,500,0.027398000000000002
20,500,8,2,62,0.0,0.49304999999999993,500,6.214608098422192,9.99374749498998,1000,6.907755278982134,9.990256256256256,500,0.027384000000000006
20,500,8,2,63,0.0,0.49529999999999996,500,6.214608098422192,9.99374749498998,1000,6.907755278982134,9.996520520520521,500,0.027476000000000004
20,500,8,2,64,0.0,0.49485,500,6.214608098422192,9.99374749498998,998,6.904982690259894,9.993675675675675,500,0.027324000000000005
20,500,8,2,65,0.0,0.49279999999999996,500,6.214608098422192,9.99374749498998,999,6.906368984621015,9.99704104104104,500,0.027206000000000004
20,500,8,2,66,0.0,0.49455,500,6.214608098422192,9.99374749498998,1000,6.907755278982134,9.998240240240241,500,0.027294000000000006
20,500,8,2,67,0.0,0.49545,500,6.214608098422192,9.99374749498998,999,6.906368984621015,9.993311311311311,500,0.027198000000000003
20,500,8,2,68,0.0,0.4942,500,6.214608098422192,9.99374749498998,1000,6.907755278982134,9.998578578578579,500,0.027266000000000006
20,500,8,2,69,0.0,0.49284999999999995,500,6.214608098422192,9.99374749498998,1000,6.907755278982134,9.999013013013013,500,0.027220000000000005
20,500,8,2,70,0.0,0.49219999999999997,500,6.214608098422192,9.99374749498998,1000,6.907755278982134,9.993833833833834,500,0.027424
20,500,8,2,71,0.0,0.49594999999999995,500,6.214608098422192,9.99374749498998,998,6.904982690259894,10.001183183183183,500,0.027236000000000003
20,500,8,2,72,0.0,0.4948,500,6.214608098422192,9.99374749498998,1000,6.907755278982134,10.00058058058058,500,0.027346000000000002
20,500,8,2,73,0.0,0.491,500,6.214608098422192,9.99374749498998,1000,6.907755278982134,9.992008008008009,500,0.027202000000000004
20,500,8,2,74,0.0,0.49684999999999996,500,6.214608098422192,9.99374749498998,1000,6.907755278982134,9.997491491491491,500,0.027346000000000002
20,500,8,2,75,0.0,0.49104999999999993,500,6.214608098422192,9.99374749498998,999,6.906368984621015,9.99211011011011,500,0.027480000000000004
20,500,8,2,76,0.0,0.49425,500,6.214608098422192,9.99374749498998,999,6.906368984621015,9.999493493493494,500,0.027478000000000002
20,500,8,2,77,0.0,0.49019999999999997,500,6.214608098422192,9.99374749498998,1000,6.907755278982134,9.991475475475475,500,0.027228000000000002
20,500,8,2,78,0.0,0.49445,500,6.214608098422192,9.99374749498998,1000,6.907755278982134,9.995825825825825,500,0.027458000000000007
20,500,8,2,79,0.0,0.4913,500,6.214608098422192,9.99374749498998,998,6.904982690259894,9.996044044044044,500,0.027508
20,500,8,2,80,0.0,0.49340000000000006,500,6.214608098422192,9.99374749498998,1000,6.907755278982134,9.998402402402402,500,0.027308000000000002
20,500,8,2,81,0.0,0.49479999999999996,500,6.214608098422192,9.99374749498998,1000,6.907755278982134,9.994694694694696,500,0.02756
20,500,8,2,82,0.0,0.49235,500,6.214608098422192,9.99374749498998,999,6.906368984621015,9.990728728728728,500,0.027456000000000005
20,500,8,2,83,0.0,0.49395,500,6.214608098422192,9.99374749498998,1000,6.907755278982134,10.00161961961962,500,0.027530000000000002
20,500,8,2,84,0.0,0.49365,500,6.214608098422192,9.99374749498998,1000,6.907755278982134,9.992898898898899,500,0.027334000000000004
20,500,8,2,85,0.0,0.49375,500,6.214608098422192,9.99374749498998,1000,6.907755278982134,10.00228028028028,500,0.027194000000000003
20,500,8,2,86,0.0,0.4948,500,6.214608098422192,9.99374749498998,1000,6.907755278982134,10.001097097097096,500,0.027256000000000002
20,500,8,2,87,0.0,0.49255,500,6.214608098422192,9.99374749498998,1000,6.907755278982134,9.99822022022022,500,0.027290000000000002
20,500,8,2,88,0.0,0.495,500,6.214608098422192,9.99374749498998,999,6.906368984621015,9.997377377377378,500,0.027100000000000006
20,500,8,2,89,0.0,0.49725,500,6.214608098422192,9.99374749498998,999,6.906368984621015,9.996238238238238,500,0.027504000000000004
20,500,8,2,90,0.0,0.49804999999999994,500,6.214608098422192,9.99374749498998,1000,6.907755278982134,10.000046046046046,500,0.027016000000000005
20,500,8,2,91,0.0,0.49679999999999996,500,6.214608098422192,9.99374749498998,1000,6.907755278982134,9.998738738738739,500,0.027462000000000004
20,500,8,2,92,0.0,0.49310000000000004,500,6.214608098422192,9.99374749498998,1000,6.907755278982134,10.001617617617617,500,0.027518000000000004
20,500,8,2,93,0.0,0.49339999999999995,500,6.214608098422192,9.99374749498998,1000,6.907755278982134,10.001057057057057,500,0.027312000000000006
20,500,8,2,94,0.0,0.49585,500,6.214608098422192,9.99374749498998,999,6.906368984621015,9.996774774774774,500,0.027608000000000004
20,500,8,2,95,0.0,0.49739999999999995,500,6.214608098422192,9.99374749498998,1000,6.907755278982134,10.000024024024023,500,0.027546000000000008
20,500,8,2,96,0.0,0.4995,500,6.214608098422192,9.99374749498998,1000,6.907755278982134,9.995267267267268,500,0.02731
20,500,8,2,97,0.0,0.49685,500,6.214608098422192,9.99374749498998,999,6.906368984621015,9.99393993993994,500,0.026930000000000006
20,500,8,2,98,0.0,0.49169999999999997,500,6.214608098422192,9.99374749498998,999,6.906368984621015,9.992892892892893,500,0.027452000000000004
20,500,8,2,99,0.0,0.495,500,6.214608098422192,9.99374749498998,999,6.906368984621015,10.000412412412413,500,0.027532000000000004
20,500,8,3,0,0.0,0.495,499,6.211835509699952,10.004713426853707,999,6.906368984621015,10.003771771771772,500,0.027308000000000002
20,500,8,3,1,0.0,0.49620000000000003,499,6.211835509699952,10.004713426853707,999,6.906368984621015,10.000132132132132,500,0.027342000000000005
20,500,8,3,2,0.0,0.4938,499,6.211835509699952,10.004713426853707,1000,6.907755278982134,9.994022022022023,500,0.027306000000000004
20,500,8,3,3,0.0,0.4968,499,6.211835509699952,10.004713426853707,997,6.9035963958987745,9.997533533533533,500,0.027284000000000006
20,500,8,3,4,0.0,0.499,499,6.211835509699952,10.004713426853707,1000,6.907755278982134,10.001001001001,500,0.027200000000000005
20,500,8,3,5,0.0,0.48905,499,6.211835509699952,10.004713426853707,1000,6.907755278982134,9.996942942942942,500,0.027504000000000004
20,500,8,3,6,0.0,0.49485,499,6.211835509699952,10.004713426853707,1000,6.907755278982134,10.000074074074075,500,0.027624000000000003
20,500,8,3,7,0.0,0.49385,499,6.211835509699952,10.004713426853707,1000,6.907755278982134,10.001743743743743,500,0.027514000000000007
20,500,8,3,8,0.0,0.49745000000000006,499,6.211835509699952,10.004713426853707,999,6.906368984621015,9.999173173173173,500,0.02740200000000001
20,500,8,3,9,0.0,0.49960000000000004,499,6.211835509699952,10.004713426853707,1000,6.907755278982134,9.999803803803804,500,0.027252000000000005
20,500,8,3,10,0.0,0.49589999999999995,499,6.211835509699952,10.004713426853707,1000,6.907755278982134,9.999547547547548,500,0.027462000000000004
20,500,8,3,11,0.0,0.49615,499,6.211835509699952,10.004713426853707,999,6.906368984621015,10.000654654654655,500,0.027288000000000003
20,500,8,3,12,0.0,0.49539999999999995,499,6.211835509699952,10.004713426853707,1000,6.907755278982134,9.998098098098097,500,0.027352000000000005
20,500,8,3,13,0.0,0.49889999999999995,499,6.211835509699952,10.004713426853707,999,6.906368984621015,10.000072072072072,500,0.027496000000000003
20,500,8,3,14,0.0,0.49465,499,6.211835509699952,10.004713426853707,1000,6.907755278982134,9.997295295295295,500,0.027602000000000005
20,500,8,3,15,0.0,0.5011,499,6.211835509699952,10.004713426853707,1000,6.907755278982134,10.001873873873874,500,0.027574000000000005
20,500,8,3,16,0.0,0.5016499999999999,499,6.211835509699952,10.004713426853707,1000,6.907755278982134,10.000254254254255,500,0.027136000000000004
20,500,8,3,17,0.0,0.4955,499,6.211835509699952,10.004713426853707,999,6.906368984621015,10.002854854854855,500,0.027472
20,500,8,3,18,0.0,0.4985,499,6.211835509699952,10.004713426853707,1000,6.907755278982134,10.00032032032032,500,0.027456000000000005
20,500,8,3,19,0.0,0.49755000000000005,499,6.211835509699952,10.004713426853707,1000,6.907755278982134,10.000542542542542,500,0.027218000000000003
20,500,8,3,20,0.0,0.4973000000000001,499,6.211835509699952,10.004713426853707,1000,6.907755278982134,10.002466466466467,500,0.027352000000000005
20,500,8,3,21,0.0,0.499,499,6.211835509699952,10.004713426853707,998,6.904982690259894,9.999367367367368,500,0.027302000000000007
20,500,8,3,22,0.0,0.49325,499,6.211835509699952,10.004713426853707,999,6.906368984621015,9.99836036036036,500,0.027270000000000003
20,500,8,3,23,0.0,0.49885,499,6.211835509699952,10.004713426853707,1000,6.907755278982134,10.00214014014014,500,0.027040000000000005
20,500,8,3,24,0.0,0.50155,499,6.211835509699952,10.004713426853707,1000,6.907755278982134,10.001487487487488,500,0.027612
20,500,8,3,25,0.0,0.497,499,6.211835509699952,10.004713426853707,999,6.906368984621015,9.999311311311311,500,0.027558000000000003
20,500,8,3,26,0.0,0.49585,499,6.211835509699952,10.004713426853707,1000,6.907755278982134,9.99986986986987,500,0.027394000000000005
20,500,8,3,27,0.0,0.49455,499,6.211835509699952,10.004713426853707,1000,6.907755278982134,10.00117117117117,500,0.027452000000000004
20,500,8,3,28,0.0,0.4965,499,6.211835509699952,10.004713426853707,999,6.906368984621015,9.996304304304305,500,0.02767
20,500,8,3,29,0.0,0.497,499,6.211835509699952,10.004713426853707,1000,6.907755278982134,10.001545545545545,500,0.027608000000000004
20,500,8,3,30,0.0,0.4922,499,6.211835509699952,10.004713426853707,999,6.906368984621015,10.003615615615615,500,0.027326000000000003
20,500,8,3,31,0.0,0.5005,499,6.211835509699952,10.004713426853707,999,6.906368984621015,10.001757757757758,500,0.027370000000000005
20,500,8,3,32,0.0,0.49910000000000004,499,6.211835509699952,10.004713426853707,999,6.906368984621015,10.001301301301302,500,0.027264000000000004
20,500,8,3,33,0.0,0.49229999999999996,499,6.211835509699952,10.004713426853707,1000,6.907755278982134,9.99792992992993,500,0.027300000000000005
20,500,8,3,34,0.0,0.49495000000000006,499,6.211835509699952,10.004713426853707,1000,6.907755278982134,10.002180180180181,500,0.027414000000000004
20,500,8,3,35,0.0,0.49839999999999995,499,6.211835509699952,10.004713426853707,1000,6.907755278982134,9.99941941941942,500,0.027178000000000004
20,500,8,3,36,0.0,0.49604999999999994,499,6.211835509699952,10.004713426853707,1000,6.907755278982134,9.999697697697698,500,0.027166000000000003
20,500,8,3,37,0.0,0.49705,499,6.211835509699952,10.004713426853707,999,6.906368984621015,10.001695695695696,500,0.027372
20,500,8,3,38,0.0,0.49515,499,6.211835509699952,10.004713426853707,1000,6.907755278982134,10.003453453453453,500,0.02740200000000001
20,500,8,3,39,0.0,0.4924,499,6.211835509699952,10.004713426853707,1000,6.907755278982134,9.999123123123123,500,0.027522000000000005
20,500,8,3,40,0.0,0.49604999999999994,499,6.211835509699952,10.004713426853707,1000,6.907755278982134,9.994864864864866,500,0.027140000000000008
20,500,8,3,41,0.0,0.49754999999999994,499,6.211835509699952,10.004713426853707,1000,6.907755278982134,10.003505505505505,500,0.027426000000000002
20,500,8,3,42,0.0,0.49935,499,6.211835509699952,10.004713426853707,999,6.906368984621015,9.996846846846847,500,0.027662000000000003
20,500,8,3,43,0.0,0.49715,499,6.211835509699952,10.004713426853707,1000,6.907755278982134,9.998024024024025,500,0.027268000000000004
20,500,8,3,44,0.0,0.49620000000000003,499,6.211835509699952,10.004713426853707,1000,6.907755278982134,9.998958958958958,500,0.027078
20,500,8,3,45,0.0,0.5022000000000001,499,6.211835509699952,10.004713426853707,999,6.906368984621015,10.001497497497498,500,0.027456000000000005
20,500,8,3,46,0.0,0.49775,499,6.211835509699952,10.004713426853707,999,6.906368984621015,9.998496496496497,500,0.027332000000000002
20,500,8,3,47,0.0,0.49595000000000006,499,6.211835509699952,10.004713426853707,1000,6.907755278982134,10.001755755755756,500,0.027208000000000006
20,500,8,3,48,0.0,0.49765,499,6.211835509699952,10.004713426853707,998,6.904982690259894,10.003645645645646,500,0.027326000000000003
20,500,8,3,49,0.0,0.497,499,6.211835509699952,10.004713426853707,1000,6.907755278982134,10.000352352352353,500,0.027402000000000006
20,500,8,3,50,0.0,0.49415,499,6.211835509699952,10.004713426853707,999,6.906368984621015,10.002744744744744,500,0.027438000000000004
20,500,8,3,51,0.0,0.49820000000000003,499,6.211835509699952,10.004713426853707,1000,6.907755278982134,10.001141141141142,500,0.027556000000000004
20,500,8,3,52,0.0,0.49775,499,6.211835509699952,10.004713426853707,1000,6.907755278982134,10.002232232232233,500,0.027536
20,500,8,3,53,0.0,0.49665,499,6.211835509699952,10.004713426853707,1000,6.907755278982134,9.996726726726727,500,0.027290000000000005
20,500,8,3,54,0.0,0.49545000000000006,499,6.211835509699952,10.004713426853707,1000,6.907755278982134,10.000574574574575,500,0.027358000000000004
20,500,8,3,55,0.0,0.49455,499,6.211835509699952,10.004713426853707,1000,6.907755278982134,10.002324324324324,500,0.027632000000000004
20,500,8,3,56,0.0,0.49665,499,6.211835509699952,10.004713426853707,999,6.906368984621015,9.999017017017017,500,0.027208000000000006
20,500,8,3,57,0.0,0.5004500000000001,499,6.211835509699952,10.004713426853707,1000,6.907755278982134,9.997475475475476,500,0.027602000000000005
20,500,8,3,58,0.0,0.49489999999999995,499,6.211835509699952,10.004713426853707,1000,6.907755278982134,10.000696696696696,500,0.027382000000000004
20,500,8,3,59,0.0,0.49625,499,6.211835509699952,10.004713426853707,1000,6.907755278982134,9.999725725725726,500,0.027172000000000005
20,500,8,3,60,0.0,0.496,499,6.211835509699952,10.004713426853707,999,6.906368984621015,9.9997997997998,500,0.027404000000000005
20,500,8,3,61,0.0,0.49365,499,6.211835509699952,10.004713426853707,999,6.906368984621015,9.993391391391391,500,0.027350000000000006
20,500,8,3,62,0.0,0.4955,499,6.211835509699952,10.004713426853707,1000,6.907755278982134,9.998746746746747,500,0.027298000000000003
20,500,8,3,63,0.0,0.4978,499,6.211835509699952,10.004713426853707,1000,6.907755278982134,10.00052052052052,500,0.027122000000000004
20,500,8,3,64,0.0,0.4993,499,6.211835509699952,10.004713426853707,999,6.906368984621015,10.002214214214215,500,0.027346000000000002
20,500,8,3,65,0.0,0.49765,499,6.211835509699952,10.004713426853707,1000,6.907755278982134,9.998152152152151,500,0.027380000000000005
20,500,8,3,66,0.0,0.49465,499,6.211835509699952,10.004713426853707,1000,6.907755278982134,9.99956956956957,500,0.027280000000000002
20,500,8,3,67,0.0,0.49645000000000006,499,6.211835509699952,10.004713426853707,1000,6.907755278982134,10.005455455455456,500,0.027302000000000007
20,500,8,3,68,0.0,0.49865,499,6.211835509699952,10.004713426853707,1000,6.907755278982134,9.998844844844845,500,0.027448000000000004
20,500,8,3,69,0.0,0.49945000000000006,499,6.211835509699952,10.004713426853707,999,6.906368984621015,9.996174174174174,500,0.027224000000000005
20,500,8,3,70,0.0,0.4986,499,6.211835509699952,10.004713426853707,1000,6.907755278982134,10.00562962962963,500,0.027272000000000005
20,500,8,3,71,0.0,0.49445,499,6.211835509699952,10.004713426853707,1000,6.907755278982134,10.0021001001001,500,0.027742000000000003
20,500,8,3,72,0.0,0.49204999999999993,499,6.211835509699952,10.004713426853707,1000,6.907755278982134,10.000714714714714,500,0.027428000000000004
20,500,8,3,73,0.0,0.49875,499,6.211835509699952,10.004713426853707,1000,6.907755278982134,9.99828028028028,500,0.027024
20,500,8,3,74,0.0,0.49725,499,6.211835509699952,10.004713426853707,1000,6.907755278982134,9.996474474474475,500,0.027484
20,500,8,3,75,0.0,0.49870000000000003,499,6.211835509699952,10.004713426853707,999,6.906368984621015,10.000788788788789,500,0.02756
20,500,8,3,76,0.0,0.49675,499,6.211835509699952,10.004713426853707,1000,6.907755278982134,9.994468468468469,500,0.027500000000000007
20,500,8,3,77,0.0,0.49489999999999995,499,6.211835509699952,10.004713426853707,999,6.906368984621015,10.00245045045045,500,0.027302000000000003
20,500,8,3,78,0.0,0.49610000000000004,499,6.211835509699952,10.004713426853707,999,6.906368984621015,9.999611611611611,500,0.027598
20,500,8,3,79,0.0,0.49535,499,6.211835509699952,10.004713426853707,1000,6.907755278982134,9.990696696696697,500,0.027408000000000005
20,500,8,3,80,0.0,0.4943,499,6.211835509699952,10.004713426853707,1000,6.907755278982134,9.999891891891892,500,0.026958000000000006
20,500,8,3,81,0.0,0.49670000000000003,499,6.211835509699952,10.004713426853707,1000,6.907755278982134,9.994886886886887,500,0.027548000000000003
20,500,8,3,82,0.0,0.49775,499,6.211835509699952,10.004713426853707,1000,6.907755278982134,10.002332332332333,500,0.027472000000000003
20,500,8,3,83,0.0,0.493,499,6.211835509699952,10.004713426853707,999,6.906368984621015,10.001613613613614,500,0.027446000000000005
20,500,8,3,84,0.0,0.497,499,6.211835509699952,10.004713426853707,1000,6.907755278982134,9.999295295295296,500,0.027352000000000005
20,500,8,3,85,0.0,0.49895000000000006,499,6.211835509699952,10.004713426853707,1000,6.907755278982134,10.002468468468468,500,0.027572000000000003
20,500,8,3,86,0.0,0.49319999999999997,499,6.211835509699952,10.004713426853707,1000,6.907755278982134,9.99642042042042,500,0.027558000000000003
20,500,8,3,87,0.0,0.49675,499,6.211835509699952,10.004713426853707,999,6.906368984621015,10.000318318318318,500,0.027526000000000002
20,500,8,3,88,0.0,0.50425,499,6.211835509699952,10.004713426853707,1000,6.907755278982134,9.998524524524525,500,0.027318000000000005
20,500,8,3,89,0.0,0.49520000000000003,499,6.211835509699952,10.004713426853707,1000,6.907755278982134,9.997957957957958,500,0.027182
20,500,8,3,90,0.0,0.49345000000000006,499,6.211835509699952,10.004713426853707,998,6.904982690259894,10.002008008008008,500,0.027426000000000006
20,500,8,3,91,0.0,0.50225,499,6.211835509699952,10.004713426853707,1000,6.907755278982134,9.997259259259259,500,0.027622000000000008
20,500,8,3,92,0.0,0.49515,499,6.211835509699952,10.004713426853707,1000,6.907755278982134,9.999157157157157,500,0.027334000000000004
20,500,8,3,93,0.0,0.49485,499,6.211835509699952,10.004713426853707,999,6.906368984621015,10.000126126126126,500,0.027360000000000002
20,500,8,3,94,0.0,0.49675,499,6.211835509699952,10.004713426853707,1000,6.907755278982134,9.999025025025025,500,0.027300000000000005
20,500,8,3,95,0.0,0.4992,499,6.211835509699952,10.004713426853707,1000,6.907755278982134,10.004756756756757,500,0.027104000000000003
20,500,8,3,96,0.0,0.50305,499,6.211835509699952,10.004713426853707,1000,6.907755278982134,10.001603603603604,500,0.027336000000000006
20,500,8,3,97,0.0,0.493,499,6.211835509699952,10.004713426853707,999,6.906368984621015,9.999207207207208,500,0.027436000000000002
20,500,8,3,98,0.0,0.50095,499,6.211835509699952,10.004713426853707,1000,6.907755278982134,9.998232232232231,500,0.027642000000000007
20,500,8,3,99,0.0,0.4953,499,6.211835509699952,10.004713426853707,1000,6.907755278982134,9.999731731731732,500,0.027398000000000002
20,1000,2,1,0,0.0,0.49635,966,6.860098022560294,8.126896896896897,1000,6.907755278982134,9.996522522522522,1000,0.9830599999999999
20,1000,2,1,1,0.0,0.49595000000000006,966,6.860098022560294,8.126896896896897,1000,6.907755278982134,10.000986986986987,1000,0.9820789999999999
20,1000,2,1,2,0.0,0.4973,966,6.860098022560294,8.126896896896897,999,6.906368984621015,10.000308308308309,1000,0.9824660000000001
20,1000,2,1,3,0.0,0.49770000000000003,966,6.860098022560294,8.126896896896897,999,6.906368984621015,9.9990990990991,1000,0.9822159999999999
20,1000,2,1,4,0.0,0.49889999999999995,966,6.860098022560294,8.126896896896897,1000,6.907755278982134,9.994642642642642,1000,0.982788
20,1000,2,1,5,0.0,0.4928,966,6.860098022560294,8.126896896896897,1000,6.907755278982134,9.994858858858858,1000,0.982192
20,1000,2,1,6,0.0,0.49515,966,6.860098022560294,8.126896896896897,999,6.906368984621015,9.998624624624625,1000,0.98263
20,1000,2,1,7,0.0,0.49815000000000004,966,6.860098022560294,8.126896896896897,1000,6.907755278982134,9.991865865865865,1000,0.983092
20,1000,2,1,8,0.0,0.4917,966,6.860098022560294,8.126896896896897,1000,6.907755278982134,9.994318318318319,1000,0.981299
20,1000,2,1,9,0.0,0.4983000000000001,966,6.860098022560294,8.126896896896897,1000,6.907755278982134,9.996360360360361,1000,0.9829559999999999
20,1000,2,1,10,0.0,0.4952,966,6.860098022560294,8.126896896896897,1000,6.907755278982134,9.992556556556556,1000,0.9825170000000001
20,1000,2,1,11,0.0,0.494,966,6.860098022560294,8.126896896896897,1000,6.907755278982134,9.999567567567567,1000,0.982487
20,1000,2,1,12,0.0,0.4928,966,6.860098022560294,8.126896896896897,1000,6.907755278982134,9.994470470470471,1000,0.981796
20,1000,2,1,13,0.0,0.49410000000000004,966,6.860098022560294,8.126896896896897,1000,6.907755278982134,9.999139139139139,1000,0.982759
20,1000,2,1,14,0.0,0.49529999999999996,966,6.860098022560294,8.126896896896897,1000,6.907755278982134,10.001185185185186,1000,0.9828969999999999
20,1000,2,1,15,0.0,0.49725,966,6.860098022560294,8.126896896896897,1000,6.907755278982134,9.999485485485485,1000,0.9818439999999999
20,1000,2,1,16,0.0,0.50075,966,6.860098022560294,8.126896896896897,1000,6.907755278982134,9.995801801801802,1000,0.983066
20,1000,2,1,17,0.0,0.49955,966,6.860098022560294,8.126896896896897,1000,6.907755278982134,10.003229229229229,1000,0.982875
20,1000,2,1,18,0.0,0.49995000000000006,966,6.860098022560294,8.126896896896897,1000,6.907755278982134,9.998636636636636,1000,0.9831259999999999
20,1000,2,1,19,0.0,0.49889999999999995,966,6.860098022560294,8.126896896896897,1000,6.907755278982134,10.0001001001001,1000,0.983196
20,1000,2,1,20,0.0,0.4924,966,6.860098022560294,8.126896896896897,1000,6.907755278982134,10.003427427427427,1000,0.981879
20,1000,2,1,21,0.0,0.496,966,6.860098022560294,8.126896896896897,999,6.906368984621015,9.995463463463464,1000,0.982425
20,1000,2,1,22,0.0,0.49915,966,6.860098022560294,8.126896896896897,999,6.906368984621015,10.001727727727728,1000,0.982656
20,1000,2,1,23,0.0,0.493,966,6.860098022560294,8.126896896896897,999,6.906368984621015,9.994438438438438,1000,0.982325
20,1000,2,1,24,0.0,0.49629999999999996,966,6.860098022560294,8.126896896896897,1000,6.907755278982134,10.003367367367368,1000,0.982981
20,1000,2,1,25,0.0,0.496,966,6.860098022560294,8.126896896896897,1000,6.907755278982134,9.999243243243244,1000,0.98269
20,1000,2,1,26,0.0,0.49689999999999995,966,6.860098022560294,8.126896896896897,1000,6.907755278982134,10.000380380380381,1000,0.982365
20,1000,2,1,27,0.0,0.4985,966,6.860098022560294,8.126896896896897,1000,6.907755278982134,10.002438438438439,1000,0.9825329999999999
20,1000,2,1,28,0.0,0.497,966,6.860098022560294,8.126896896896897,998,6.904982690259894,10.002106106106107,1000,0.9831169999999999
20,1000,2,1,29,0.0,0.4912,966,6.860098022560294,8.126896896896897,999,6.906368984621015,9.994842842842843,1000,0.9810099999999999
20,1000,2,1,30,0.0,0.497,966,6.860098022560294,8.126896896896897,999,6.906368984621015,9.996712712712712,1000,0.9831340000000001
20,1000,2,1,31,0.0,0.49654999999999994,966,6.860098022560294,8.126896896896897,1000,6.907755278982134,10.003853853853855,1000,0.9827039999999999
20,1000,2,1,32,0.0,0.49235,966,6.860098022560294,8.126896896896897,1000,6.907755278982134,9.999697697697698,1000,0.981662
20,1000,2,1,33,0.0,0.5022000000000001,966,6.860098022560294,8.126896896896897,999,6.906368984621015,10.006002002002003,1000,0.983221
20,1000,2,1,34,0.0,0.50185,966,6.860098022560294,8.126896896896897,1000,6.907755278982134,9.997355355355355,1000,0.983298
20,1000,2,1,35,0.0,0.49579999999999996,966,6.860098022560294,8.126896896896897,1000,6.907755278982134,10.002982982982983,1000,0.98224
20,1000,2,1,36,0.0,0.49855,966,6.860098022560294,8.126896896896897,999,6.906368984621015,9.996282282282282,1000,0.982636
20,1000,2,1,37,0.0,0.49505,966,6.860098022560294,8.126896896896897,1000,6.907755278982134,9.994432432432433,1000,0.9822110000000001
20,1000,2,1,38,0.0,0.4978,966,6.860098022560294,8.126896896896897,1000,6.907755278982134,9.998054054054053,1000,0.982968
20,1000,2,1,39,0.0,0.49985,966,6.860098022560294,8.126896896896897,1000,6.907755278982134,10.00163963963964,1000,0.982005
20,1000,2,1,40,0.0,0.503,966,6.860098022560294,8.126896896896897,1000,6.907755278982134,9.995715715715717,1000,0.9831469999999999
20,1000,2,1,41,0.0,0.496,966,6.860098022560294,8.126896896896897,1000,6.907755278982134,9.993345345345345,1000,0.9820220000000001
20,1000,2,1,42,0.0,0.49285,966,6.860098022560294,8.126896896896897,1000,6.907755278982134,10.001427427427428,1000,0.982602
20,1000,2,1,43,0.0,0.4985,966,6.860098022560294,8.126896896896897,1000,6.907755278982134,10.000448448448449,1000,0.983317
20,1000,2,1,44,0.0,0.49815,966,6.860098022560294,8.126896896896897,1000,6.907755278982134,9.994844844844845,1000,0.9829220000000001
20,1000,2,1,45,0.0,0.496,966,6.860098022560294,8.126896896896897,1000,6.907755278982134,9.995835835835836,1000,0.98281
20,1000,2,1,46,0.0,0.5005,966,6.860098022560294,8.126896896896897,1000,6.907755278982134,10.001581581581581,1000,0.9827570000000001
20,1000,2,1,47,0.0,0.49770000000000003,966,6.860098022560294,8.126896896896897,999,6.906368984621015,9.996312312312313,1000,0.982012
20,1000,2,1,48,0.0,0.5001,966,6.860098022560294,8.126896896896897,1000,6.907755278982134,9.99248048048048,1000,0.9833719999999999
20,1000,2,1,49,0.0,0.4933,966,6.860098022560294,8.126896896896897,1000,6.907755278982134,10.000884884884885,1000,0.9825219999999999
20,1000,2,1,50,0.0,0.497,966,6.860098022560294,8.126896896896897,1000,6.907755278982134,9.996692692692692,1000,0.983005
20,1000,2,1,51,0.0,0.49845000000000006,966,6.860098022560294,8.126896896896897,1000,6.907755278982134,9.994880880880881,1000,0.9827279999999999
20,1000,2,1,52,0.0,0.49889999999999995,966,6.860098022560294,8.126896896896897,1000,6.907755278982134,9.998802802802803,1000,0.983014
20,1000,2,1,53,0.0,0.49439999999999995,966,6.860098022560294,8.126896896896897,1000,6.907755278982134,10.000508508508508,1000,0.982035
20,1000,2,1,54,0.0,0.49929999999999997,966,6.860098022560294,8.126896896896897,1000,6.907755278982134,9.997493493493494,1000,0.982516
20,1000,2,1,55,0.0,0.498,966,6.860098022560294,8.126896896896897,1000,6.907755278982134,10.002802802802803,1000,0.9819220000000001
20,1000,2,1,56,0.0,0.49420000000000003,966,6.860098022560294,8.126896896896897,1000,6.907755278982134,10.000688688688689,1000,0.982394
20,1000,2,1,57,0.0,0.5014500000000001,966,6.860098022560294,8.126896896896897,1000,6.907755278982134,10.001419419419419,1000,0.982902
20,1000,2,1,58,0.0,0.49555,966,6.860098022560294,8.126896896896897,1000,6.907755278982134,10.00013013013013,1000,0.9818729999999999
20,1000,2,1,59,0.0,0.49965,966,6.860098022560294,8.126896896896897,1000,6.907755278982134,10.001087087087088,1000,0.9833930000000001
20,1000,2,1,60,0.0,0.49415,966,6.860098022560294,8.126896896896897,1000,6.907755278982134,10.000334334334335,1000,0.982394
20,1000,2,1,61,0.0,0.49069999999999997,966,6.860098022560294,8.126896896896897,1000,6.907755278982134,10.000572572572572,1000,0.981847
20,1000,2,1,62,0.0,0.4959,966,6.860098022560294,8.126896896896897,1000,6.907755278982134,9.995655655655655,1000,0.9823789999999999
20,1000,2,1,63,0.0,0.49539999999999995,966,6.860098022560294,8.126896896896897,999,6.906368984621015,10.000104104104103,1000,0.982481
20,1000,2,1,64,0.0,0.49465,966,6.860098022560294,8.126896896896897,999,6.906368984621015,9.997147147147148,1000,0.982453
20,1000,2,1,65,0.0,0.49910000000000004,966,6.860098022560294,8.126896896896897,1000,6.907755278982134,9.99885085085085,1000,0.9825039999999999
20,1000,2,1,66,0.0,0.49895,966,6.860098022560294,8.126896896896897,999,6.906368984621015,10.000502502502503,1000,0.9828939999999999
20,1000,2,1,67,0.0,0.5026499999999999,966,6.860098022560294,8.126896896896897,1000,6.907755278982134,9.998716716716716,1000,0.9833219999999999
20,1000,2,1,68,0.0,0.49660000000000004,966,6.860098022560294,8.126896896896897,999,6.906368984621015,9.99794994994995,1000,0.982534
20,1000,2,1,69,0.0,0.50075,966,6.860098022560294,8.126896896896897,999,6.906368984621015,9.997891891891891,1000,0.982838
20,1000,2,1,70,0.0,0.4992,966,6.860098022560294,8.126896896896897,1000,6.907755278982134,10.00217017017017,1000,0.98293
20,1000,2,1,71,0.0,0.5008,966,6.860098022560294,8.126896896896897,1000,6.907755278982134,9.99796996996997,1000,0.9836609999999999
20,1000,2,1,72,0.0,0.49625,966,6.860098022560294,8.126896896896897,1000,6.907755278982134,10.00187987987988,1000,0.983009
20,1000,2,1,73,0.0,0.49739999999999995,966,6.860098022560294,8.126896896896897,1000,6.907755278982134,9.994694694694696,1000,0.9825919999999999
20,1000,2,1,74,0.0,0.49505,966,6.860098022560294,8.126896896896897,1000,6.907755278982134,10.001363363363364,1000,0.9826579999999999
20,1000,2,1,75,0.0,0.49385,966,6.860098022560294,8.126896896896897,999,6.906368984621015,10.000378378378379,1000,0.982
20,1000,2,1,76,0.0,0.5024500000000001,966,6.860098022560294,8.126896896896897,1000,6.907755278982134,10.001115115115114,1000,0.9830039999999999
20,1000,2,1,77,0.0,0.49835,966,6.860098022560294,8.126896896896897,999,6.906368984621015,10.000462462462462,1000,0.982778
20,1000,2,1,78,0.0,0.4919,966,6.860098022560294,8.126896896896897,1000,6.907755278982134,9.99931931931932,1000,0.982059
20,1000,2,1,79,0.0,0.49615,966,6.860098022560294,8.126896896896897,999,6.906368984621015,9.994264264264265,1000,0.9826489999999999
20,1000,2,1,80,0.0,0.49375,966,6.860098022560294,8.126896896896897,1000,6.907755278982134,10.000114114114114,1000,0.9820679999999999
20,1000,2,1,81,0.0,0.4935,966,6.860098022560294,8.126896896896897,1000,6.907755278982134,9.993445445445445,1000,0.9820519999999999
20,1000,2,1,82,0.0,0.49715000000000004,966,6.860098022560294,8.126896896896897,1000,6.907755278982134,9.995365365365366,1000,0.982958
20,1000,2,1,83,0.0,0.4924,966,6.860098022560294,8.126896896896897,1000,6.907755278982134,9.99597997997998,1000,0.9816969999999999
20,1000,2,1,84,0.0,0.49105,966,6.860098022560294,8.126896896896897,1000,6.907755278982134,9.997287287287287,1000,0.981836
20,1000,2,1,85,0.0,0.49660000000000004,966,6.860098022560294,8.126896896896897,1000,6.907755278982134,10.000568568568568,1000,0.982773
20,1000,2,1,86,0.0,0.49225,966,6.860098022560294,8.126896896896897,1000,6.907755278982134,10.00145945945946,1000,0.981995
20,1000,2,1,87,0.0,0.49045000000000005,966,6.860098022560294,8.126896896896897,1000,6.907755278982134,9.99418018018018,1000,0.982111
20,1000,2,1,88,0.0,0.5003,966,6.860098022560294,8.126896896896897,1000,6.907755278982134,10.000324324324325,1000,0.983249
20,1000,2,1,89,0.0,0.5,966,6.860098022560294,8.126896896896897,999,6.906368984621015,9.999283283283283,1000,0.982576
20,1000,2,1,90,0.0,0.4953000000000001,966,6.860098022560294,8.126896896896897,999,6.906368984621015,9.993945945945946,1000,0.982279
20,1000,2,1,91,0.0,0.4985,966,6.860098022560294,8.126896896896897,999,6.906368984621015,9.996860860860862,1000,0.983105
20,1000,2,1,92,0.0,0.49889999999999995,966,6.860098022560294,8.126896896896897,999,6.906368984621015,10.000944944944944,1000,0.9834339999999999
20,1000,2,1,93,0.0,0.495,966,6.860098022560294,8.126896896896897,999,6.906368984621015,9.999571571571572,1000,0.982253
20,1000,2,1,94,0.0,0.49475,966,6.860098022560294,8.126896896896897,999,6.906368984621015,9.99685885885886,1000,0.9829649999999999
20,1000,2,1,95,0.0,0.49910000000000004,966,6.860098022560294,8.126896896896897,1000,6.907755278982134,9.996168168168168,1000,0.9823930000000001
20,1000,2,1,96,0.0,0.5002000000000001,966,6.860098022560294,8.126896896896897,999,6.906368984621015,9.999795795795796,1000,0.983101
20,1000,2,1,97,0.0,0.49275,966,6.860098022560294,8.126896896896897,1000,6.907755278982134,9.996962962962963,1000,0.9823109999999999
20,1000,2,1,98,0.0,0.49625,966,6.860098022560294,8.126896896896897,1000,6.907755278982134,9.99802002002002,1000,0.9826520000000001
20,1000,2,1,99,0.0,0.49245000000000005,966,6.860098022560294,8.126896896896897,1000,6.907755278982134,10.000454454454454,1000,0.9817149999999999
20,1000,2,2,0,0.0,0.49629999999999996,971,6.867029494365894,8.136642642642643,1000,6.907755278982134,10.004324324324324,1000,0.982998
20,1000,2,2,1,0.0,0.50085,971,6.867029494365894,8.136642642642643,999,6.906368984621015,10.003997997997997,1000,0.983549
20,1000,2,2,2,0.0,0.49645,971,6.867029494365894,8.136642642642643,1000,6.907755278982134,9.99908908908909,1000,0.9818779999999999
20,1000,2,2,3,0.0,0.50335,971,6.867029494365894,8.136642642642643,1000,6.907755278982134,10.003761761761762,1000,0.984069
20,1000,2,2,4,0.0,0.49685,971,6.867029494365894,8.136642642642643,1000,6.907755278982134,10.004326326326327,1000,0.983483
20,1000,2,2,5,0.0,0.502,971,6.867029494365894,8.136642642642643,1000,6.907755278982134,9.994442442442443,1000,0.983761
20,1000,2,2,6,0.0,0.4992,971,6.867029494365894,8.136642642642643,998,6.904982690259894,9.999827827827827,1000,0.983896
20,1000,2,2,7,0.0,0.501,971,6.867029494365894,8.136642642642643,1000,6.907755278982134,10.001481481481482,1000,0.983488
20,1000,2,2,8,0.0,0.5043500000000001,971,6.867029494365894,8.136642642642643,1000,6.907755278982134,10.002128128128128,1000,0.98417
20,1000,2,2,9,0.0,0.49710000000000004,971,6.867029494365894,8.136642642642643,1000,6.907755278982134,10.00341941941942,1000,0.9830720000000001
20,1000,2,2,10,0.0,0.49365,971,6.867029494365894,8.136642642642643,998,6.904982690259894,10.00103903903904,1000,0.9826630000000001
20,1000,2,2,11,0.0,0.49589999999999995,971,6.867029494365894,8.136642642642643,999,6.906368984621015,10.003095095095095,1000,0.983039
20,1000,2,2,12,0.0,0.49739999999999995,971,6.867029494365894,8.136642642642643,1000,6.907755278982134,10.000516516516516,1000,0.982919
20,1000,2,2,13,0.0,0.49410000000000004,971,6.867029494365894,8.136642642642643,1000,6.907755278982134,10.0005005005005,1000,0.983406
20,1000,2,2,14,0.0,0.4982,971,6.867029494365894,8.136642642642643,999,6.906368984621015,10.001513513513514,1000,0.983123
20,1000,2,2,15,0.0,0.4977,971,6.867029494365894,8.136642642642643,1000,6.907755278982134,10.00486086086086,1000,0.983568
20,1000,2,2,16,0.0,0.5001,971,6.867029494365894,8.136642642642643,1000,6.907755278982134,9.99871071071071,1000,0.9839220000000001
20,1000,2,2,17,0.0,0.4992,971,6.867029494365894,8.136642642642643,1000,6.907755278982134,10.002302302302303,1000,0.983468
20,1000,2,2,18,0.0,0.49595,971,6.867029494365894,8.136642642642643,1000,6.907755278982134,9.99842842842843,1000,0.98264
20,1000,2,2,19,0.0,0.5023,971,6.867029494365894,8.136642642642643,999,6.906368984621015,10.001313313313313,1000,0.9836889999999999
20,1000,2,2,20,0.0,0.49575,971,6.867029494365894,8.136642642642643,1000,6.907755278982134,10.00344944944945,1000,0.982892
20,1000,2,2,21,0.0,0.5009,971,6.867029494365894,8.136642642642643,999,6.906368984621015,10.000316316316317,1000,0.9836520000000001
20,1000,2,2,22,0.0,0.49175,971,6.867029494365894,8.136642642642643,1000,6.907755278982134,10.000850850850851,1000,0.9823330000000001
20,1000,2,2,23,0.0,0.49545000000000006,971,6.867029494365894,8.136642642642643,1000,6.907755278982134,9.995133133133134,1000,0.983443
20,1000,2,2,24,0.0,0.5044000000000001,971,6.867029494365894,8.136642642642643,1000,6.907755278982134,10.003971971971971,1000,0.983889
20,1000,2,2,25,0.0,0.5024,971,6.867029494365894,8.136642642642643,1000,6.907755278982134,10.00006006006006,1000,0.9840559999999999
20,1000,2,2,26,0.0,0.4981,971,6.867029494365894,8.136642642642643,1000,6.907755278982134,10.003763763763764,1000,0.9835349999999999
20,1000,2,2,27,0.0,0.49369999999999997,971,6.867029494365894,8.136642642642643,1000,6.907755278982134,9.99774974974975,1000,0.9822289999999999
20,1000,2,2,28,0.0,0.4952,971,6.867029494365894,8.136642642642643,1000,6.907755278982134,10.000588588588588,1000,0.98308
20,1000,2,2,29,0.0,0.4957,971,6.867029494365894,8.136642642642643,1000,6.907755278982134,9.999039039039038,1000,0.982365
20,1000,2,2,30,0.0,0.50385,971,6.867029494365894,8.136642642642643,1000,6.907755278982134,10.000238238238238,1000,0.9837899999999999
20,1000,2,2,31,0.0,0.50455,971,6.867029494365894,8.136642642642643,999,6.906368984621015,10.001575575575576,1000,0.983919
20,1000,2,2,32,0.0,0.5002,971,6.867029494365894,8.136642642642643,1000,6.907755278982134,10.00554954954955,1000,0.983582
20,1000,2,2,33,0.0,0.49525,971,6.867029494365894,8.136642642642643,1000,6.907755278982134,10.00236036036036,1000,0.982754
20,1000,2,2,34,0.0,0.49834999999999996,971,6.867029494365894,8.136642642642643,1000,6.907755278982134,10.001019019019019,1000,0.983141
20,1000,2,2,35,0.0,0.49795,971,6.867029494365894,8.136642642642643,997,6.9035963958987745,10.000722722722722,1000,0.98338
20,1000,2,2,36,0.0,0.49839999999999995,971,6.867029494365894,8.136642642642643,999,6.906368984621015,10.001165165165165,1000,0.983047
20,1000,2,2,37,0.0,0.499,971,6.867029494365894,8.136642642642643,999,6.906368984621015,9.999571571571572,1000,0.983536
20,1000,2,2,38,0.0,0.50255,971,6.867029494365894,8.136642642642643,1000,6.907755278982134,10.003001001001001,1000,0.983461
20,1000,2,2,39,0.0,0.49904999999999994,971,6.867029494365894,8.136642642642643,1000,6.907755278982134,10.002204204204205,1000,0.983549
20,1000,2,2,40,0.0,0.4992,971,6.867029494365894,8.136642642642643,1000,6.907755278982134,10.004720720720721,1000,0.983045
20,1000,2,2,41,0.0,0.4997,971,6.867029494365894,8.136642642642643,1000,6.907755278982134,10.004192192192193,1000,0.9835450000000001
20,1000,2,2,42,0.0,0.50015,971,6.867029494365894,8.136642642642643,1000,6.907755278982134,10.004198198198198,1000,0.983869
20,1000,2,2,43,0.0,0.5009,971,6.867029494365894,8.136642642642643,999,6.906368984621015,10.00082082082082,1000,0.9836400000000001
20,1000,2,2,44,0.0,0.49865,971,6.867029494365894,8.136642642642643,1000,6.907755278982134,10.002716716716717,1000,0.983797
20,1000,2,2,45,0.0,0.4958,971,6.867029494365894,8.136642642642643,999,6.906368984621015,10.001105105105106,1000,0.9834559999999999
20,1000,2,2,46,0.0,0.4962,971,6.867029494365894,8.136642642642643,1000,6.907755278982134,9.9961001001001,1000,0.9835689999999999
20,1000,2,2,47,0.0,0.5012,971,6.867029494365894,8.136642642642643,1000,6.907755278982134,10.002714714714715,1000,0.9835320000000001
20,1000,2,2,48,0.0,0.49739999999999995,971,6.867029494365894,8.136642642642643,999,6.906368984621015,10.00176976976977,1000,0.9831019999999999
20,1000,2,2,49,0.0,0.49195,971,6.867029494365894,8.136642642642643,1000,6.907755278982134,9.998968968968969,1000,0.982287
20,1000,2,2,50,0.0,0.50155,971,6.867029494365894,8.136642642642643,1000,6.907755278982134,10.005539539539539,1000,0.983959
20,1000,2,2,51,0.0,0.49725,971,6.867029494365894,8.136642642642643,1000,6.907755278982134,10.003101101101102,1000,0.983302
20,1000,2,2,52,0.0,0.49929999999999997,971,6.867029494365894,8.136642642642643,1000,6.907755278982134,10.001365365365366,1000,0.9836289999999999
20,1000,2,2,53,0.0,0.49854999999999994,971,6.867029494365894,8.136642642642643,1000,6.907755278982134,10.005851851851851,1000,0.983481
20,1000,2,2,54,0.0,0.4995,971,6.867029494365894,8.136642642642643,998,6.904982690259894,10.000512512512513,1000,0.983499
20,1000,2,2,55,0.0,0.5002,971,6.867029494365894,8.136642642642643,1000,6.907755278982134,9.997797797797798,1000,0.983213
20,1000,2,2,56,0.0,0.4935,971,6.867029494365894,8.136642642642643,999,6.906368984621015,9.999391391391391,1000,0.9829640000000001
20,1000,2,2,57,0.0,0.49784999999999996,971,6.867029494365894,8.136642642642643,1000,6.907755278982134,10.001711711711712,1000,0.983574
20,1000,2,2,58,0.0,0.50195,971,6.867029494365894,8.136642642642643,1000,6.907755278982134,10.004674674674675,1000,0.98418
20,1000,2,2,59,0.0,0.49884999999999996,971,6.867029494365894,8.136642642642643,1000,6.907755278982134,10.005203203203203,1000,0.9838879999999999
20,1000,2,2,60,0.0,0.5018,971,6.867029494365894,8.136642642642643,999,6.906368984621015,9.999483483483484,1000,0.9836979999999999
20,1000,2,2,61,0.0,0.4975,971,6.867029494365894,8.136642642642643,1000,6.907755278982134,10.00213013013013,1000,0.983367
20,1000,2,2,62,0.0,0.50005,971,6.867029494365894,8.136642642642643,1000,6.907755278982134,10.00262062062062,1000,0.983546
20,1000,2,2,63,0.0,0.5035,971,6.867029494365894,8.136642642642643,1000,6.907755278982134,10.00028028028028,1000,0.983318
20,1000,2,2,64,0.0,0.49439999999999995,971,6.867029494365894,8.136642642642643,1000,6.907755278982134,10.001073073073073,1000,0.9828250000000001
20,1000,2,2,65,0.0,0.4972,971,6.867029494365894,8.136642642642643,1000,6.907755278982134,10.003171171171171,1000,0.9830169999999999
20,1000,2,2,66,0.0,0.5021,971,6.867029494365894,8.136642642642643,1000,6.907755278982134,10.004352352352353,1000,0.9840319999999999
20,1000,2,2,67,0.0,0.49994999999999995,971,6.867029494365894,8.136642642642643,999,6.906368984621015,10.004514514514515,1000,0.9833
20,1000,2,2,68,0.0,0.4993,971,6.867029494365894,8.136642642642643,1000,6.907755278982134,9.998314314314314,1000,0.98318
20,1000,2,2,69,0.0,0.5003,971,6.867029494365894,8.136642642642643,1000,6.907755278982134,10.00012012012012,1000,0.9829530000000001
20,1000,2,2,70,0.0,0.50075,971,6.867029494365894,8.136642642642643,1000,6.907755278982134,10.002032032032032,1000,0.98283
20,1000,2,2,71,0.0,0.49725,971,6.867029494365894,8.136642642642643,998,6.904982690259894,10.00616016016016,1000,0.983279
20,1000,2,2,72,0.0,0.5022,971,6.867029494365894,8.136642642642643,999,6.906368984621015,9.998498498498499,1000,0.983791
20,1000,2,2,73,0.0,0.5006999999999999,971,6.867029494365894,8.136642642642643,1000,6.907755278982134,9.998934934934935,1000,0.9832919999999999
20,1000,2,2,74,0.0,0.49815,971,6.867029494365894,8.136642642642643,999,6.906368984621015,9.999981981981982,1000,0.9839249999999999
20,1000,2,2,75,0.0,0.4953,971,6.867029494365894,8.136642642642643,1000,6.907755278982134,10.000396396396397,1000,0.9833350000000001
20,1000,2,2,76,0.0,0.4962,971,6.867029494365894,8.136642642642643,1000,6.907755278982134,10.005201201201201,1000,0.982779
20,1000,2,2,77,0.0,0.49739999999999995,971,6.867029494365894,8.136642642642643,999,6.906368984621015,10.001733733733733,1000,0.983384
20,1000,2,2,78,0.0,0.49955,971,6.867029494365894,8.136642642642643,1000,6.907755278982134,9.998172172172172,1000,0.9836489999999999
20,1000,2,2,79,0.0,0.49760000000000004,971,6.867029494365894,8.136642642642643,1000,6.907755278982134,10.000072072072072,1000,0.982779
20,1000,2,2,80,0.0,0.50105,971,6.867029494365894,8.136642642642643,1000,6.907755278982134,10.001115115115114,1000,0.982802
20,1000,2,2,81,0.0,0.49360000000000004,971,6.867029494365894,8.136642642642643,1000,6.907755278982134,10.000576576576577,1000,0.982628
20,1000,2,2,82,0.0,0.499,971,6.867029494365894,8.136642642642643,1000,6.907755278982134,9.99811011011011,1000,0.983116
20,1000,2,2,83,0.0,0.49639999999999995,971,6.867029494365894,8.136642642642643,1000,6.907755278982134,10.001553553553553,1000,0.9827359999999998
20,1000,2,2,84,0.0,0.5011,971,6.867029494365894,8.136642642642643,1000,6.907755278982134,10.004968968968969,1000,0.983448
20,1000,2,2,85,0.0,0.4972,971,6.867029494365894,8.136642642642643,1000,6.907755278982134,10.00412012012012,1000,0.982445
20,1000,2,2,86,0.0,0.49634999999999996,971,6.867029494365894,8.136642642642643,1000,6.907755278982134,9.999681681681682,1000,0.982731
20,1000,2,2,87,0.0,0.49995,971,6.867029494365894,8.136642642642643,1000,6.907755278982134,10.001915915915916,1000,0.9836030000000001
20,1000,2,2,88,0.0,0.4986,971,6.867029494365894,8.136642642642643,1000,6.907755278982134,10.001525525525526,1000,0.982676
20,1000,2,2,89,0.0,0.49985,971,6.867029494365894,8.136642642642643,1000,6.907755278982134,10.001135135135135,1000,0.983549
20,1000,2,2,90,0.0,0.50185,971,6.867029494365894,8.136642642642643,999,6.906368984621015,10.005831831831832,1000,0.9837039999999999
20,1000,2,2,91,0.0,0.4995,971,6.867029494365894,8.136642642642643,1000,6.907755278982134,9.995555555555555,1000,0.9837009999999999
20,1000,2,2,92,0.0,0.4995,971,6.867029494365894,8.136642642642643,999,6.906368984621015,10.000556556556557,1000,0.9837070000000001
20,1000,2,2,93,0.0,0.5002000000000001,971,6.867029494365894,8.136642642642643,1000,6.907755278982134,9.999883883883884,1000,0.983333
20,1000,2,2,94,0.0,0.49445,971,6.867029494365894,8.136642642642643,999,6.906368984621015,10.002648648648648,1000,0.982378
20,1000,2,2,95,0.0,0.5005999999999999,971,6.867029494365894,8.136642642642643,999,6.906368984621015,10.004948948948948,1000,0.983422
20,1000,2,2,96,0.0,0.49910000000000004,971,6.867029494365894,8.136642642642643,998,6.904982690259894,10.003695695695695,1000,0.983033
20,1000,2,2,97,0.0,0.5006499999999999,971,6.867029494365894,8.136642642642643,998,6.904982690259894,10.006088088088088,1000,0.983058
20,1000,2,2,98,0.0,0.49445,971,6.867029494365894,8.136642642642643,1000,6.907755278982134,9.999761761761762,1000,0.9832090000000001
20,1000,2,2,99,0.0,0.4972,971,6.867029494365894,8.136642642642643,998,6.904982690259894,9.998326326326326,1000,0.9838250000000001
20,1000,2,3,0,0.0,0.50095,969,6.8642569056436535,8.049017017017016,999,6.906368984621015,9.994528528528528,1000,0.983746
20,1000,2,3,1,0.0,0.50005,969,6.8642569056436535,8.049017017017016,1000,6.907755278982134,10.00214014014014,1000,0.983403
20,1000,2,3,2,0.0,0.50125,969,6.8642569056436535,8.049017017017016,1000,6.907755278982134,9.999297297297296,1000,0.9841179999999999
20,1000,2,3,3,0.0,0.5079,969,6.8642569056436535,8.049017017017016,1000,6.907755278982134,9.999171171171172,1000,0.9842649999999998
20,1000,2,3,4,0.0,0.5023,969,6.8642569056436535,8.049017017017016,999,6.906368984621015,10.005033033033033,1000,0.983929
20,1000,2,3,5,0.0,0.5042,969,6.8642569056436535,8.049017017017016,999,6.906368984621015,9.997057057057058,1000,0.983718
20,1000,2,3,6,0.0,0.5025,969,6.8642569056436535,8.049017017017016,999,6.906368984621015,10.00414014014014,1000,0.983846
20,1000,2,3,7,0.0,0.50135,969,6.8642569056436535,8.049017017017016,1000,6.907755278982134,10.006920920920921,1000,0.9827539999999999
20,1000,2,3,8,0.0,0.50135,969,6.8642569056436535,8.049017017017016,1000,6.907755278982134,10.000662662662663,1000,0.982954
20,1000,2,3,9,0.0,0.5027,969,6.8642569056436535,8.049017017017016,1000,6.907755278982134,10.001045045045045,1000,0.983127
20,1000,2,3,10,0.0,0.5019,969,6.8642569056436535,8.049017017017016,1000,6.907755278982134,10.001541541541542,1000,0.983881
20,1000,2,3,11,0.0,0.5053500000000001,969,6.8642569056436535,8.049017017017016,1000,6.907755278982134,9.998504504504504,1000,0.9842170000000001
20,1000,2,3,12,0.0,0.5021,969,6.8642569056436535,8.049017017017016,1000,6.907755278982134,10.001021021021021,1000,0.9838089999999999
20,1000,2,3,13,0.0,0.502,969,6.8642569056436535,8.049017017017016,1000,6.907755278982134,10.000332332332333,1000,0.983617
20,1000,2,3,14,0.0,0.50505,969,6.8642569056436535,8.049017017017016,1000,6.907755278982134,9.992994994994994,1000,0.983506
20,1000,2,3,15,0.0,0.5003,969,6.8642569056436535,8.049017017017016,1000,6.907755278982134,10.004792792792793,1000,0.9837170000000001
20,1000,2,3,16,0.0,0.50495,969,6.8642569056436535,8.049017017017016,999,6.906368984621015,9.994144144144144,1000,0.98442
20,1000,2,3,17,0.0,0.50145,969,6.8642569056436535,8.049017017017016,1000,6.907755278982134,9.999497497497497,1000,0.983312
20,1000,2,3,18,0.0,0.50095,969,6.8642569056436535,8.049017017017016,1000,6.907755278982134,10.00401001001001,1000,0.9833289999999999
20,1000,2,3,19,0.0,0.5015,969,6.8642569056436535,8.049017017017016,999,6.906368984621015,9.996804804804805,1000,0.983962
20,1000,2,3,20,0.0,0.5013500000000001,969,6.8642569056436535,8.049017017017016,1000,6.907755278982134,9.99793993993994,1000,0.9837670000000001
20,1000,2,3,21,0.0,0.5041,969,6.8642569056436535,8.049017017017016,999,6.906368984621015,10.000564564564565,1000,0.98415
20,1000,2,3,22,0.0,0.50005,969,6.8642569056436535,8.049017017017016,1000,6.907755278982134,10.002500500500501,1000,0.9833019999999999
20,1000,2,3,23,0.0,0.50375,969,6.8642569056436535,8.049017017017016,1000,6.907755278982134,10.001615615615616,1000,0.9840990000000001
20,1000,2,3,24,0.0,0.5015,969,6.8642569056436535,8.049017017017016,999,6.906368984621015,10.002434434434434,1000,0.983285
20,1000,2,3,25,0.0,0.50405,969,6.8642569056436535,8.049017017017016,997,6.903596395898775,9.998836836836837,1000,0.9842609999999999
20,1000,2,3,26,0.0,0.5007999999999999,969,6.8642569056436535,8.049017017017016,999,6.906368984621015,10.000412412412413,1000,0.9829659999999999
20,1000,2,3,27,0.0,0.5011,969,6.8642569056436535,8.049017017017016,1000,6.907755278982134,10.00209009009009,1000,0.983562
20,1000,2,3,28,0.0,0.50335,969,6.8642569056436535,8.049017017017016,1000,6.907755278982134,9.999653653653654,1000,0.983545
20,1000,2,3,29,0.0,0.5013,969,6.8642569056436535,8.049017017017016,1000,6.907755278982134,9.999315315315314,1000,0.983687
20,1000,2,3,30,0.0,0.50005,969,6.8642569056436535,8.049017017017016,1000,6.907755278982134,10.001531531531532,1000,0.983583
20,1000,2,3,31,0.0,0.5053,969,6.8642569056436535,8.049017017017016,999,6.906368984621015,10.002946946946947,1000,0.984395
20,1000,2,3,32,0.0,0.50715,969,6.8642569056436535,8.049017017017016,1000,6.907755278982134,9.991757757757759,1000,0.984
20,1000,2,3,33,0.0,0.5056,969,6.8642569056436535,8.049017017017016,1000,6.907755278982134,10.000448448448449,1000,0.9843930000000001
20,1000,2,3,34,0.0,0.50905,969,6.8642569056436535,8.049017017017016,1000,6.907755278982134,9.993671671671672,1000,0.9849159999999999
20,1000,2,3,35,0.0,0.5011,969,6.8642569056436535,8.049017017017016,1000,6.907755278982134,9.999615615615616,1000,0.983593
20,1000,2,3,36,0.0,0.50405,969,6.8642569056436535,8.049017017017016,1000,6.907755278982134,10.003621621621622,1000,0.9839990000000001
20,1000,2,3,37,0.0,0.49975,969,6.8642569056436535,8.049017017017016,1000,6.907755278982134,9.999613613613613,1000,0.983164
20,1000,2,3,38,0.0,0.50105,969,6.8642569056436535,8.049017017017016,1000,6.907755278982134,10.000594594594595,1000,0.98306
20,1000,2,3,39,0.0,0.5031,969,6.8642569056436535,8.049017017017016,1000,6.907755278982134,9.998594594594595,1000,0.983795
20,1000,2,3,40,0.0,0.50185,969,6.8642569056436535,8.049017017017016,1000,6.907755278982134,9.998984984984984,1000,0.9827469999999999
20,1000,2,3,41,0.0,0.5036499999999999,969,6.8642569056436535,8.049017017017016,1000,6.907755278982134,9.997163163163163,1000,0.9842829999999999
20,1000,2,3,42,0.0,0.498,969,6.8642569056436535,8.049017017017016,999,6.906368984621015,9.998106106106107,1000,0.982644
20,1000,2,3,43,0.0,0.49860000000000004,969,6.8642569056436535,8.049017017017016,1000,6.907755278982134,10.002262262262262,1000,0.983081
20,1000,2,3,44,0.0,0.5039,969,6.8642569056436535,8.049017017017016,999,6.906368984621015,10.002506506506506,1000,0.983019
20,1000,2,3,45,0.0,0.5009,969,6.8642569056436535,8.049017017017016,1000,6.907755278982134,10.004024024024025,1000,0.982889
20,1000,2,3,46,0.0,0.50325,969,6.8642569056436535,8.049017017017016,1000,6.907755278982134,10.002424424424424,1000,0.98373
20,1000,2,3,47,0.0,0.5036499999999999,969,6.8642569056436535,8.049017017017016,1000,6.907755278982134,9.999933933933933,1000,0.984285
20,1000,2,3,48,0.0,0.50385,969,6.8642569056436535,8.049017017017016,1000,6.907755278982134,10.00147947947948,1000,0.9840509999999999
20,1000,2,3,49,0.0,0.50285,969,6.8642569056436535,8.049017017017016,1000,6.907755278982134,10.001419419419419,1000,0.983276
20,1000,2,3,50,0.0,0.5007,969,6.8642569056436535,8.049017017017016,999,6.906368984621015,10.003687687687687,1000,0.984071
20,1000,2,3,51,0.0,0.5058,969,6.8642569056436535,8.049017017017016,1000,6.907755278982134,9.996568568568568,1000,0.9843559999999999
20,1000,2,3,52,0.0,0.5025,969,6.8642569056436535,8.049017017017016,1000,6.907755278982134,9.997985985985986,1000,0.9838899999999999
20,1000,2,3,53,0.0,0.5016499999999999,969,6.8642569056436535,8.049017017017016,999,6.906368984621015,10.00081081081081,1000,0.983476
20,1000,2,3,54,0.0,0.4988,969,6.8642569056436535,8.049017017017016,1000,6.907755278982134,10.001001001001,1000,0.983399
20,1000,2,3,55,0.0,0.50205,969,6.8642569056436535,8.049017017017016,1000,6.907755278982134,9.99960960960961,1000,0.983557
20,1000,2,3,56,0.0,0.5053,969,6.8642569056436535,8.049017017017016,999,6.906368984621015,10.001165165165165,1000,0.983881
20,1000,2,3,57,0.0,0.5054,969,6.8642569056436535,8.049017017017016,1000,6.907755278982134,10.000364364364364,1000,0.984103
20,1000,2,3,58,0.0,0.5017,969,6.8642569056436535,8.049017017017016,1000,6.907755278982134,10.003231231231231,1000,0.9834080000000001
20,1000,2,3,59,0.0,0.49539999999999995,969,6.8642569056436535,8.049017017017016,999,6.906368984621015,10.001441441441441,1000,0.982224
20,1000,2,3,60,0.0,0.50495,969,6.8642569056436535,8.049017017017016,1000,6.907755278982134,10.002332332332333,1000,0.9844639999999999
20,1000,2,3,61,0.0,0.5026,969,6.8642569056436535,8.049017017017016,1000,6.907755278982134,9.99807007007007,1000,0.983533
20,1000,2,3,62,0.0,0.5022,969,6.8642569056436535,8.049017017017016,1000,6.907755278982134,9.997865865865865,1000,0.983865
20,1000,2,3,63,0.0,0.498,969,6.8642569056436535,8.049017017017016,1000,6.907755278982134,10.001965965965965,1000,0.98334
20,1000,2,3,64,0.0,0.5045,969,6.8642569056436535,8.049017017017016,1000,6.907755278982134,10.000576576576577,1000,0.983399
20,1000,2,3,65,0.0,0.50245,969,6.8642569056436535,8.049017017017016,999,6.906368984621015,10.001447447447447,1000,0.984116
20,1000,2,3,66,0.0,0.50445,969,6.8642569056436535,8.049017017017016,1000,6.907755278982134,10.00131931931932,1000,0.9839899999999999
20,1000,2,3,67,0.0,0.50175,969,6.8642569056436535,8.049017017017016,1000,6.907755278982134,9.99990990990991,1000,0.9838060000000001
20,1000,2,3,68,0.0,0.5013,969,6.8642569056436535,8.049017017017016,999,6.906368984621015,9.994386386386386,1000,0.9834480000000001
20,1000,2,3,69,0.0,0.5043,969,6.8642569056436535,8.049017017017016,1000,6.907755278982134,10.00598998998999,1000,0.983432
20,1000,2,3,70,0.0,0.5008,969,6.8642569056436535,8.049017017017016,1000,6.907755278982134,9.999875875875876,1000,0.98314
20,1000,2,3,71,0.0,0.50365,969,6.8642569056436535,8.049017017017016,1000,6.907755278982134,10.002348348348349,1000,0.983954
20,1000,2,3,72,0.0,0.5035,969,6.8642569056436535,8.049017017017016,1000,6.907755278982134,9.99975975975976,1000,0.983824
20,1000,2,3,73,0.0,0.5057,969,6.8642569056436535,8.049017017017016,999,6.906368984621015,10.001245245245245,1000,0.983979
20,1000,2,3,74,0.0,0.49945,969,6.8642569056436535,8.049017017017016,999,6.906368984621015,10.000982982982983,1000,0.9824609999999999
20,1000,2,3,75,0.0,0.50535,969,6.8642569056436535,8.049017017017016,1000,6.907755278982134,10.002292292292292,1000,0.984654
20,1000,2,3,76,0.0,0.5013500000000001,969,6.8642569056436535,8.049017017017016,1000,6.907755278982134,9.999385385385386,1000,0.9834660000000001
20,1000,2,3,77,0.0,0.50185,969,6.8642569056436535,8.049017017017016,1000,6.907755278982134,10.006064064064065,1000,0.983332
20,1000,2,3,78,0.0,0.50305,969,6.8642569056436535,8.049017017017016,1000,6.907755278982134,10.000334334334335,1000,0.984071
20,1000,2,3,79,0.0,0.5051,969,6.8642569056436535,8.049017017017016,999,6.906368984621015,9.995439439439439,1000,0.984482
20,1000,2,3,80,0.0,0.50215,969,6.8642569056436535,8.049017017017016,999,6.906368984621015,9.999737737737737,1000,0.9837339999999999
20,1000,2,3,81,0.0,0.5006499999999999,969,6.8642569056436535,8.049017017017016,1000,6.907755278982134,10.0064004004004,1000,0.983127
20,1000,2,3,82,0.0,0.502,969,6.8642569056436535,8.049017017017016,1000,6.907755278982134,10.00285885885886,1000,0.9839540000000001
20,1000,2,3,83,0.0,0.5044,969,6.8642569056436535,8.049017017017016,1000,6.907755278982134,10.001173173173173,1000,0.983645
20,1000,2,3,84,0.0,0.503,969,6.8642569056436535,8.049017017017016,1000,6.907755278982134,9.999039039039038,1000,0.983918
20,1000,2,3,85,0.0,0.49954999999999994,969,6.8642569056436535,8.049017017017016,1000,6.907755278982134,9.998384384384384,1000,0.9835750000000001
20,1000,2,3,86,0.0,0.499,969,6.8642569056436535,8.049017017017016,1000,6.907755278982134,10.00269069069069,1000,0.983363
20,1000,2,3,87,0.0,0.50505,969,6.8642569056436535,8.049017017017016,999,6.906368984621015,10.00133133133133,1000,0.983611
20,1000,2,3,88,0.0,0.49929999999999997,969,6.8642569056436535,8.049017017017016,1000,6.907755278982134,9.999831831831832,1000,0.983096
20,1000,2,3,89,0.0,0.50205,969,6.8642569056436535,8.049017017017016,1000,6.907755278982134,9.999029029029028,1000,0.9828889999999999
20,1000,2,3,90,0.0,0.5011,969,6.8642569056436535,8.049017017017016,1000,6.907755278982134,9.998158158158159,1000,0.983586
20,1000,2,3,91,0.0,0.50905,969,6.8642569056436535,8.049017017017016,999,6.906368984621015,9.99852052052052,1000,0.98446
20,1000,2,3,92,0.0,0.50345,969,6.8642569056436535,8.049017017017016,1000,6.907755278982134,10.002076076076076,1000,0.983553
20,1000,2,3,93,0.0,0.5017,969,6.8642569056436535,8.049017017017016,1000,6.907755278982134,10.001993993993993,1000,0.9833350000000001
20,1000,2,3,94,0.0,0.5002000000000001,969,6.8642569056436535,8.049017017017016,1000,6.907755278982134,10.000432432432433,1000,0.983722
20,1000,2,3,95,0.0,0.50315,969,6.8642569056436535,8.049017017017016,1000,6.907755278982134,9.997603603603604,1000,0.9841810000000001
20,1000,2,3,96,0.0,0.5045,969,6.8642569056436535,8.049017017017016,1000,6.907755278982134,10.002974974974975,1000,0.983698
20,1000,2,3,97,0.0,0.49910000000000004,969,6.8642569056436535,8.049017017017016,999,6.906368984621015,9.99376976976977,1000,0.983805
20,1000,2,3,98,0.0,0.5065500000000001,969,6.8642569056436535,8.049017017017016,1000,6.907755278982134,9.998832832832832,1000,0.984173
20,1000,2,3,99,0.0,0.5013500000000001,969,6.8642569056436535,8.049017017017016,1000,6.907755278982134,10.003117117117117,1000,0.9833010000000001
20,1000,3,1,0,0.0,0.49865,995,6.900823807176534,9.52603003003003,999,6.906368984621015,10.005295295295296,1000,0.7850920000000001
20,1000,3,1,1,0.0,0.4968,995,6.900823807176534,9.52603003003003,999,6.906368984621015,10.004228228228229,1000,0.784352
20,1000,3,1,2,0.0,0.50285,995,6.900823807176534,9.52603003003003,1000,6.907755278982134,10.002876876876877,1000,0.786931
20,1000,3,1,3,0.0,0.5028,995,6.900823807176534,9.52603003003003,999,6.906368984621015,10.005033033033033,1000,0.7853140000000001
20,1000,3,1,4,0.0,0.50275,995,6.900823807176534,9.52603003003003,1000,6.907755278982134,10.005371371371371,1000,0.787778
20,1000,3,1,5,0.0,0.49915000000000004,995,6.900823807176534,9.52603003003003,1000,6.907755278982134,9.995813813813815,1000,0.7864059999999999
20,1000,3,1,6,0.0,0.50185,995,6.900823807176534,9.52603003003003,1000,6.907755278982134,10.000642642642642,1000,0.78674
20,1000,3,1,7,0.0,0.49570000000000003,995,6.900823807176534,9.52603003003003,1000,6.907755278982134,9.996172172172173,1000,0.7838050000000001
20,1000,3,1,8,0.0,0.49965000000000004,995,6.900823807176534,9.52603003003003,1000,6.907755278982134,10.002884884884885,1000,0.7872530000000001
20,1000,3,1,9,0.0,0.50285,995,6.900823807176534,9.52603003003003,1000,6.907755278982134,10.004258258258258,1000,0.7884830000000002
20,1000,3,1,10,0.0,0.49415000000000003,995,6.900823807176534,9.52603003003003,1000,6.907755278982134,9.99910910910911,1000,0.783397
20,1000,3,1,11,0.0,0.49845000000000006,995,6.900823807176534,9.52603003003003,1000,6.907755278982134,10.000138138138139,1000,0.786087
20,1000,3,1,12,0.0,0.49785,995,6.900823807176534,9.52603003003003,1000,6.907755278982134,10.006264264264264,1000,0.78483
20,1000,3,1,13,0.0,0.5005,995,6.900823807176534,9.52603003003003,1000,6.907755278982134,10.004284284284283,1000,0.786131
20,1000,3,1,14,0.0,0.50215,995,6.900823807176534,9.52603003003003,1000,6.907755278982134,10.004342342342342,1000,0.7871480000000001
20,1000,3,1,15,0.0,0.4968,995,6.900823807176534,9.52603003003003,999,6.906368984621015,10.00225025025025,1000,0.7849870000000001
20,1000,3,1,16,0.0,0.5017,995,6.900823807176534,9.52603003003003,1000,6.907755278982134,10.00136936936937,1000,0.787095
20,1000,3,1,17,0.0,0.5031,995,6.900823807176534,9.52603003003003,1000,6.907755278982134,9.99794994994995,1000,0.788019
20,1000,3,1,18,0.0,0.4963,995,6.900823807176534,9.52603003003003,1000,6.907755278982134,10.00036036036036,1000,0.7861670000000001
20,1000,3,1,19,0.0,0.49960000000000004,995,6.900823807176534,9.52603003003003,1000,6.907755278982134,10.003631631631631,1000,0.786763
20,1000,3,1,20,0.0,0.50165,995,6.900823807176534,9.52603003003003,1000,6.907755278982134,10.003633633633633,1000,0.7870150000000001
20,1000,3,1,21,0.0,0.5016,995,6.900823807176534,9.52603003003003,999,6.906368984621015,10.005773773773774,1000,0.7870450000000001
20,1000,3,1,22,0.0,0.5032,995,6.900823807176534,9.52603003003003,1000,6.907755278982134,10.001873873873874,1000,0.786325
20,1000,3,1,23,0.0,0.4993,995,6.900823807176534,9.52603003003003,999,6.906368984621015,9.999551551551551,1000,0.7863620000000001
20,1000,3,1,24,0.0,0.50085,995,6.900823807176534,9.52603003003003,998,6.904982690259894,10.004074074074074,1000,0.787751
20,1000,3,1,25,0.0,0.50075,995,6.900823807176534,9.52603003003003,999,6.906368984621015,10.005207207207206,1000,0.7858930000000001
20,1000,3,1,26,0.0,0.49975,995,6.900823807176534,9.52603003003003,1000,6.907755278982134,10.000746746746747,1000,0.786494
20,1000,3,1,27,0.0,0.4989,995,6.900823807176534,9.52603003003003,1000,6.907755278982134,10.003695695695695,1000,0.786713
20,1000,3,1,28,0.0,0.50285,995,6.900823807176534,9.52603003003003,1000,6.907755278982134,10.000838838838838,1000,0.7882840000000001
20,1000,3,1,29,0.0,0.499,995,6.900823807176534,9.52603003003003,1000,6.907755278982134,9.998698698698698,1000,0.786731
20,1000,3,1,30,0.0,0.5001,995,6.900823807176534,9.52603003003003,996,6.902210101537655,10.002750750750751,1000,0.786301
20,1000,3,1,31,0.0,0.505,995,6.900823807176534,9.52603003003003,999,6.906368984621015,9.999791791791791,1000,0.7867609999999999
20,1000,3,1,32,0.0,0.49955,995,6.900823807176534,9.52603003003003,1000,6.907755278982134,10.003101101101102,1000,0.787872
20,1000,3,1,33,0.0,0.50245,995,6.900823807176534,9.52603003003003,999,6.906368984621015,10.001863863863864,1000,0.7879720000000001
20,1000,3,1,34,0.0,0.4985,995,6.900823807176534,9.52603003003003,1000,6.907755278982134,10.004768768768768,1000,0.7849
20,1000,3,1,35,0.0,0.50015,995,6.900823807176534,9.52603003003003,1000,6.907755278982134,10.001439439439439,1000,0.787687
20,1000,3,1,36,0.0,0.503,995,6.900823807176534,9.52603003003003,999,6.906368984621015,10.000792792792792,1000,0.7870119999999999
20,1000,3,1,37,0.0,0.50055,995,6.900823807176534,9.52603003003003,998,6.904982690259894,10.003925925925927,1000,0.7858740000000001
20,1000,3,1,38,0.0,0.50125,995,6.900823807176534,9.52603003003003,1000,6.907755278982134,10.001771771771772,1000,0.786634
20,1000,3,1,39,0.0,0.50505,995,6.900823807176534,9.52603003003003,999,6.906368984621015,10.004122122122123,1000,0.788058
20,1000,3,1,40,0.0,0.5014500000000001,995,6.900823807176534,9.52603003003003,1000,6.907755278982134,9.99964964964965,1000,0.789076
20,1000,3,1,41,0.0,0.5035,995,6.900823807176534,9.52603003003003,1000,6.907755278982134,10.00207007007007,1000,0.788881
20,1000,3,1,42,0.0,0.5014,995,6.900823807176534,9.52603003003003,1000,6.907755278982134,10.003127127127128,1000,0.7875880000000001
20,1000,3,1,43,0.0,0.50225,995,6.900823807176534,9.52603003003003,999,6.906368984621015,10.000246246246245,1000,0.7878569999999999
20,1000,3,1,44,0.0,0.49995000000000006,995,6.900823807176534,9.52603003003003,1000,6.907755278982134,10.00507907907908,1000,0.7853030000000001
20,1000,3,1,45,0.0,0.50295,995,6.900823807176534,9.52603003003003,999,6.906368984621015,9.9987007007007,1000,0.787723
20,1000,3,1,46,0.0,0.4984,995,6.900823807176534,9.52603003003003,1000,6.907755278982134,10.00263063063063,1000,0.7847799999999999
20,1000,3,1,47,0.0,0.49660000000000004,995,6.900823807176534,9.52603003003003,1000,6.907755278982134,10.002306306306306,1000,0.7851210000000001
20,1000,3,1,48,0.0,0.502,995,6.900823807176534,9.52603003003003,1000,6.907755278982134,10.004732732732732,1000,0.7877560000000001
20,1000,3,1,49,0.0,0.5027,995,6.900823807176534,9.52603003003003,1000,6.907755278982134,10.000752752752753,1000,0.788853
20,1000,3,1,50,0.0,0.5013,995,6.900823807176534,9.52603003003003,999,6.906368984621015,10.003491491491491,1000,0.78795
20,1000,3,1,51,0.0,0.5025,995,6.900823807176534,9.52603003003003,999,6.906368984621015,9.998018018018017,1000,0.7884549999999999
20,1000,3,1,52,0.0,0.49765,995,6.900823807176534,9.52603003003003,1000,6.907755278982134,10.001507507507508,1000,0.7856449999999999
20,1000,3,1,53,0.0,0.49860000000000004,995,6.900823807176534,9.52603003003003,1000,6.907755278982134,10.003187187187187,1000,0.785688
20,1000,3,1,54,0.0,0.5025,995,6.900823807176534,9.52603003003003,999,6.906368984621015,10.004508508508508,1000,0.787159
20,1000,3,1,55,0.0,0.49845,995,6.900823807176534,9.52603003003003,1000,6.907755278982134,10.000806806806807,1000,0.786393
20,1000,3,1,56,0.0,0.49935,995,6.900823807176534,9.52603003003003,999,6.906368984621015,10.003085085085084,1000,0.7862250000000001
20,1000,3,1,57,0.0,0.50575,995,6.900823807176534,9.52603003003003,999,6.906368984621015,10.004102102102102,1000,0.788405
20,1000,3,1,58,0.0,0.49945000000000006,995,6.900823807176534,9.52603003003003,1000,6.907755278982134,10.001063063063063,1000,0.787595
20,1000,3,1,59,0.0,0.50085,995,6.900823807176534,9.52603003003003,999,6.906368984621015,10.002856856856857,1000,0.785234
20,1000,3,1,60,0.0,0.49989999999999996,995,6.900823807176534,9.52603003003003,1000,6.907755278982134,10.004632632632633,1000,0.786919
20,1000,3,1,61,0.0,0.49720000000000003,995,6.900823807176534,9.52603003003003,999,6.906368984621015,10.003123123123123,1000,0.786906
20,1000,3,1,62,0.0,0.50275,995,6.900823807176534,9.52603003003003,1000,6.907755278982134,10.005223223223224,1000,0.7874300000000001
20,1000,3,1,63,0.0,0.4968,995,6.900823807176534,9.52603003003003,1000,6.907755278982134,10.002774774774775,1000,0.7852550000000001
20,1000,3,1,64,0.0,0.49970000000000003,995,6.900823807176534,9.52603003003003,1000,6.907755278982134,10.0047007007007,1000,0.785203
20,1000,3,1,65,0.0,0.50275,995,6.900823807176534,9.52603003003003,1000,6.907755278982134,10.002920920920921,1000,0.786691
20,1000,3,1,66,0.0,0.5002000000000001,995,6.900823807176534,9.52603003003003,1000,6.907755278982134,10.002782782782782,1000,0.7864030000000001
20,1000,3,1,67,0.0,0.4987,995,6.900823807176534,9.52603003003003,999,6.906368984621015,10.003751751751752,1000,0.785789
20,1000,3,1,68,0.0,0.4975,995,6.900823807176534,9.52603003003003,1000,6.907755278982134,10.003267267267267,1000,0.785297
20,1000,3,1,69,0.0,0.498,995,6.900823807176534,9.52603003003003,1000,6.907755278982134,10.002974974974975,1000,0.786125
20,1000,3,1,70,0.0,0.5053,995,6.900823807176534,9.52603003003003,1000,6.907755278982134,10.001813813813813,1000,0.787713
20,1000,3,1,71,0.0,0.49820000000000003,995,6.900823807176534,9.52603003003003,999,6.906368984621015,10.004724724724724,1000,0.7859619999999999
20,1000,3,1,72,0.0,0.49845000000000006,995,6.900823807176534,9.52603003003003,1000,6.907755278982134,10.0061001001001,1000,0.783828
20,1000,3,1,73,0.0,0.49935,995,6.900823807176534,9.52603003003003,1000,6.907755278982134,10.002884884884885,1000,0.7864220000000001
20,1000,3,1,74,0.0,0.4998,995,6.900823807176534,9.52603003003003,999,6.906368984621015,10.000948948948949,1000,0.785658
20,1000,3,1,75,0.0,0.50155,995,6.900823807176534,9.52603003003003,999,6.906368984621015,10.001603603603604,1000,0.787143
20,1000,3,1,76,0.0,0.4958,995,6.900823807176534,9.52603003003003,1000,6.907755278982134,10.006794794794795,1000,0.784447
20,1000,3,1,77,0.0,0.5015,995,6.900823807176534,9.52603003003003,999,6.906368984621015,10.004136136136136,1000,0.7874829999999999
20,1000,3,1,78,0.0,0.5001,995,6.900823807176534,9.52603003003003,1000,6.907755278982134,10.002302302302303,1000,0.7855270000000001
20,1000,3,1,79,0.0,0.49995,995,6.900823807176534,9.52603003003003,1000,6.907755278982134,9.999325325325325,1000,0.787112
20,1000,3,1,80,0.0,0.5019,995,6.900823807176534,9.52603003003003,1000,6.907755278982134,10.002662662662663,1000,0.787641
20,1000,3,1,81,0.0,0.5016,995,6.900823807176534,9.52603003003003,1000,6.907755278982134,10.00534934934935,1000,0.7866279999999999
20,1000,3,1,82,0.0,0.49855000000000005,995,6.900823807176534,9.52603003003003,1000,6.907755278982134,10.00193993993994,1000,0.7857540000000001
20,1000,3,1,83,0.0,0.5001,995,6.900823807176534,9.52603003003003,1000,6.907755278982134,10.003103103103102,1000,0.787427
20,1000,3,1,84,0.0,0.5006,995,6.900823807176534,9.52603003003003,1000,6.907755278982134,10.004672672672672,1000,0.786661
20,1000,3,1,85,0.0,0.4995,995,6.900823807176534,9.52603003003003,1000,6.907755278982134,10.001205205205205,1000,0.786395
20,1000,3,1,86,0.0,0.5004500000000001,995,6.900823807176534,9.52603003003003,999,6.906368984621015,10.00362962962963,1000,0.7868290000000001
20,1000,3,1,87,0.0,0.5023,995,6.900823807176534,9.52603003003003,997,6.903073147755011,10.002506506506506,1000,0.7875390000000001
20,1000,3,1,88,0.0,0.5006,995,6.900823807176534,9.52603003003003,999,6.906368984621015,10.002534534534535,1000,0.7864090000000001
20,1000,3,1,89,0.0,0.5036,995,6.900823807176534,9.52603003003003,1000,6.907755278982134,9.998810810810811,1000,0.791236
20,1000,3,1,90,0.0,0.501,995,6.900823807176534,9.52603003003003,1000,6.907755278982134,10.006194194194194,1000,0.78711
20,1000,3,1,91,0.0,0.49565000000000003,995,6.900823807176534,9.52603003003003,1000,6.907755278982134,10.003013013013012,1000,0.783953
20,1000,3,1,92,0.0,0.5011,995,6.900823807176534,9.52603003003003,1000,6.907755278982134,10.00625025025025,1000,0.7860920000000001
20,1000,3,1,93,0.0,0.50155,995,6.900823807176534,9.52603003003003,1000,6.907755278982134,10.005267267267268,1000,0.7870250000000001
20,1000,3,1,94,0.0,0.5032,995,6.900823807176534,9.52603003003003,1000,6.907755278982134,10.001605605605606,1000,0.7886870000000001
20,1000,3,1,95,0.0,0.49860000000000004,995,6.900823807176534,9.52603003003003,1000,6.907755278982134,10.003103103103102,1000,0.7856590000000001
20,1000,3,1,96,0.0,0.50265,995,6.900823807176534,9.52603003003003,1000,6.907755278982134,10.00157957957958,1000,0.787908
20,1000,3,1,97,0.0,0.49620000000000003,995,6.900823807176534,9.52603003003003,998,6.904982690259894,10.002182182182182,1000,0.7848200000000001
20,1000,3,1,98,0.0,0.5031,995,6.900823807176534,9.52603003003003,999,6.906368984621015,10.002082082082081,1000,0.787769
20,1000,3,1,99,0.0,0.50355,995,6.900823807176534,9.52603003003003,1000,6.907755278982134,10.001591591591591,1000,0.7881830000000001
20,1000,3,2,0,0.0,0.50285,995,6.900823807176534,9.485677677677678,998,6.904982690259894,10.00256056056056,1000,0.7878860000000001
20,1000,3,2,1,0.0,0.5016999999999999,995,6.900823807176534,9.485677677677678,998,6.904982690259894,9.998098098098097,1000,0.7872680000000001
20,1000,3,2,2,0.0,0.50485,995,6.900823807176534,9.485677677677678,999,6.906368984621015,9.998424424424424,1000,0.787423
20,1000,3,2,3,0.0,0.504,995,6.900823807176534,9.485677677677678,998,6.904982690259894,10.002014014014014,1000,0.7889380000000001
20,1000,3,2,4,0.0,0.4996,995,6.900823807176534,9.485677677677678,999,6.906368984621015,9.996016016016016,1000,0.787599
20,1000,3,2,5,0.0,0.5014,995,6.900823807176534,9.485677677677678,998,6.904982690259894,10.00034034034034,1000,0.7872920000000001
20,1000,3,2,6,0.0,0.5019,995,6.900823807176534,9.485677677677678,999,6.906368984621015,10.004052052052051,1000,0.7875610000000001
20,1000,3,2,7,0.0,0.5009499999999999,995,6.900823807176534,9.485677677677678,999,6.906368984621015,10.003565565565566,1000,0.785654
20,1000,3,2,8,0.0,0.5025999999999999,995,6.900823807176534,9.485677677677678,998,6.904982690259894,10.003243243243244,1000,0.78888
20,1000,3,2,9,0.0,0.5005,995,6.900823807176534,9.485677677677678,999,6.906368984621015,10.002974974974975,1000,0.7858330000000001
20,1000,3,2,10,0.0,0.5027999999999999,995,6.900823807176534,9.485677677677678,997,6.903596395898775,10.002670670670671,1000,0.788331
20,1000,3,2,11,0.0,0.49925,995,6.900823807176534,9.485677677677678,999,6.906368984621015,10.002944944944945,1000,0.786654
20,1000,3,2,12,0.0,0.5025499999999999,995,6.900823807176534,9.485677677677678,999,6.906368984621015,9.996002002002003,1000,0.787607
20,1000,3,2,13,0.0,0.505,995,6.900823807176534,9.485677677677678,999,6.906368984621015,9.99951951951952,1000,0.787947
20,1000,3,2,14,0.0,0.5022,995,6.900823807176534,9.485677677677678,999,6.906368984621015,10.003015015015015,1000,0.7874540000000001
20,1000,3,2,15,0.0,0.49779999999999996,995,6.900823807176534,9.485677677677678,998,6.904982690259894,10.000292292292292,1000,0.786272
20,1000,3,2,16,0.0,0.50145,995,6.900823807176534,9.485677677677678,998,6.904982690259894,9.998820820820821,1000,0.7867700000000001
20,1000,3,2,17,0.0,0.4992499999999999,995,6.900823807176534,9.485677677677678,999,6.906368984621015,9.999125125125126,1000,0.785982
20,1000,3,2,18,0.0,0.5035999999999999,995,6.900823807176534,9.485677677677678,999,6.906368984621015,9.997661661661661,1000,0.788194
20,1000,3,2,19,0.0,0.49754999999999994,995,6.900823807176534,9.485677677677678,999,6.906368984621015,10.004954954954956,1000,0.7850540000000001
20,1000,3,2,20,0.0,0.50145,995,6.900823807176534,9.485677677677678,999,6.906368984621015,9.9967987987988,1000,0.787625
20,1000,3,2,21,0.0,0.5027499999999999,995,6.900823807176534,9.485677677677678,999,6.906368984621015,10.0012992992993,1000,0.7867670000000001
20,1000,3,2,22,0.0,0.50215,995,6.900823807176534,9.485677677677678,999,6.906368984621015,9.996734734734735,1000,0.787986
20,1000,3,2,23,0.0,0.49834999999999996,995,6.900823807176534,9.485677677677678,999,6.906368984621015,10.00109109109109,1000,0.7861060000000001
20,1000,3,2,24,0.0,0.5026499999999999,995,6.900823807176534,9.485677677677678,999,6.906368984621015,10.002364364364364,1000,0.7883290000000001
20,1000,3,2,25,0.0,0.49744999999999995,995,6.900823807176534,9.485677677677678,999,6.906368984621015,10.000038038038038,1000,0.7840290000000001
20,1000,3,2,26,0.0,0.4987499999999999,995,6.900823807176534,9.485677677677678,999,6.906368984621015,10.003861861861862,1000,0.7865050000000001
20,1000,3,2,27,0.0,0.49834999999999996,995,6.900823807176534,9.485677677677678,998,6.904982690259894,10.004814814814814,1000,0.7853810000000001
20,1000,3,2,28,0.0,0.5057999999999999,995,6.900823807176534,9.485677677677678,999,6.906368984621015,9.99997997997998,1000,0.789583
20,1000,3,2,29,0.0,0.5043,995,6.900823807176534,9.485677677677678,998,6.904982690259894,10.000484484484485,1000,0.788175
20,1000,3,2,30,0.0,0.49884999999999996,995,6.900823807176534,9.485677677677678,998,6.904982690259894,9.999345345345345,1000,0.785346
20,1000,3,2,31,0.0,0.50235,995,6.900823807176534,9.485677677677678,999,6.906368984621015,9.999857857857858,1000,0.787691
20,1000,3,2,32,0.0,0.49895,995,6.900823807176534,9.485677677677678,999,6.906368984621015,9.999673673673673,1000,0.787357
20,1000,3,2,33,0.0,0.49910000000000004,995,6.900823807176534,9.485677677677678,999,6.906368984621015,9.996148148148148,1000,0.7846559999999999
20,1000,3,2,34,0.0,0.49834999999999996,995,6.900823807176534,9.485677677677678,998,6.904982690259894,10.000014014014013,1000,0.7866300000000002
20,1000,3,2,35,0.0,0.50305,995,6.900823807176534,9.485677677677678,998,6.904982690259894,9.999473473473474,1000,0.7876669999999999
20,1000,3,2,36,0.0,0.49804999999999994,995,6.900823807176534,9.485677677677678,999,6.906368984621015,10.001183183183183,1000,0.786124
20,1000,3,2,37,0.0,0.5004,995,6.900823807176534,9.485677677677678,999,6.906368984621015,9.998614614614615,1000,0.786452
20,1000,3,2,38,0.0,0.5003,995,6.900823807176534,9.485677677677678,999,6.906368984621015,10.00048048048048,1000,0.7878290000000001
20,1000,3,2,39,0.0,0.5026499999999999,995,6.900823807176534,9.485677677677678,999,6.906368984621015,9.998616616616617,1000,0.787837
20,1000,3,2,40,0.0,0.4995,995,6.900823807176534,9.485677677677678,999,6.906368984621015,10.00056056056056,1000,0.785764
20,1000,3,2,41,0.0,0.49934999999999996,995,6.900823807176534,9.485677677677678,999,6.906368984621015,10.000238238238238,1000,0.7855240000000001
20,1000,3,2,42,0.0,0.5015499999999999,995,6.900823807176534,9.485677677677678,999,6.906368984621015,9.995913913913913,1000,0.788961
20,1000,3,2,43,0.0,0.50045,995,6.900823807176534,9.485677677677678,999,6.906368984621015,9.999345345345345,1000,0.7867139999999999
20,1000,3,2,44,0.0,0.50335,995,6.900823807176534,9.485677677677678,999,6.906368984621015,9.996158158158158,1000,0.7886620000000001
20,1000,3,2,45,0.0,0.5016499999999999,995,6.900823807176534,9.485677677677678,998,6.904982690259894,9.994404404404404,1000,0.7877070000000002
20,1000,3,2,46,0.0,0.50035,995,6.900823807176534,9.485677677677678,998,6.904982690259894,9.999153153153154,1000,0.786774
20,1000,3,2,47,0.0,0.5022,995,6.900823807176534,9.485677677677678,999,6.906368984621015,10.002554554554555,1000,0.7880960000000001
20,1000,3,2,48,0.0,0.49734999999999996,995,6.900823807176534,9.485677677677678,998,6.904982690259894,10.00173973973974,1000,0.785532
20,1000,3,2,49,0.0,0.5045,995,6.900823807176534,9.485677677677678,999,6.906368984621015,9.999535535535536,1000,0.7877029999999999
20,1000,3,2,50,0.0,0.5051,995,6.900823807176534,9.485677677677678,998,6.904982690259894,9.997105105105105,1000,0.7885
20,1000,3,2,51,0.0,0.50235,995,6.900823807176534,9.485677677677678,999,6.906368984621015,10.000622622622622,1000,0.787519
20,1000,3,2,52,0.0,0.5035999999999999,995,6.900823807176534,9.485677677677678,999,6.906368984621015,9.99927127127127,1000,0.786547
20,1000,3,2,53,0.0,0.5037999999999999,995,6.900823807176534,9.485677677677678,999,6.906368984621015,9.999411411411412,1000,0.789201
20,1000,3,2,54,0.0,0.49925,995,6.900823807176534,9.485677677677678,999,6.906368984621015,10.00306106106106,1000,0.786988
20,1000,3,2,55,0.0,0.50105,995,6.900823807176534,9.485677677677678,999,6.906368984621015,10.006244244244245,1000,0.787018
20,1000,3,2,56,0.0,0.49739999999999995,995,6.900823807176534,9.485677677677678,999,6.906368984621015,10.005097097097098,1000,0.7850860000000001
20,1000,3,2,57,0.0,0.5017999999999999,995,6.900823807176534,9.485677677677678,998,6.904982690259894,10.000836836836838,1000,0.787173
20,1000,3,2,58,0.0,0.4991,995,6.900823807176534,9.485677677677678,998,6.904982690259894,10.00337137137137,1000,0.787955
20,1000,3,2,59,0.0,0.5015999999999999,995,6.900823807176534,9.485677677677678,999,6.906368984621015,9.993013013013012,1000,0.7876610000000001
20,1000,3,2,60,0.0,0.5031,995,6.900823807176534,9.485677677677678,999,6.906368984621015,10.002262262262262,1000,0.787226
20,1000,3,2,61,0.0,0.50045,995,6.900823807176534,9.485677677677678,999,6.906368984621015,10.0008988988989,1000,0.785762
20,1000,3,2,62,0.0,0.49884999999999996,995,6.900823807176534,9.485677677677678,998,6.904982690259894,10.000866866866867,1000,0.786317
20,1000,3,2,63,0.0,0.50215,995,6.900823807176534,9.485677677677678,999,6.906368984621015,10.002452452452452,1000,0.787633
20,1000,3,2,64,0.0,0.50345,995,6.900823807176534,9.485677677677678,999,6.906368984621015,10.000682682682683,1000,0.7882279999999999
20,1000,3,2,65,0.0,0.49899999999999994,995,6.900823807176534,9.485677677677678,998,6.904982690259894,10.0005005005005,1000,0.785674
20,1000,3,2,66,0.0,0.5033,995,6.900823807176534,9.485677677677678,999,6.906368984621015,9.998282282282283,1000,0.7876230000000001
20,1000,3,2,67,0.0,0.5017,995,6.900823807176534,9.485677677677678,998,6.904982690259894,10.000524524524524,1000,0.785654
20,1000,3,2,68,0.0,0.5036499999999999,995,6.900823807176534,9.485677677677678,999,6.906368984621015,10.002584584584584,1000,0.788377
20,1000,3,2,69,0.0,0.50005,995,6.900823807176534,9.485677677677678,998,6.904982690259894,10.000494494494495,1000,0.7865930000000001
20,1000,3,2,70,0.0,0.49484999999999996,995,6.900823807176534,9.485677677677678,999,6.906368984621015,10.00065065065065,1000,0.7846790000000001
20,1000,3,2,71,0.0,0.5031,995,6.900823807176534,9.485677677677678,998,6.904982690259894,10.001621621621622,1000,0.788157
20,1000,3,2,72,0.0,0.5034,995,6.900823807176534,9.485677677677678,998,6.904982690259894,9.999455455455456,1000,0.787442
20,1000,3,2,73,0.0,0.4991,995,6.900823807176534,9.485677677677678,999,6.906368984621015,10.002510510510511,1000,0.785385
20,1000,3,2,74,0.0,0.49604999999999994,995,6.900823807176534,9.485677677677678,999,6.906368984621015,9.997083083083083,1000,0.7834
20,1000,3,2,75,0.0,0.5023,995,6.900823807176534,9.485677677677678,999,6.906368984621015,10.003523523523523,1000,0.787537
20,1000,3,2,76,0.0,0.50085,995,6.900823807176534,9.485677677677678,997,6.903596395898775,10.001543543543544,1000,0.7876569999999999
20,1000,3,2,77,0.0,0.4976,995,6.900823807176534,9.485677677677678,999,6.906368984621015,10.001101101101101,1000,0.784909
20,1000,3,2,78,0.0,0.5,995,6.900823807176534,9.485677677677678,999,6.906368984621015,10.000620620620621,1000,0.786385
20,1000,3,2,79,0.0,0.5035499999999999,995,6.900823807176534,9.485677677677678,999,6.906368984621015,9.996142142142142,1000,0.788379
20,1000,3,2,80,0.0,0.5003500000000001,995,6.900823807176534,9.485677677677678,999,6.906368984621015,10.003249249249249,1000,0.787341
20,1000,3,2,81,0.0,0.5015,995,6.900823807176534,9.485677677677678,999,6.906368984621015,10.00162962962963,1000,0.78779
20,1000,3,2,82,0.0,0.50145,995,6.900823807176534,9.485677677677678,999,6.906368984621015,10.002756756756757,1000,0.786541
20,1000,3,2,83,0.0,0.4976999999999999,995,6.900823807176534,9.485677677677678,999,6.906368984621015,10.000408408408408,1000,0.7844520000000001
20,1000,3,2,84,0.0,0.5007999999999999,995,6.900823807176534,9.485677677677678,999,6.906368984621015,9.999059059059059,1000,0.7873290000000001
20,1000,3,2,85,0.0,0.5015499999999999,995,6.900823807176534,9.485677677677678,999,6.906368984621015,9.997275275275275,1000,0.787558
20,1000,3,2,86,0.0,0.49504999999999993,995,6.900823807176534,9.485677677677678,999,6.906368984621015,9.99850850850851,1000,0.783825
20,1000,3,2,87,0.0,0.5031,995,6.900823807176534,9.485677677677678,999,6.906368984621015,9.993465465465466,1000,0.7872100000000001
20,1000,3,2,88,0.0,0.49954999999999994,995,6.900823807176534,9.485677677677678,998,6.904982690259894,9.999373373373373,1000,0.7864500000000001
20,1000,3,2,89,0.0,0.4987,995,6.900823807176534,9.485677677677678,998,6.904982690259894,10.000292292292292,1000,0.787195
20,1000,3,2,90,0.0,0.50385,995,6.900823807176534,9.485677677677678,999,6.906368984621015,9.998804804804804,1000,0.7881520000000001
20,1000,3,2,91,0.0,0.5015,995,6.900823807176534,9.485677677677678,999,6.906368984621015,10.00066066066066,1000,0.785938
20,1000,3,2,92,0.0,0.50475,995,6.900823807176534,9.485677677677678,999,6.906368984621015,9.99984984984985,1000,0.7887719999999999
20,1000,3,2,93,0.0,0.5045,995,6.900823807176534,9.485677677677678,997,6.9035963958987745,9.999403403403404,1000,0.7888970000000002
20,1000,3,2,94,0.0,0.49829999999999997,995,6.900823807176534,9.485677677677678,999,6.906368984621015,9.998322322322322,1000,0.786393
20,1000,3,2,95,0.0,0.5011,995,6.900823807176534,9.485677677677678,999,6.906368984621015,10.005785785785786,1000,0.787085
20,1000,3,2,96,0.0,0.49689999999999995,995,6.900823807176534,9.485677677677678,999,6.906368984621015,9.997425425425426,1000,0.7857160000000001
20,1000,3,2,97,0.0,0.5007999999999999,995,6.900823807176534,9.485677677677678,999,6.906368984621015,9.998782782782783,1000,0.7866120000000001
20,1000,3,2,98,0.0,0.5063,995,6.900823807176534,9.485677677677678,999,6.906368984621015,9.995911911911913,1000,0.78972
20,1000,3,2,99,0.0,0.5025499999999999,995,6.900823807176534,9.485677677677678,998,6.904982690259894,9.997643643643643,1000,0.787151
20,1000,3,3,0,0.0,0.4984,996,6.902210101537655,9.44672872872873,999,6.906368984621015,9.997925925925927,1000,0.784589
20,1000,3,3,1,0.0,0.50145,996,6.902210101537655,9.44672872872873,999,6.906368984621015,9.993955955955956,1000,0.78685
20,1000,3,3,2,0.0,0.50615,996,6.902210101537655,9.44672872872873,1000,6.907755278982134,9.999293293293293,1000,0.789068
20,1000,3,3,3,0.0,0.5008,996,6.902210101537655,9.44672872872873,1000,6.907755278982134,9.99811011011011,1000,0.786783
20,1000,3,3,4,0.0,0.4964,996,6.902210101537655,9.44672872872873,999,6.906368984621015,10.001197197197197,1000,0.783907
20,1000,3,3,5,0.0,0.5001,996,6.902210101537655,9.44672872872873,1000,6.907755278982134,9.998586586586587,1000,0.786092
20,1000,3,3,6,0.0,0.5014500000000001,996,6.902210101537655,9.44672872872873,1000,6.907755278982134,10.002752752752754,1000,0.788104
20,1000,3,3,7,0.0,0.49835,996,6.902210101537655,9.44672872872873,1000,6.907755278982134,9.995805805805805,1000,0.786144
20,1000,3,3,8,0.0,0.5082000000000001,996,6.902210101537655,9.44672872872873,1000,6.907755278982134,9.993073073073074,1000,0.7898350000000001
20,1000,3,3,9,0.0,0.50485,996,6.902210101537655,9.44672872872873,1000,6.907755278982134,9.992338338338339,1000,0.790012
20,1000,3,3,10,0.0,0.5022500000000001,996,6.902210101537655,9.44672872872873,1000,6.907755278982134,9.99691091091091,1000,0.7897850000000001
20,1000,3,3,11,0.0,0.4993000000000001,996,6.902210101537655,9.44672872872873,1000,6.907755278982134,9.999831831831832,1000,0.7857419999999999
20,1000,3,3,12,0.0,0.49695000000000006,996,6.902210101537655,9.44672872872873,999,6.906368984621015,10.001607607607607,1000,0.785572
20,1000,3,3,13,0.0,0.49985,996,6.902210101537655,9.44672872872873,1000,6.907755278982134,9.998952952952953,1000,0.786768
20,1000,3,3,14,0.0,0.49970000000000003,996,6.902210101537655,9.44672872872873,1000,6.907755278982134,9.995767767767768,1000,0.786613
20,1000,3,3,15,0.0,0.5004500000000001,996,6.902210101537655,9.44672872872873,1000,6.907755278982134,10.000982982982983,1000,0.787136
20,1000,3,3,16,0.0,0.49960000000000004,996,6.902210101537655,9.44672872872873,998,6.904982690259894,9.995651651651652,1000,0.7861760000000002
20,1000,3,3,17,0.0,0.5029,996,6.902210101537655,9.44672872872873,1000,6.907755278982134,9.998910910910912,1000,0.788693
20,1000,3,3,18,0.0,0.5015,996,6.902210101537655,9.44672872872873,1000,6.907755278982134,10.001021021021021,1000,0.7873340000000001
20,1000,3,3,19,0.0,0.49920000000000003,996,6.902210101537655,9.44672872872873,999,6.906368984621015,10.000336336336336,1000,0.7856940000000001
20,1000,3,3,20,0.0,0.49870000000000003,996,6.902210101537655,9.44672872872873,999,6.906368984621015,10.000788788788789,1000,0.7855550000000001
20,1000,3,3,21,0.0,0.50015,996,6.902210101537655,9.44672872872873,1000,6.907755278982134,10.001323323323323,1000,0.7869579999999999
20,1000,3,3,22,0.0,0.5009,996,6.902210101537655,9.44672872872873,999,6.906368984621015,9.996984984984985,1000,0.7870170000000001
20,1000,3,3,23,0.0,0.4988,996,6.902210101537655,9.44672872872873,1000,6.907755278982134,10.002542542542542,1000,0.785234
20,1000,3,3,24,0.0,0.50125,996,6.902210101537655,9.44672872872873,1000,6.907755278982134,10.00374974974975,1000,0.788129
20,1000,3,3,25,0.0,0.5063000000000001,996,6.902210101537655,9.44672872872873,999,6.906368984621015,9.998482482482482,1000,0.7904650000000001
20,1000,3,3,26,0.0,0.49760000000000004,996,6.902210101537655,9.44672872872873,999,6.906368984621015,9.993301301301301,1000,0.7848240000000001
20,1000,3,3,27,0.0,0.5018,996,6.902210101537655,9.44672872872873,1000,6.907755278982134,9.997409409409409,1000,0.788904
20,1000,3,3,28,0.0,0.5027,996,6.902210101537655,9.44672872872873,999,6.906368984621015,10.000608608608609,1000,0.7884960000000001
20,1000,3,3,29,0.0,0.50305,996,6.902210101537655,9.44672872872873,1000,6.907755278982134,9.99902102102102,1000,0.787513
20,1000,3,3,30,0.0,0.4979,996,6.902210101537655,9.44672872872873,1000,6.907755278982134,10.00132132132132,1000,0.7863199999999999
20,1000,3,3,31,0.0,0.49750000000000005,996,6.902210101537655,9.44672872872873,1000,6.907755278982134,10.005337337337338,1000,0.7855500000000001
20,1000,3,3,32,0.0,0.4995,996,6.902210101537655,9.44672872872873,999,6.906368984621015,10.002702702702702,1000,0.7863730000000001
20,1000,3,3,33,0.0,0.5032000000000001,996,6.902210101537655,9.44672872872873,1000,6.907755278982134,9.997361361361362,1000,0.787228
20,1000,3,3,34,0.0,0.49845000000000006,996,6.902210101537655,9.44672872872873,1000,6.907755278982134,10.000894894894895,1000,0.7863
20,1000,3,3,35,0.0,0.49710000000000004,996,6.902210101537655,9.44672872872873,998,6.904982690259894,9.996228228228228,1000,0.7854500000000001
20,1000,3,3,36,0.0,0.4998,996,6.902210101537655,9.44672872872873,1000,6.907755278982134,10.001181181181181,1000,0.787363
20,1000,3,3,37,0.0,0.50175,996,6.902210101537655,9.44672872872873,999,6.906368984621015,10.00123123123123,1000,0.7872530000000002
20,1000,3,3,38,0.0,0.4988,996,6.902210101537655,9.44672872872873,999,6.906368984621015,9.998982982982984,1000,0.7855460000000001
20,1000,3,3,39,0.0,0.50225,996,6.902210101537655,9.44672872872873,999,6.906368984621015,9.998576576576577,1000,0.7872850000000001
20,1000,3,3,40,0.0,0.4995,996,6.902210101537655,9.44672872872873,1000,6.907755278982134,9.99901101101101,1000,0.7857450000000001
20,1000,3,3,41,0.0,0.49945000000000006,996,6.902210101537655,9.44672872872873,1000,6.907755278982134,10.0008988988989,1000,0.785405
20,1000,3,3,42,0.0,0.5016499999999999,996,6.902210101537655,9.44672872872873,999,6.906368984621015,9.996754754754754,1000,0.78689
20,1000,3,3,43,0.0,0.49910000000000004,996,6.902210101537655,9.44672872872873,1000,6.907755278982134,9.998298298298298,1000,0.786577
20,1000,3,3,44,0.0,0.50385,996,6.902210101537655,9.44672872872873,1000,6.907755278982134,10.002156156156156,1000,0.788478
20,1000,3,3,45,0.0,0.4973,996,6.902210101537655,9.44672872872873,999,6.906368984621015,10.001641641641642,1000,0.785972
20,1000,3,3,46,0.0,0.4993000000000001,996,6.902210101537655,9.44672872872873,1000,6.907755278982134,9.99859059059059,1000,0.7877240000000001
20,1000,3,3,47,0.0,0.49889999999999995,996,6.902210101537655,9.44672872872873,999,6.906368984621015,10.000336336336336,1000,0.786126
20,1000,3,3,48,0.0,0.49900000000000005,996,6.902210101537655,9.44672872872873,997,6.903596395898775,10.001945945945947,1000,0.7870530000000001
20,1000,3,3,49,0.0,0.49960000000000004,996,6.902210101537655,9.44672872872873,999,6.906368984621015,9.999843843843843,1000,0.787043
20,1000,3,3,50,0.0,0.5054000000000001,996,6.902210101537655,9.44672872872873,1000,6.907755278982134,9.996360360360361,1000,0.7889820000000001
20,1000,3,3,51,0.0,0.5014000000000001,996,6.902210101537655,9.44672872872873,1000,6.907755278982134,10.000644644644645,1000,0.788003
20,1000,3,3,52,0.0,0.50275,996,6.902210101537655,9.44672872872873,999,6.906368984621015,10.001203203203204,1000,0.7876510000000001
20,1000,3,3,53,0.0,0.49920000000000003,996,6.902210101537655,9.44672872872873,1000,6.907755278982134,9.998718718718719,1000,0.7846759999999999
20,1000,3,3,54,0.0,0.50425,996,6.902210101537655,9.44672872872873,1000,6.907755278982134,10.002672672672672,1000,0.7893450000000001
20,1000,3,3,55,0.0,0.4999,996,6.902210101537655,9.44672872872873,999,6.906368984621015,10.00229029029029,1000,0.7866790000000001
20,1000,3,3,56,0.0,0.50515,996,6.902210101537655,9.44672872872873,999,6.906368984621015,10.00005005005005,1000,0.7885220000000001
20,1000,3,3,57,0.0,0.5009,996,6.902210101537655,9.44672872872873,1000,6.907755278982134,10.001865865865867,1000,0.786956
20,1000,3,3,58,0.0,0.49210000000000004,996,6.902210101537655,9.44672872872873,999,6.906368984621015,9.992368368368368,1000,0.7834650000000001
20,1000,3,3,59,0.0,0.4988,996,6.902210101537655,9.44672872872873,999,6.906368984621015,9.99187987987988,1000,0.7856150000000001
20,1000,3,3,60,0.0,0.49865,996,6.902210101537655,9.44672872872873,999,6.906368984621015,9.999945945945946,1000,0.787052
20,1000,3,3,61,0.0,0.5003000000000001,996,6.902210101537655,9.44672872872873,1000,6.907755278982134,9.99602002002002,1000,0.786278
20,1000,3,3,62,0.0,0.50255,996,6.902210101537655,9.44672872872873,1000,6.907755278982134,10.004638638638639,1000,0.7877049999999999
20,1000,3,3,63,0.0,0.49720000000000003,996,6.902210101537655,9.44672872872873,1000,6.907755278982134,10.000700700700701,1000,0.7852709999999999
20,1000,3,3,64,0.0,0.4988,996,6.902210101537655,9.44672872872873,1000,6.907755278982134,9.998478478478479,1000,0.78453
20,1000,3,3,65,0.0,0.5002000000000001,996,6.902210101537655,9.44672872872873,1000,6.907755278982134,10.003467467467468,1000,0.7869700000000001
20,1000,3,3,66,0.0,0.50165,996,6.902210101537655,9.44672872872873,1000,6.907755278982134,10.000586586586586,1000,0.7862680000000001
20,1000,3,3,67,0.0,0.49985,996,6.902210101537655,9.44672872872873,1000,6.907755278982134,10.005123123123123,1000,0.7864880000000001
20,1000,3,3,68,0.0,0.5022000000000001,996,6.902210101537655,9.44672872872873,999,6.906368984621015,9.997665665665666,1000,0.7872480000000001
20,1000,3,3,69,0.0,0.5063,996,6.902210101537655,9.44672872872873,1000,6.907755278982134,9.999515515515515,1000,0.789288
20,1000,3,3,70,0.0,0.4978000000000001,996,6.902210101537655,9.44672872872873,998,6.904982690259894,10.000404404404405,1000,0.7853140000000001
20,1000,3,3,71,0.0,0.49675,996,6.902210101537655,9.44672872872873,1000,6.907755278982134,9.999957957957958,1000,0.785296
20,1000,3,3,72,0.0,0.49285,996,6.902210101537655,9.44672872872873,999,6.906368984621015,9.995521521521521,1000,0.782993
20,1000,3,3,73,0.0,0.5004000000000001,996,6.902210101537655,9.44672872872873,999,6.906368984621015,10.004,1000,0.786752
20,1000,3,3,74,0.0,0.49895000000000006,996,6.902210101537655,9.44672872872873,1000,6.907755278982134,9.997747747747749,1000,0.7852319999999999
20,1000,3,3,75,0.0,0.49960000000000004,996,6.902210101537655,9.44672872872873,1000,6.907755278982134,9.995831831831833,1000,0.7880580000000001
20,1000,3,3,76,0.0,0.5035,996,6.902210101537655,9.44672872872873,999,6.906368984621015,9.99688088088088,1000,0.788817
20,1000,3,3,77,0.0,0.5008,996,6.902210101537655,9.44672872872873,1000,6.907755278982134,10.000312312312312,1000,0.7867220000000001
20,1000,3,3,78,0.0,0.5004500000000001,996,6.902210101537655,9.44672872872873,999,6.906368984621015,10.002992992992993,1000,0.788216
20,1000,3,3,79,0.0,0.5023500000000001,996,6.902210101537655,9.44672872872873,1000,6.907755278982134,9.99693893893894,1000,0.7872060000000001
20,1000,3,3,80,0.0,0.49995000000000006,996,6.902210101537655,9.44672872872873,1000,6.907755278982134,9.998116116116115,1000,0.786807
20,1000,3,3,81,0.0,0.49825,996,6.902210101537655,9.44672872872873,999,6.906368984621015,9.996774774774774,1000,0.785902
20,1000,3,3,82,0.0,0.50165,996,6.902210101537655,9.44672872872873,1000,6.907755278982134,9.99689089089089,1000,0.786289
20,1000,3,3,83,0.0,0.49935,996,6.902210101537655,9.44672872872873,1000,6.907755278982134,9.99842842842843,1000,0.7862469999999999
20,1000,3,3,84,0.0,0.49875,996,6.902210101537655,9.44672872872873,1000,6.907755278982134,10.000710710710711,1000,0.7854840000000001
20,1000,3,3,85,0.0,0.49545000000000006,996,6.902210101537655,9.44672872872873,1000,6.907755278982134,9.999733733733734,1000,0.7843730000000001
20,1000,3,3,86,0.0,0.49805,996,6.902210101537655,9.44672872872873,1000,6.907755278982134,9.98712912912913,1000,0.7859780000000001
20,1000,3,3,87,0.0,0.49715,996,6.902210101537655,9.44672872872873,1000,6.907755278982134,10.002104104104104,1000,0.7850880000000001
20,1000,3,3,88,0.0,0.49935,996,6.902210101537655,9.44672872872873,1000,6.907755278982134,9.995017017017018,1000,0.7862230000000001
20,1000,3,3,89,0.0,0.5003500000000001,996,6.902210101537655,9.44672872872873,999,6.906368984621015,9.997159159159159,1000,0.787522
20,1000,3,3,90,0.0,0.50065,996,6.902210101537655,9.44672872872873,999,6.906368984621015,9.995361361361361,1000,0.7875
20,1000,3,3,91,0.0,0.49835,996,6.902210101537655,9.44672872872873,999,6.906368984621015,9.993991991991992,1000,0.785182
20,1000,3,3,92,0.0,0.49970000000000003,996,6.902210101537655,9.44672872872873,1000,6.907755278982134,10.000792792792792,1000,0.786183
20,1000,3,3,93,0.0,0.49920000000000003,996,6.902210101537655,9.44672872872873,999,6.906368984621015,9.991795795795795,1000,0.786855
20,1000,3,3,94,0.0,0.50305,996,6.902210101537655,9.44672872872873,1000,6.907755278982134,10.001587587587588,1000,0.788425
20,1000,3,3,95,0.0,0.5020500000000001,996,6.902210101537655,9.44672872872873,999,6.906368984621015,10.00366966966967,1000,0.788366
20,1000,3,3,96,0.0,0.50055,996,6.902210101537655,9.44672872872873,1000,6.907755278982134,9.995441441441441,1000,0.786452
20,1000,3,3,97,0.0,0.4994,996,6.902210101537655,9.44672872872873,999,6.906368984621015,9.998702702702703,1000,0.787073
20,1000,3,3,98,0.0,0.4998000000000001,996,6.902210101537655,9.44672872872873,1000,6.907755278982134,10.000392392392392,1000,0.7870199999999999
20,1000,3,3,99,0.0,0.50485,996,6.902210101537655,9.44672872872873,1000,6.907755278982134,10.002736736736736,1000,0.789126
20,1000,8,1,0,0.0,0.50175,999,6.906368984621015,9.998672672672672,999,6.906368984621015,9.995905905905905,1000,0.02710000000000001
20,1000,8,1,1,0.0,0.4968,999,6.906368984621015,9.998672672672672,999,6.906368984621015,9.996684684684684,1000,0.027086000000000006
20,1000,8,1,2,0.0,0.49820000000000003,999,6.906368984621015,9.998672672672672,1000,6.907755278982134,10.000776776776776,1000,0.02724000000000001
20,1000,8,1,3,0.0,0.50075,999,6.906368984621015,9.998672672672672,1000,6.907755278982134,9.99898898898899,1000,0.026933000000000006
20,1000,8,1,4,0.0,0.49785,999,6.906368984621015,9.998672672672672,999,6.906368984621015,9.99940940940941,1000,0.026886000000000007
20,1000,8,1,5,0.0,0.49470000000000003,999,6.906368984621015,9.998672672672672,999,6.906368984621015,9.999327327327327,1000,0.026858000000000007
20,1000,8,1,6,0.0,0.49510000000000004,999,6.906368984621015,9.998672672672672,999,6.906368984621015,9.99224024024024,1000,0.026975000000000006
20,1000,8,1,7,0.0,0.49910000000000004,999,6.906368984621015,9.998672672672672,1000,6.907755278982134,9.998322322322322,1000,0.026951000000000006
20,1000,8,1,8,0.0,0.49575,999,6.906368984621015,9.998672672672672,1000,6.907755278982134,10.001607607607607,1000,0.02701400000000001
20,1000,8,1,9,0.0,0.4952,999,6.906368984621015,9.998672672672672,1000,6.907755278982134,9.994078078078077,1000,0.02716800000000001
20,1000,8,1,10,0.0,0.5006,999,6.906368984621015,9.998672672672672,1000,6.907755278982134,9.998202202202203,1000,0.02711800000000001
20,1000,8,1,11,0.0,0.5021,999,6.906368984621015,9.998672672672672,1000,6.907755278982134,9.998382382382383,1000,0.027096000000000012
20,1000,8,1,12,0.0,0.4977,999,6.906368984621015,9.998672672672672,1000,6.907755278982134,9.99893893893894,1000,0.026956000000000008
20,1000,8,1,13,0.0,0.5028,999,6.906368984621015,9.998672672672672,1000,6.907755278982134,9.997561561561561,1000,0.02717000000000001
20,1000,8,1,14,0.0,0.5042000000000001,999,6.906368984621015,9.998672672672672,999,6.906368984621015,9.998778778778778,1000,0.027085000000000005
20,1000,8,1,15,0.0,0.49865,999,6.906368984621015,9.998672672672672,1000,6.907755278982134,9.999065065065064,1000,0.027017000000000006
20,1000,8,1,16,0.0,0.499,999,6.906368984621015,9.998672672672672,1000,6.907755278982134,9.99698098098098,1000,0.027212000000000007
20,1000,8,1,17,0.0,0.4969,999,6.906368984621015,9.998672672672672,1000,6.907755278982134,9.99461061061061,1000,0.026928000000000004
20,1000,8,1,18,0.0,0.5063,999,6.906368984621015,9.998672672672672,1000,6.907755278982134,9.99710910910911,1000,0.026923000000000006
20,1000,8,1,19,0.0,0.49855,999,6.906368984621015,9.998672672672672,999,6.906368984621015,9.997995995995996,1000,0.026878000000000006
20,1000,8,1,20,0.0,0.49725,999,6.906368984621015,9.998672672672672,999,6.906368984621015,10.001635635635635,1000,0.026942000000000008
20,1000,8,1,21,0.0,0.502,999,6.906368984621015,9.998672672672672,1000,6.907755278982134,9.994206206206206,1000,0.027249000000000006
20,1000,8,1,22,0.0,0.5008,999,6.906368984621015,9.998672672672672,999,6.906368984621015,9.998586586586587,1000,0.027114000000000003
20,1000,8,1,23,0.0,0.4995,999,6.906368984621015,9.998672672672672,1000,6.907755278982134,10.004008008008007,1000,0.026947000000000006
20,1000,8,1,24,0.0,0.49820000000000003,999,6.906368984621015,9.998672672672672,1000,6.907755278982134,10.000944944944944,1000,0.027067000000000008
20,1000,8,1,25,0.0,0.5014,999,6.906368984621015,9.998672672672672,999,6.906368984621015,9.996864864864865,1000,0.026943000000000005
20,1000,8,1,26,0.0,0.5016499999999999,999,6.906368984621015,9.998672672672672,998,6.904982690259894,10.002628628628628,1000,0.02706300000000001
20,1000,8,1,27,0.0,0.498,999,6.906368984621015,9.998672672672672,1000,6.907755278982134,9.994854854854855,1000,0.02693600000000001
20,1000,8,1,28,0.0,0.49755,999,6.906368984621015,9.998672672672672,999,6.906368984621015,9.999681681681682,1000,0.02702900000000001
20,1000,8,1,29,0.0,0.50125,999,6.906368984621015,9.998672672672672,999,6.906368984621015,9.999457457457458,1000,0.027184000000000003
20,1000,8,1,30,0.0,0.5010500000000001,999,6.906368984621015,9.998672672672672,999,6.906368984621015,10.001787787787787,1000,0.026831000000000008
20,1000,8,1,31,0.0,0.5034,999,6.906368984621015,9.998672672672672,999,6.906368984621015,9.997793793793793,1000,0.026959000000000007
20,1000,8,1,32,0.0,0.5029,999,6.906368984621015,9.998672672672672,1000,6.907755278982134,10.000476476476477,1000,0.027140000000000008
20,1000,8,1,33,0.0,0.49545000000000006,999,6.906368984621015,9.998672672672672,1000,6.907755278982134,9.996394394394395,1000,0.027231000000000005
20,1000,8,1,34,0.0,0.5016499999999999,999,6.906368984621015,9.998672672672672,999,6.906368984621015,9.99588988988989,1000,0.027050000000000005
20,1000,8,1,35,0.0,0.49820000000000003,999,6.906368984621015,9.998672672672672,1000,6.907755278982134,9.999703703703704,1000,0.026838000000000008
20,1000,8,1,36,0.0,0.4983,999,6.906368984621015,9.998672672672672,999,6.906368984621015,9.997985985985986,1000,0.02697500000000001
20,1000,8,1,37,0.0,0.4973,999,6.906368984621015,9.998672672672672,1000,6.907755278982134,9.996608608608609,1000,0.026935000000000008
20,1000,8,1,38,0.0,0.50095,999,6.906368984621015,9.998672672672672,1000,6.907755278982134,9.99705105105105,1000,0.02704700000000001
20,1000,8,1,39,0.0,0.4954,999,6.906368984621015,9.998672672672672,999,6.906368984621015,10.000592592592593,1000,0.027095000000000004
20,1000,8,1,40,0.0,0.502,999,6.906368984621015,9.998672672672672,1000,6.907755278982134,9.994538538538539,1000,0.027108000000000007
20,1000,8,1,41,0.0,0.5065500000000001,999,6.906368984621015,9.998672672672672,999,6.906368984621015,9.99375975975976,1000,0.026757000000000006
20,1000,8,1,42,0.0,0.49689999999999995,999,6.906368984621015,9.998672672672672,1000,6.907755278982134,9.99754954954955,1000,0.027142000000000006
20,1000,8,1,43,0.0,0.49625,999,6.906368984621015,9.998672672672672,998,6.904982690259894,9.994072072072072,1000,0.026989000000000006
20,1000,8,1,44,0.0,0.5005,999,6.906368984621015,9.998672672672672,1000,6.907755278982134,10.001645645645645,1000,0.027138000000000006
20,1000,8,1,45,0.0,0.50215,999,6.906368984621015,9.998672672672672,1000,6.907755278982134,10.000258258258258,1000,0.026736000000000003
20,1000,8,1,46,0.0,0.49885,999,6.906368984621015,9.998672672672672,1000,6.907755278982134,9.996262262262261,1000,0.027169000000000013
20,1000,8,1,47,0.0,0.49610000000000004,999,6.906368984621015,9.998672672672672,998,6.904982690259894,9.995151151151152,1000,0.027086000000000006
20,1000,8,1,48,0.0,0.5015,999,6.906368984621015,9.998672672672672,1000,6.907755278982134,10.000416416416416,1000,0.02727600000000001
20,1000,8,1,49,0.0,0.4998,999,6.906368984621015,9.998672672672672,1000,6.907755278982134,9.997265265265264,1000,0.02701000000000001
20,1000,8,1,50,0.0,0.5014,999,6.906368984621015,9.998672672672672,1000,6.907755278982134,9.998650650650651,1000,0.026895000000000006
20,1000,8,1,51,0.0,0.50375,999,6.906368984621015,9.998672672672672,1000,6.907755278982134,10.002292292292292,1000,0.02688600000000001
20,1000,8,1,52,0.0,0.50015,999,6.906368984621015,9.998672672672672,1000,6.907755278982134,9.999289289289289,1000,0.027153000000000007
20,1000,8,1,53,0.0,0.49685,999,6.906368984621015,9.998672672672672,1000,6.907755278982134,9.999117117117118,1000,0.026805000000000006
20,1000,8,1,54,0.0,0.5022,999,6.906368984621015,9.998672672672672,998,6.904982690259894,10.001441441441441,1000,0.026979000000000006
20,1000,8,1,55,0.0,0.50365,999,6.906368984621015,9.998672672672672,1000,6.907755278982134,9.99966966966967,1000,0.02695600000000001
20,1000,8,1,56,0.0,0.5003500000000001,999,6.906368984621015,9.998672672672672,1000,6.907755278982134,9.99826026026026,1000,0.02693600000000001
20,1000,8,1,57,0.0,0.5008,999,6.906368984621015,9.998672672672672,999,6.906368984621015,9.993301301301301,1000,0.026951000000000006
20,1000,8,1,58,0.0,0.4987,999,6.906368984621015,9.998672672672672,1000,6.907755278982134,9.998422422422422,1000,0.026974000000000005
20,1000,8,1,59,0.0,0.50265,999,6.906368984621015,9.998672672672672,1000,6.907755278982134,9.992462462462463,1000,0.027201000000000006
20,1000,8,1,60,0.0,0.49955,999,6.906368984621015,9.998672672672672,1000,6.907755278982134,9.999209209209209,1000,0.02719300000000001
20,1000,8,1,61,0.0,0.5017,999,6.906368984621015,9.998672672672672,1000,6.907755278982134,9.999587587587587,1000,0.026965000000000006
20,1000,8,1,62,0.0,0.5012000000000001,999,6.906368984621015,9.998672672672672,1000,6.907755278982134,10.002542542542542,1000,0.026914000000000007
20,1000,8,1,63,0.0,0.5006,999,6.906368984621015,9.998672672672672,1000,6.907755278982134,9.998042042042043,1000,0.02720700000000001
20,1000,8,1,64,0.0,0.50075,999,6.906368984621015,9.998672672672672,999,6.906368984621015,10.001575575575576,1000,0.026818000000000005
20,1000,8,1,65,0.0,0.5043,999,6.906368984621015,9.998672672672672,999,6.906368984621015,9.996148148148148,1000,0.026939000000000008
20,1000,8,1,66,0.0,0.50255,999,6.906368984621015,9.998672672672672,1000,6.907755278982134,9.99297097097097,1000,0.027126000000000008
20,1000,8,1,67,0.0,0.4995,999,6.906368984621015,9.998672672672672,1000,6.907755278982134,9.998622622622623,1000,0.027038000000000003
20,1000,8,1,68,0.0,0.49895000000000006,999,6.906368984621015,9.998672672672672,1000,6.907755278982134,9.992714714714715,1000,0.027198000000000007
20,1000,8,1,69,0.0,0.5047,999,6.906368984621015,9.998672672672672,1000,6.907755278982134,9.988672672672672,1000,0.027182000000000005
20,1000,8,1,70,0.0,0.5003,999,6.906368984621015,9.998672672672672,999,6.906368984621015,9.993657657657657,1000,0.027183000000000006
20,1000,8,1,71,0.0,0.5,999,6.906368984621015,9.998672672672672,1000,6.907755278982134,10.002990990990991,1000,0.026964000000000005
20,1000,8,1,72,0.0,0.50215,999,6.906368984621015,9.998672672672672,999,6.906368984621015,9.99168968968969,1000,0.02699300000000001
20,1000,8,1,73,0.0,0.49835,999,6.906368984621015,9.998672672672672,1000,6.907755278982134,9.995413413413413,1000,0.027092000000000005
20,1000,8,1,74,0.0,0.50295,999,6.906368984621015,9.998672672672672,1000,6.907755278982134,9.99514914914915,1000,0.026986000000000007
20,1000,8,1,75,0.0,0.5002000000000001,999,6.906368984621015,9.998672672672672,1000,6.907755278982134,9.997877877877878,1000,0.027067000000000008
20,1000,8,1,76,0.0,0.49615000000000004,999,6.906368984621015,9.998672672672672,1000,6.907755278982134,10.002108108108109,1000,0.026955000000000007
20,1000,8,1,77,0.0,0.5027,999,6.906368984621015,9.998672672672672,1000,6.907755278982134,9.999487487487487,1000,0.02731200000000001
20,1000,8,1,78,0.0,0.49975,999,6.906368984621015,9.998672672672672,1000,6.907755278982134,9.998496496496497,1000,0.027178000000000004
20,1000,8,1,79,0.0,0.50025,999,6.906368984621015,9.998672672672672,999,6.906368984621015,10.001047047047047,1000,0.026831000000000008
20,1000,8,1,80,0.0,0.5032500000000001,999,6.906368984621015,9.998672672672672,998,6.904982690259894,9.999825825825825,1000,0.027058000000000006
20,1000,8,1,81,0.0,0.49670000000000003,999,6.906368984621015,9.998672672672672,1000,6.907755278982134,9.990974974974975,1000,0.026963000000000008
20,1000,8,1,82,0.0,0.5004500000000001,999,6.906368984621015,9.998672672672672,999,6.906368984621015,9.996114114114114,1000,0.026914000000000007
20,1000,8,1,83,0.0,0.498,999,6.906368984621015,9.998672672672672,999,6.906368984621015,9.993673673673674,1000,0.027034000000000006
20,1000,8,1,84,0.0,0.5011,999,6.906368984621015,9.998672672672672,1000,6.907755278982134,10.004536536536536,1000,0.02710600000000001
20,1000,8,1,85,0.0,0.50075,999,6.906368984621015,9.998672672672672,998,6.904982690259894,9.998452452452453,1000,0.027016000000000005
20,1000,8,1,86,0.0,0.49835,999,6.906368984621015,9.998672672672672,1000,6.907755278982134,9.999501501501502,1000,0.027140000000000008
20,1000,8,1,87,0.0,0.49839999999999995,999,6.906368984621015,9.998672672672672,999,6.906368984621015,9.99863063063063,1000,0.026919000000000005
20,1000,8,1,88,0.0,0.49885,999,6.906368984621015,9.998672672672672,1000,6.907755278982134,10.002976976976978,1000,0.027239000000000006
20,1000,8,1,89,0.0,0.501,999,6.906368984621015,9.998672672672672,999,6.906368984621015,10.002134134134135,1000,0.02719000000000001
20,1000,8,1,90,0.0,0.5014000000000001,999,6.906368984621015,9.998672672672672,1000,6.907755278982134,9.998426426426427,1000,0.027111000000000007
20,1000,8,1,91,0.0,0.5026499999999999,999,6.906368984621015,9.998672672672672,999,6.906368984621015,9.995873873873874,1000,0.02692000000000001
20,1000,8,1,92,0.0,0.50055,999,6.906368984621015,9.998672672672672,1000,6.907755278982134,9.994696696696696,1000,0.02688100000000001
20,1000,8,1,93,0.0,0.4969,999,6.906368984621015,9.998672672672672,1000,6.907755278982134,10.001845845845846,1000,0.026979000000000006
20,1000,8,1,94,0.0,0.5022,999,6.906368984621015,9.998672672672672,1000,6.907755278982134,9.992804804804805,1000,0.02692000000000001
20,1000,8,1,95,0.0,0.50115,999,6.906368984621015,9.998672672672672,999,6.906368984621015,9.99912112112112,1000,0.027329000000000006
20,1000,8,1,96,0.0,0.4968,999,6.906368984621015,9.998672672672672,999,6.906368984621015,9.998326326326326,1000,0.026949000000000004
20,1000,8,1,97,0.0,0.5,999,6.906368984621015,9.998672672672672,1000,6.907755278982134,10.005057057057057,1000,0.026916000000000002
20,1000,8,1,98,0.0,0.50095,999,6.906368984621015,9.998672672672672,998,6.904982690259894,9.996206206206207,1000,0.026973000000000007
20,1000,8,1,99,0.0,0.5005,999,6.906368984621015,9.998672672672672,998,6.904982690259894,10.001373373373374,1000,0.027292000000000007
20,1000,8,2,0,0.0,0.5016,1000,6.907755278982134,9.997813813813814,1000,6.907755278982134,10.004336336336337,1000,0.027002000000000005
20,1000,8,2,1,0.0,0.5015,1000,6.907755278982134,9.997813813813814,1000,6.907755278982134,10.00249049049049,1000,0.02699200000000001
20,1000,8,2,2,0.0,0.5014,1000,6.907755278982134,9.997813813813814,1000,6.907755278982134,10.000800800800802,1000,0.027059000000000003
20,1000,8,2,3,0.0,0.4985,1000,6.907755278982134,9.997813813813814,1000,6.907755278982134,10.003187187187187,1000,0.027057000000000008
20,1000,8,2,4,0.0,0.50085,1000,6.907755278982134,9.997813813813814,1000,6.907755278982134,9.995361361361361,1000,0.027271000000000004
20,1000,8,2,5,0.0,0.49815,1000,6.907755278982134,9.997813813813814,1000,6.907755278982134,9.997275275275275,1000,0.027276
20,1000,8,2,6,0.0,0.50125,1000,6.907755278982134,9.997813813813814,1000,6.907755278982134,9.999741741741742,1000,0.02718700000000001
20,1000,8,2,7,0.0,0.50515,1000,6.907755278982134,9.997813813813814,1000,6.907755278982134,10.001611611611612,1000,0.027139000000000007
20,1000,8,2,8,0.0,0.5015499999999999,1000,6.907755278982134,9.997813813813814,1000,6.907755278982134,10.006440440440441,1000,0.027261000000000007
20,1000,8,2,9,0.0,0.5056499999999999,1000,6.907755278982134,9.997813813813814,999,6.906368984621015,9.998616616616617,1000,0.027338000000000005
20,1000,8,2,10,0.0,0.5033500000000001,1000,6.907755278982134,9.997813813813814,1000,6.907755278982134,10.003817817817819,1000,0.02725500000000001
20,1000,8,2,11,0.0,0.5004500000000001,1000,6.907755278982134,9.997813813813814,1000,6.907755278982134,9.99912112112112,1000,0.02689800000000001
20,1000,8,2,12,0.0,0.5019,1000,6.907755278982134,9.997813813813814,1000,6.907755278982134,10.003827827827827,1000,0.027073000000000003
20,1000,8,2,13,0.0,0.5033,1000,6.907755278982134,9.997813813813814,999,6.906368984621015,10.001585585585586,1000,0.02747500000000001
20,1000,8,2,14,0.0,0.50185,1000,6.907755278982134,9.997813813813814,1000,6.907755278982134,10.003173173173174,1000,0.027215000000000007
20,1000,8,2,15,0.0,0.5026,1000,6.907755278982134,9.997813813813814,999,6.906368984621015,9.999671671671672,1000,0.026954000000000006
20,1000,8,2,16,0.0,0.4983,1000,6.907755278982134,9.997813813813814,1000,6.907755278982134,10.002222222222223,1000,0.027052000000000007
20,1000,8,2,17,0.0,0.49670000000000003,1000,6.907755278982134,9.997813813813814,999,6.906368984621015,10.006154154154155,1000,0.027240000000000007
20,1000,8,2,18,0.0,0.50205,1000,6.907755278982134,9.997813813813814,999,6.906368984621015,10.00244044044044,1000,0.027418000000000005
20,1000,8,2,19,0.0,0.5042000000000001,1000,6.907755278982134,9.997813813813814,999,6.906368984621015,10.00245045045045,1000,0.02724200000000001
20,1000,8,2,20,0.0,0.5024500000000001,1000,6.907755278982134,9.997813813813814,1000,6.907755278982134,10.004790790790791,1000,0.02711700000000001
20,1000,8,2,21,0.0,0.5005,1000,6.907755278982134,9.997813813813814,1000,6.907755278982134,10.004408408408409,1000,0.026899000000000003
20,1000,8,2,22,0.0,0.49839999999999995,1000,6.907755278982134,9.997813813813814,999,6.906368984621015,9.999663663663664,1000,0.02718600000000001
20,1000,8,2,23,0.0,0.5014,1000,6.907755278982134,9.997813813813814,999,6.906368984621015,9.995883883883884,1000,0.027206000000000008
20,1000,8,2,24,0.0,0.5026999999999999,1000,6.907755278982134,9.997813813813814,999,6.906368984621015,9.99851051051051,1000,0.027003000000000006
20,1000,8,2,25,0.0,0.50095,1000,6.907755278982134,9.997813813813814,1000,6.907755278982134,10.004642642642642,1000,0.02730400000000001
20,1000,8,2,26,0.0,0.50155,1000,6.907755278982134,9.997813813813814,1000,6.907755278982134,10.00113913913914,1000,0.027053000000000008
20,1000,8,2,27,0.0,0.5031,1000,6.907755278982134,9.997813813813814,999,6.906368984621015,10.004692692692693,1000,0.027263000000000006
20,1000,8,2,28,0.0,0.50185,1000,6.907755278982134,9.997813813813814,1000,6.907755278982134,10.002236236236236,1000,0.027156000000000007
20,1000,8,2,29,0.0,0.50275,1000,6.907755278982134,9.997813813813814,1000,6.907755278982134,10.004334334334334,1000,0.027288000000000003
20,1000,8,2,30,0.0,0.5043500000000001,1000,6.907755278982134,9.997813813813814,1000,6.907755278982134,10.000294294294294,1000,0.027167000000000007
20,1000,8,2,31,0.0,0.49939999999999996,1000,6.907755278982134,9.997813813813814,1000,6.907755278982134,9.997897897897898,1000,0.027109000000000008
20,1000,8,2,32,0.0,0.50275,1000,6.907755278982134,9.997813813813814,999,6.906368984621015,10.00254054054054,1000,0.02720700000000001
20,1000,8,2,33,0.0,0.49855,1000,6.907755278982134,9.997813813813814,999,6.906368984621015,10.003797797797798,1000,0.02708500000000001
20,1000,8,2,34,0.0,0.50075,1000,6.907755278982134,9.997813813813814,1000,6.907755278982134,10.004646646646647,1000,0.027117000000000006
20,1000,8,2,35,0.0,0.5003,1000,6.907755278982134,9.997813813813814,1000,6.907755278982134,10.003543543543543,1000,0.027165000000000005
20,1000,8,2,36,0.0,0.49804999999999994,1000,6.907755278982134,9.997813813813814,999,6.906368984621015,10.003685685685685,1000,0.02727000000000001
20,1000,8,2,37,0.0,0.5033500000000001,1000,6.907755278982134,9.997813813813814,999,6.906368984621015,10.0018998998999,1000,0.027217000000000005
20,1000,8,2,38,0.0,0.50485,1000,6.907755278982134,9.997813813813814,999,6.906368984621015,10.000950950950951,1000,0.02728100000000001
20,1000,8,2,39,0.0,0.49989999999999996,1000,6.907755278982134,9.997813813813814,999,6.906368984621015,9.996376376376377,1000,0.027255
20,1000,8,2,40,0.0,0.5037,1000,6.907755278982134,9.997813813813814,1000,6.907755278982134,9.998902902902904,1000,0.02707900000000001
20,1000,8,2,41,0.0,0.50405,1000,6.907755278982134,9.997813813813814,1000,6.907755278982134,10.001467467467467,1000,0.027311000000000005
20,1000,8,2,42,0.0,0.5027,1000,6.907755278982134,9.997813813813814,999,6.906368984621015,10.00146946946947,1000,0.026999000000000002
20,1000,8,2,43,0.0,0.5006499999999999,1000,6.907755278982134,9.997813813813814,999,6.906368984621015,10.004794794794794,1000,0.027188000000000007
20,1000,8,2,44,0.0,0.50175,1000,6.907755278982134,9.997813813813814,999,6.906368984621015,10.001047047047047,1000,0.027175000000000008
20,1000,8,2,45,0.0,0.50095,1000,6.907755278982134,9.997813813813814,1000,6.907755278982134,10.00407007007007,1000,0.027205000000000007
20,1000,8,2,46,0.0,0.50205,1000,6.907755278982134,9.997813813813814,1000,6.907755278982134,10.001323323323323,1000,0.027075000000000005
20,1000,8,2,47,0.0,0.5009,1000,6.907755278982134,9.997813813813814,1000,6.907755278982134,10.001805805805805,1000,0.02717600000000001
20,1000,8,2,48,0.0,0.50115,1000,6.907755278982134,9.997813813813814,1000,6.907755278982134,10.001451451451452,1000,0.027269000000000005
20,1000,8,2,49,0.0,0.49894999999999995,1000,6.907755278982134,9.997813813813814,999,6.906368984621015,10.003341341341342,1000,0.027103000000000006
20,1000,8,2,50,0.0,0.5002000000000001,1000,6.907755278982134,9.997813813813814,999,6.906368984621015,10.001513513513514,1000,0.027272000000000005
20,1000,8,2,51,0.0,0.5026499999999999,1000,6.907755278982134,9.997813813813814,1000,6.907755278982134,10.006516516516516,1000,0.02729700000000001
20,1000,8,2,52,0.0,0.49915,1000,6.907755278982134,9.997813813813814,1000,6.907755278982134,10.000422422422423,1000,0.02722400000000001
20,1000,8,2,53,0.0,0.5005499999999999,1000,6.907755278982134,9.997813813813814,1000,6.907755278982134,10.00212012012012,1000,0.027245000000000005
20,1000,8,2,54,0.0,0.49860000000000004,1000,6.907755278982134,9.997813813813814,1000,6.907755278982134,10.003283283283283,1000,0.02720600000000001
20,1000,8,2,55,0.0,0.50195,1000,6.907755278982134,9.997813813813814,1000,6.907755278982134,9.997043043043043,1000,0.027187000000000006
20,1000,8,2,56,0.0,0.50075,1000,6.907755278982134,9.997813813813814,999,6.906368984621015,9.999741741741742,1000,0.027322000000000006
20,1000,8,2,57,0.0,0.5026,1000,6.907755278982134,9.997813813813814,998,6.904982690259894,10.002274274274274,1000,0.02706300000000001
20,1000,8,2,58,0.0,0.5009,1000,6.907755278982134,9.997813813813814,1000,6.907755278982134,10.004872872872873,1000,0.027092000000000005
20,1000,8,2,59,0.0,0.5031,1000,6.907755278982134,9.997813813813814,1000,6.907755278982134,9.997313313313313,1000,0.027151000000000005
20,1000,8,2,60,0.0,0.50585,1000,6.907755278982134,9.997813813813814,1000,6.907755278982134,10.00095895895896,1000,0.027393000000000008
20,1000,8,2,61,0.0,0.5004500000000001,1000,6.907755278982134,9.997813813813814,1000,6.907755278982134,10.002016016016016,1000,0.027226000000000007
20,1000,8,2,62,0.0,0.5019,1000,6.907755278982134,9.997813813813814,1000,6.907755278982134,10.004624624624624,1000,0.027056000000000004
20,1000,8,2,63,0.0,0.50485,1000,6.907755278982134,9.997813813813814,999,6.906368984621015,10.002288288288288,1000,0.027205000000000007
20,1000,8,2,64,0.0,0.507,1000,6.907755278982134,9.997813813813814,999,6.906368984621015,10.000152152152152,1000,0.02728000000000001
20,1000,8,2,65,0.0,0.5017999999999999,1000,6.907755278982134,9.997813813813814,998,6.904982690259894,10.003855855855855,1000,0.02713600000000001
20,1000,8,2,66,0.0,0.5012000000000001,1000,6.907755278982134,9.997813813813814,1000,6.907755278982134,9.99805005005005,1000,0.02707900000000001
20,1000,8,2,67,0.0,0.49985,1000,6.907755278982134,9.997813813813814,1000,6.907755278982134,10.002888888888888,1000,0.027289000000000008
20,1000,8,2,68,0.0,0.5024500000000001,1000,6.907755278982134,9.997813813813814,1000,6.907755278982134,10.002296296296297,1000,0.027094000000000007
20,1000,8,2,69,0.0,0.5024,1000,6.907755278982134,9.997813813813814,999,6.906368984621015,10.003011011011012,1000,0.027112000000000004
20,1000,8,2,70,0.0,0.49970000000000003,1000,6.907755278982134,9.997813813813814,999,6.906368984621015,10.001781781781782,1000,0.027175000000000005
20,1000,8,2,71,0.0,0.5056499999999999,1000,6.907755278982134,9.997813813813814,1000,6.907755278982134,10.00216016016016,1000,0.02733200000000001
20,1000,8,2,72,0.0,0.49720000000000003,1000,6.907755278982134,9.997813813813814,1000,6.907755278982134,10.001429429429429,1000,0.027176000000000006
20,1000,8,2,73,0.0,0.49885,1000,6.907755278982134,9.997813813813814,998,6.904982690259894,10.001483483483483,1000,0.02688100000000001
20,1000,8,2,74,0.0,0.49895,1000,6.907755278982134,9.997813813813814,1000,6.907755278982134,10.000006006006005,1000,0.027287000000000006
20,1000,8,2,75,0.0,0.5013500000000001,1000,6.907755278982134,9.997813813813814,1000,6.907755278982134,10.00083083083083,1000,0.027081000000000008
20,1000,8,2,76,0.0,0.49770000000000003,1000,6.907755278982134,9.997813813813814,1000,6.907755278982134,10.001561561561562,1000,0.02681000000000001
20,1000,8,2,77,0.0,0.49985,1000,6.907755278982134,9.997813813813814,1000,6.907755278982134,10.00252052052052,1000,0.027083000000000006
20,1000,8,2,78,0.0,0.50345,1000,6.907755278982134,9.997813813813814,1000,6.907755278982134,10.00310910910911,1000,0.02700900000000001
20,1000,8,2,79,0.0,0.50015,1000,6.907755278982134,9.997813813813814,1000,6.907755278982134,10.003473473473473,1000,0.02724500000000001
20,1000,8,2,80,0.0,0.5015,1000,6.907755278982134,9.997813813813814,999,6.906368984621015,10.00393993993994,1000,0.027270000000000006
20,1000,8,2,81,0.0,0.49965,1000,6.907755278982134,9.997813813813814,999,6.906368984621015,10.000594594594595,1000,0.02713300000000001
20,1000,8,2,82,0.0,0.49860000000000004,1000,6.907755278982134,9.997813813813814,1000,6.907755278982134,10.002466466466467,1000,0.027153000000000007
20,1000,8,2,83,0.0,0.4995,1000,6.907755278982134,9.997813813813814,999,6.906368984621015,9.99951951951952,1000,0.026998000000000005
20,1000,8,2,84,0.0,0.501,1000,6.907755278982134,9.997813813813814,1000,6.907755278982134,9.997281281281282,1000,0.027437000000000003
20,1000,8,2,85,0.0,0.50445,1000,6.907755278982134,9.997813813813814,1000,6.907755278982134,10.003077077077076,1000,0.027385000000000007
20,1000,8,2,86,0.0,0.5007999999999999,1000,6.907755278982134,9.997813813813814,1000,6.907755278982134,9.999903903903904,1000,0.027072000000000006
20,1000,8,2,87,0.0,0.50375,1000,6.907755278982134,9.997813813813814,1000,6.907755278982134,10.000238238238238,1000,0.027184000000000003
20,1000,8,2,88,0.0,0.501,1000,6.907755278982134,9.997813813813814,1000,6.907755278982134,10.001665665665666,1000,0.027229000000000007
20,1000,8,2,89,0.0,0.4986999999999999,1000,6.907755278982134,9.997813813813814,999,6.906368984621015,10.004916916916917,1000,0.027179000000000002
20,1000,8,2,90,0.0,0.5034,1000,6.907755278982134,9.997813813813814,1000,6.907755278982134,10.003015015015015,1000,0.027110000000000006
20,1000,8,2,91,0.0,0.50175,1000,6.907755278982134,9.997813813813814,1000,6.907755278982134,10.003993993993994,1000,0.027205000000000007
20,1000,8,2,92,0.0,0.50375,1000,6.907755278982134,9.997813813813814,999,6.906368984621015,10.000362362362363,1000,0.027124000000000006
20,1000,8,2,93,0.0,0.50495,1000,6.907755278982134,9.997813813813814,1000,6.907755278982134,9.996318318318318,1000,0.027117000000000013
20,1000,8,2,94,0.0,0.50425,1000,6.907755278982134,9.997813813813814,1000,6.907755278982134,10.00051051051051,1000,0.027003000000000006
20,1000,8,2,95,0.0,0.5025,1000,6.907755278982134,9.997813813813814,999,6.906368984621015,10.001533533533534,1000,0.027310000000000004
20,1000,8,2,96,0.0,0.4987,1000,6.907755278982134,9.997813813813814,999,6.906368984621015,10.000688688688689,1000,0.02717200000000001
20,1000,8,2,97,0.0,0.50145,1000,6.907755278982134,9.997813813813814,1000,6.907755278982134,10.002396396396396,1000,0.027164000000000008
20,1000,8,2,98,0.0,0.49935,1000,6.907755278982134,9.997813813813814,1000,6.907755278982134,10.003405405405406,1000,0.02715300000000001
20,1000,8,2,99,0.0,0.50085,1000,6.907755278982134,9.997813813813814,999,6.906368984621015,9.999917917917918,1000,0.026869000000000007
20,1000,8,3,0,0.0,0.5027999999999999,1000,6.907755278982134,10.006124124124124,999,6.906368984621015,9.993045045045045,1000,0.027149000000000006
20,1000,8,3,1,0.0,0.49715,1000,6.907755278982134,10.006124124124124,1000,6.907755278982134,9.998368368368368,1000,0.027133000000000008
20,1000,8,3,2,0.0,0.49989999999999996,1000,6.907755278982134,10.006124124124124,1000,6.907755278982134,10.000868868868869,1000,0.02699600000000001
20,1000,8,3,3,0.0,0.495,1000,6.907755278982134,10.006124124124124,1000,6.907755278982134,9.995671671671671,1000,0.027288000000000007
20,1000,8,3,4,0.0,0.498,1000,6.907755278982134,10.006124124124124,999,6.906368984621015,9.994106106106106,1000,0.027265000000000008
20,1000,8,3,5,0.0,0.49725,1000,6.907755278982134,10.006124124124124,1000,6.907755278982134,10.002524524524524,1000,0.027266000000000006
20,1000,8,3,6,0.0,0.49975,1000,6.907755278982134,10.006124124124124,1000,6.907755278982134,9.999161161161162,1000,0.027169000000000006
20,1000,8,3,7,0.0,0.49785,1000,6.907755278982134,10.006124124124124,1000,6.907755278982134,9.994948948948949,1000,0.027163000000000007
20,1000,8,3,8,0.0,0.4995,1000,6.907755278982134,10.006124124124124,999,6.906368984621015,10.002974974974975,1000,0.027021000000000007
20,1000,8,3,9,0.0,0.49425,1000,6.907755278982134,10.006124124124124,999,6.906368984621015,9.990956956956957,1000,0.027123000000000005
20,1000,8,3,10,0.0,0.4988000000000001,1000,6.907755278982134,10.006124124124124,999,6.906368984621015,10.00028028028028,1000,0.027268000000000008
20,1000,8,3,11,0.0,0.5004,1000,6.907755278982134,10.006124124124124,1000,6.907755278982134,9.992232232232233,1000,0.02717900000000001
20,1000,8,3,12,0.0,0.5015,1000,6.907755278982134,10.006124124124124,999,6.906368984621015,9.996372372372372,1000,0.027357000000000006
20,1000,8,3,13,0.0,0.49805,1000,6.907755278982134,10.006124124124124,997,6.903596395898775,9.999565565565566,1000,0.026910000000000003
20,1000,8,3,14,0.0,0.5030500000000001,1000,6.907755278982134,10.006124124124124,1000,6.907755278982134,10.0008988988989,1000,0.02720300000000001
20,1000,8,3,15,0.0,0.50025,1000,6.907755278982134,10.006124124124124,1000,6.907755278982134,9.993467467467468,1000,0.027086000000000006
20,1000,8,3,16,0.0,0.49765,1000,6.907755278982134,10.006124124124124,999,6.906368984621015,9.999093093093093,1000,0.027494000000000008
20,1000,8,3,17,0.0,0.49835,1000,6.907755278982134,10.006124124124124,1000,6.907755278982134,9.999337337337337,1000,0.027298000000000006
20,1000,8,3,18,0.0,0.5004500000000001,1000,6.907755278982134,10.006124124124124,1000,6.907755278982134,9.999137137137136,1000,0.027341000000000008
20,1000,8,3,19,0.0,0.49589999999999995,1000,6.907755278982134,10.006124124124124,999,6.906368984621015,9.998466466466466,1000,0.027342000000000005
20,1000,8,3,20,0.0,0.49970000000000003,1000,6.907755278982134,10.006124124124124,1000,6.907755278982134,9.996036036036037,1000,0.027445000000000008
20,1000,8,3,21,0.0,0.49439999999999995,1000,6.907755278982134,10.006124124124124,1000,6.907755278982134,9.995771771771771,1000,0.027289000000000008
20,1000,8,3,22,0.0,0.5002,1000,6.907755278982134,10.006124124124124,1000,6.907755278982134,9.999171171171172,1000,0.02714200000000001
20,1000,8,3,23,0.0,0.5003500000000001,1000,6.907755278982134,10.006124124124124,1000,6.907755278982134,9.999853853853853,1000,0.027092000000000005
20,1000,8,3,24,0.0,0.49925,1000,6.907755278982134,10.006124124124124,1000,6.907755278982134,9.993331331331332,1000,0.027292000000000004
20,1000,8,3,25,0.0,0.49915000000000004,1000,6.907755278982134,10.006124124124124,999,6.906368984621015,9.999241241241242,1000,0.02723100000000001
20,1000,8,3,26,0.0,0.50195,1000,6.907755278982134,10.006124124124124,999,6.906368984621015,9.99783983983984,1000,0.027159000000000006
20,1000,8,3,27,0.0,0.5013500000000001,1000,6.907755278982134,10.006124124124124,999,6.906368984621015,9.99960960960961,1000,0.02736800000000001
20,1000,8,3,28,0.0,0.49945000000000006,1000,6.907755278982134,10.006124124124124,999,6.906368984621015,10.002364364364364,1000,0.027175000000000008
20,1000,8,3,29,0.0,0.5006499999999999,1000,6.907755278982134,10.006124124124124,999,6.906368984621015,10.00065065065065,1000,0.027126000000000004
20,1000,8,3,30,0.0,0.5009,1000,6.907755278982134,10.006124124124124,999,6.906368984621015,9.999983983983984,1000,0.027200000000000005
20,1000,8,3,31,0.0,0.5003500000000001,1000,6.907755278982134,10.006124124124124,1000,6.907755278982134,9.998556556556556,1000,0.02706600000000001
20,1000,8,3,32,0.0,0.49470000000000003,1000,6.907755278982134,10.006124124124124,1000,6.907755278982134,9.997101101101102,1000,0.026800000000000004
20,1000,8,3,33,0.0,0.497,1000,6.907755278982134,10.006124124124124,1000,6.907755278982134,10.000272272272273,1000,0.027230000000000004
20,1000,8,3,34,0.0,0.49595000000000006,1000,6.907755278982134,10.006124124124124,1000,6.907755278982134,9.99876876876877,1000,0.027108000000000004
20,1000,8,3,35,0.0,0.49654999999999994,1000,6.907755278982134,10.006124124124124,1000,6.907755278982134,9.993323323323324,1000,0.02718900000000001
20,1000,8,3,36,0.0,0.49775,1000,6.907755278982134,10.006124124124124,1000,6.907755278982134,9.997267267267267,1000,0.027287000000000006
20,1000,8,3,37,0.0,0.4993,1000,6.907755278982134,10.006124124124124,1000,6.907755278982134,10.001857857857857,1000,0.02712400000000001
20,1000,8,3,38,0.0,0.4998000000000001,1000,6.907755278982134,10.006124124124124,1000,6.907755278982134,10.002558558558558,1000,0.027354000000000007
20,1000,8,3,39,0.0,0.49835,1000,6.907755278982134,10.006124124124124,1000,6.907755278982134,9.995897897897898,1000,0.027269000000000005
20,1000,8,3,40,0.0,0.49889999999999995,1000,6.907755278982134,10.006124124124124,999,6.906368984621015,9.996412412412413,1000,0.027108000000000004
20,1000,8,3,41,0.0,0.49935,1000,6.907755278982134,10.006124124124124,999,6.906368984621015,9.999185185185185,1000,0.027196000000000005
20,1000,8,3,42,0.0,0.50085,1000,6.907755278982134,10.006124124124124,1000,6.907755278982134,10.000630630630631,1000,0.02724600000000001
20,1000,8,3,43,0.0,0.49460000000000004,1000,6.907755278982134,10.006124124124124,1000,6.907755278982134,9.99730930930931,1000,0.027163000000000007
20,1000,8,3,44,0.0,0.49395000000000006,1000,6.907755278982134,10.006124124124124,1000,6.907755278982134,9.997807807807808,1000,0.027221000000000006
20,1000,8,3,45,0.0,0.50005,1000,6.907755278982134,10.006124124124124,1000,6.907755278982134,9.993995995995997,1000,0.027200000000000005
20,1000,8,3,46,0.0,0.499,1000,6.907755278982134,10.006124124124124,1000,6.907755278982134,10.004368368368368,1000,0.02737700000000001
20,1000,8,3,47,0.0,0.49185,1000,6.907755278982134,10.006124124124124,1000,6.907755278982134,9.994916916916917,1000,0.027254000000000004
20,1000,8,3,48,0.0,0.49845000000000006,1000,6.907755278982134,10.006124124124124,1000,6.907755278982134,10.001555555555555,1000,0.02739800000000001
20,1000,8,3,49,0.0,0.49635,1000,6.907755278982134,10.006124124124124,1000,6.907755278982134,9.997315315315316,1000,0.02733200000000001
20,1000,8,3,50,0.0,0.49985,1000,6.907755278982134,10.006124124124124,1000,6.907755278982134,9.999841841841842,1000,0.027016000000000005
20,1000,8,3,51,0.0,0.5032000000000001,1000,6.907755278982134,10.006124124124124,1000,6.907755278982134,9.99587987987988,1000,0.026915000000000005
20,1000,8,3,52,0.0,0.496,1000,6.907755278982134,10.006124124124124,1000,6.907755278982134,9.997861861861862,1000,0.027221000000000006
20,1000,8,3,53,0.0,0.49915,1000,6.907755278982134,10.006124124124124,999,6.906368984621015,9.998684684684685,1000,0.027156000000000007
20,1000,8,3,54,0.0,0.495,1000,6.907755278982134,10.006124124124124,1000,6.907755278982134,9.996344344344344,1000,0.027022000000000004
20,1000,8,3,55,0.0,0.495,1000,6.907755278982134,10.006124124124124,1000,6.907755278982134,9.995147147147147,1000,0.027145000000000006
20,1000,8,3,56,0.0,0.50185,1000,6.907755278982134,10.006124124124124,1000,6.907755278982134,10.001631631631632,1000,0.027327000000000004
20,1000,8,3,57,0.0,0.5031,1000,6.907755278982134,10.006124124124124,1000,6.907755278982134,9.989777777777778,1000,0.027375000000000007
20,1000,8,3,58,0.0,0.49485,1000,6.907755278982134,10.006124124124124,1000,6.907755278982134,10.000118118118118,1000,0.027492000000000006
20,1000,8,3,59,0.0,0.5008,1000,6.907755278982134,10.006124124124124,1000,6.907755278982134,9.995607607607608,1000,0.02735600000000001
20,1000,8,3,60,0.0,0.49825,1000,6.907755278982134,10.006124124124124,1000,6.907755278982134,10.00083083083083,1000,0.027239000000000003
20,1000,8,3,61,0.0,0.49585,1000,6.907755278982134,10.006124124124124,1000,6.907755278982134,9.996342342342343,1000,0.027072000000000006
20,1000,8,3,62,0.0,0.49755,1000,6.907755278982134,10.006124124124124,1000,6.907755278982134,10.001407407407408,1000,0.02731300000000001
20,1000,8,3,63,0.0,0.50195,1000,6.907755278982134,10.006124124124124,999,6.906368984621015,9.998744744744744,1000,0.027123000000000005
20,1000,8,3,64,0.0,0.49635,1000,6.907755278982134,10.006124124124124,999,6.906368984621015,10.001551551551552,1000,0.02723100000000001
20,1000,8,3,65,0.0,0.49760000000000004,1000,6.907755278982134,10.006124124124124,999,6.906368984621015,9.994946946946946,1000,0.027264000000000007
20,1000,8,3,66,0.0,0.49795000000000006,1000,6.907755278982134,10.006124124124124,1000,6.907755278982134,9.997483483483483,1000,0.027039000000000004
20,1000,8,3,67,0.0,0.49965,1000,6.907755278982134,10.006124124124124,1000,6.907755278982134,9.996534534534534,1000,0.027311000000000005
20,1000,8,3,68,0.0,0.49870000000000003,1000,6.907755278982134,10.006124124124124,999,6.906368984621015,9.999323323323324,1000,0.027008000000000004
20,1000,8,3,69,0.0,0.49970000000000003,1000,6.907755278982134,10.006124124124124,1000,6.907755278982134,9.996356356356356,1000,0.027292000000000007
20,1000,8,3,70,0.0,0.5006499999999999,1000,6.907755278982134,10.006124124124124,999,6.906368984621015,9.997583583583584,1000,0.027381000000000006
20,1000,8,3,71,0.0,0.49989999999999996,1000,6.907755278982134,10.006124124124124,1000,6.907755278982134,10.000404404404405,1000,0.027214000000000006
20,1000,8,3,72,0.0,0.50315,1000,6.907755278982134,10.006124124124124,1000,6.907755278982134,9.992262262262262,1000,0.02731800000000001
20,1000,8,3,73,0.0,0.49905000000000005,1000,6.907755278982134,10.006124124124124,999,6.906368984621015,10.001271271271271,1000,0.027203000000000005
20,1000,8,3,74,0.0,0.4993,1000,6.907755278982134,10.006124124124124,1000,6.907755278982134,9.999295295295296,1000,0.027091000000000007
20,1000,8,3,75,0.0,0.49735,1000,6.907755278982134,10.006124124124124,998,6.904982690259894,9.991281281281282,1000,0.027159000000000006
20,1000,8,3,76,0.0,0.4975,1000,6.907755278982134,10.006124124124124,999,6.906368984621015,10.000816816816817,1000,0.027278000000000007
20,1000,8,3,77,0.0,0.5005,1000,6.907755278982134,10.006124124124124,1000,6.907755278982134,10.000700700700701,1000,0.027094000000000003
20,1000,8,3,78,0.0,0.50195,1000,6.907755278982134,10.006124124124124,999,6.906368984621015,9.995193193193193,1000,0.02717900000000001
20,1000,8,3,79,0.0,0.50075,1000,6.907755278982134,10.006124124124124,1000,6.907755278982134,10.000102102102103,1000,0.02722400000000001
20,1000,8,3,80,0.0,0.49475,1000,6.907755278982134,10.006124124124124,1000,6.907755278982134,9.99440840840841,1000,0.02712700000000001
20,1000,8,3,81,0.0,0.49739999999999995,1000,6.907755278982134,10.006124124124124,1000,6.907755278982134,9.99983983983984,1000,0.027316000000000007
20,1000,8,3,82,0.0,0.49475,1000,6.907755278982134,10.006124124124124,1000,6.907755278982134,9.99737937937938,1000,0.027345000000000008
20,1000,8,3,83,0.0,0.49955,1000,6.907755278982134,10.006124124124124,999,6.906368984621015,10.004462462462463,1000,0.027148000000000005
20,1000,8,3,84,0.0,0.49865,1000,6.907755278982134,10.006124124124124,999,6.906368984621015,9.995769769769769,1000,0.027170000000000007
20,1000,8,3,85,0.0,0.50015,1000,6.907755278982134,10.006124124124124,999,6.906368984621015,9.99958958958959,1000,0.027296000000000008
20,1000,8,3,86,0.0,0.493,1000,6.907755278982134,10.006124124124124,1000,6.907755278982134,9.995887887887887,1000,0.027136000000000007
20,1000,8,3,87,0.0,0.49970000000000003,1000,6.907755278982134,10.006124124124124,1000,6.907755278982134,9.995671671671671,1000,0.02714100000000001
20,1000,8,3,88,0.0,0.5023,1000,6.907755278982134,10.006124124124124,999,6.906368984621015,10.000940940940941,1000,0.027323000000000007
20,1000,8,3,89,0.0,0.50025,1000,6.907755278982134,10.006124124124124,1000,6.907755278982134,9.995585585585586,1000,0.02707900000000001
20,1000,8,3,90,0.0,0.498,1000,6.907755278982134,10.006124124124124,999,6.906368984621015,9.99794994994995,1000,0.027183000000000006
20,1000,8,3,91,0.0,0.5025,1000,6.907755278982134,10.006124124124124,1000,6.907755278982134,9.998626626626626,1000,0.027069000000000006
20,1000,8,3,92,0.0,0.49810000000000004,1000,6.907755278982134,10.006124124124124,1000,6.907755278982134,10.000668668668668,1000,0.027199000000000008
20,1000,8,3,93,0.0,0.49889999999999995,1000,6.907755278982134,10.006124124124124,1000,6.907755278982134,10.004528528528528,1000,0.027183000000000006
20,1000,8,3,94,0.0,0.49520000000000003,1000,6.907755278982134,10.006124124124124,999,6.906368984621015,10.000444444444444,1000,0.027219000000000007
20,1000,8,3,95,0.0,0.50085,1000,6.907755278982134,10.006124124124124,999,6.906368984621015,9.999413413413414,1000,0.027232000000000006
20,1000,8,3,96,0.0,0.49860000000000004,1000,6.907755278982134,10.006124124124124,1000,6.907755278982134,10.001837837837838,1000,0.027050000000000005
20,1000,8,3,97,0.0,0.49739999999999995,1000,6.907755278982134,10.006124124124124,999,6.906368984621015,10.000148148148147,1000,0.02722500000000001
20,1000,8,3,98,0.0,0.499,1000,6.907755278982134,10.006124124124124,1000,6.907755278982134,9.999523523523523,1000,0.02713500000000001
20,1000,8,3,99,0.0,0.49910000000000004,1000,6.907755278982134,10.006124124124124,999,6.906368984621015,9.997737737737738,1000,0.02728300000000001
20,2000,2,1,0,0.0,0.49729999999999996,1888,7.522746727175603,8.103130065032516,1000,6.907755278982134,9.991823823823824,2000,0.9829505
20,2000,2,1,1,0.0,0.49879999999999997,1888,7.522746727175603,8.103130065032516,999,6.906368984621015,10.003215215215215,2000,0.9827155000000001
20,2000,2,1,2,0.0,0.49845,1888,7.522746727175603,8.103130065032516,1000,6.907755278982134,10.000382382382382,2000,0.9833529999999999
20,2000,2,1,3,0.0,0.49895,1888,7.522746727175603,8.103130065032516,1000,6.907755278982134,10.000158158158158,2000,0.9837750000000001
20,2000,2,1,4,0.0,0.4995,1888,7.522746727175603,8.103130065032516,1000,6.907755278982134,9.994798798798799,2000,0.9833989999999999
20,2000,2,1,5,0.0,0.49839999999999995,1888,7.522746727175603,8.103130065032516,999,6.906368984621015,10.001249249249248,2000,0.9829665
20,2000,2,1,6,0.0,0.5004,1888,7.522746727175603,8.103130065032516,1000,6.907755278982134,10.001545545545545,2000,0.983521
20,2000,2,1,7,0.0,0.49895,1888,7.522746727175603,8.103130065032516,1000,6.907755278982134,10.000314314314315,2000,0.9829675
20,2000,2,1,8,0.0,0.5065500000000001,1888,7.522746727175603,8.103130065032516,1000,6.907755278982134,9.995841841841841,2000,0.9839970000000001
20,2000,2,1,9,0.0,0.49775,1888,7.522746727175603,8.103130065032516,999,6.906368984621015,10.001623623623624,2000,0.9830595
20,2000,2,1,10,0.0,0.50585,1888,7.522746727175603,8.103130065032516,999,6.906368984621015,9.999873873873874,2000,0.9836364999999999
20,2000,2,1,11,0.0,0.49845,1888,7.522746727175603,8.103130065032516,1000,6.907755278982134,10.001343343343343,2000,0.9831424999999999
20,2000,2,1,12,0.0,0.49605,1888,7.522746727175603,8.103130065032516,999,6.906368984621015,9.991189189189189,2000,0.9835269999999999
20,2000,2,1,13,0.0,0.49755,1888,7.522746727175603,8.103130065032516,1000,6.907755278982134,10.003133133133133,2000,0.9830789999999999
20,2000,2,1,14,0.0,0.5031,1888,7.522746727175603,8.103130065032516,1000,6.907755278982134,9.998594594594595,2000,0.9837429999999999
20,2000,2,1,15,0.0,0.5032,1888,7.522746727175603,8.103130065032516,1000,6.907755278982134,10.00213013013013,2000,0.984157
20,2000,2,1,16,0.0,0.4987,1888,7.522746727175603,8.103130065032516,1000,6.907755278982134,9.99983983983984,2000,0.9830875000000001
20,2000,2,1,17,0.0,0.50125,1888,7.522746727175603,8.103130065032516,1000,6.907755278982134,9.997447447447447,2000,0.9835615
20,2000,2,1,18,0.0,0.49615000000000004,1888,7.522746727175603,8.103130065032516,999,6.906368984621015,9.99928128128128,2000,0.9828764999999999
20,2000,2,1,19,0.0,0.49965,1888,7.522746727175603,8.103130065032516,999,6.906368984621015,10.000994994994995,2000,0.9834784999999999
20,2000,2,1,20,0.0,0.50015,1888,7.522746727175603,8.103130065032516,1000,6.907755278982134,10.00256056056056,2000,0.9837825
20,2000,2,1,21,0.0,0.495,1888,7.522746727175603,8.103130065032516,1000,6.907755278982134,9.999403403403404,2000,0.9821185
20,2000,2,1,22,0.0,0.49945,1888,7.522746727175603,8.103130065032516,999,6.906368984621015,9.996146146146145,2000,0.9837319999999999
20,2000,2,1,23,0.0,0.49995,1888,7.522746727175603,8.103130065032516,1000,6.907755278982134,10.002968968968968,2000,0.983063
20,2000,2,1,24,0.0,0.4983,1888,7.522746727175603,8.103130065032516,1000,6.907755278982134,9.996056056056055,2000,0.983056
20,2000,2,1,25,0.0,0.49535,1888,7.522746727175603,8.103130065032516,999,6.906368984621015,10.000426426426426,2000,0.982102
20,2000,2,1,26,0.0,0.49695,1888,7.522746727175603,8.103130065032516,1000,6.907755278982134,9.998612612612613,2000,0.982778
20,2000,2,1,27,0.0,0.5016499999999999,1888,7.522746727175603,8.103130065032516,998,6.904982690259894,9.998932932932933,2000,0.98378
20,2000,2,1,28,0.0,0.5038,1888,7.522746727175603,8.103130065032516,1000,6.907755278982134,9.999591591591592,2000,0.9841445
20,2000,2,1,29,0.0,0.499,1888,7.522746727175603,8.103130065032516,999,6.906368984621015,9.996648648648648,2000,0.982791
20,2000,2,1,30,0.0,0.5033,1888,7.522746727175603,8.103130065032516,1000,6.907755278982134,9.998066066066066,2000,0.983171
20,2000,2,1,31,0.0,0.49585,1888,7.522746727175603,8.103130065032516,1000,6.907755278982134,10.001355355355356,2000,0.9819549999999999
20,2000,2,1,32,0.0,0.50185,1888,7.522746727175603,8.103130065032516,999,6.906368984621015,9.996546546546547,2000,0.9833244999999999
20,2000,2,1,33,0.0,0.50015,1888,7.522746727175603,8.103130065032516,1000,6.907755278982134,9.998192192192192,2000,0.9830035
20,2000,2,1,34,0.0,0.5015,1888,7.522746727175603,8.103130065032516,1000,6.907755278982134,9.997857857857857,2000,0.983281
20,2000,2,1,35,0.0,0.49879999999999997,1888,7.522746727175603,8.103130065032516,1000,6.907755278982134,10.002502502502503,2000,0.982304
20,2000,2,1,36,0.0,0.5024,1888,7.522746727175603,8.103130065032516,1000,6.907755278982134,9.999007007007007,2000,0.9833225
20,2000,2,1,37,0.0,0.50045,1888,7.522746727175603,8.103130065032516,999,6.906368984621015,9.99777977977978,2000,0.9833535
20,2000,2,1,38,0.0,0.5014,1888,7.522746727175603,8.103130065032516,999,6.906368984621015,10.002082082082081,2000,0.9838315
20,2000,2,1,39,0.0,0.49735,1888,7.522746727175603,8.103130065032516,999,6.906368984621015,10.003261261261262,2000,0.9827839999999999
20,2000,2,1,40,0.0,0.49954999999999994,1888,7.522746727175603,8.103130065032516,1000,6.907755278982134,10.000862862862864,2000,0.9835444999999999
20,2000,2,1,41,0.0,0.498,1888,7.522746727175603,8.103130065032516,1000,6.907755278982134,9.99875875875876,2000,0.9821585
20,2000,2,1,42,0.0,0.49860000000000004,1888,7.522746727175603,8.103130065032516,1000,6.907755278982134,10.002954954954955,2000,0.9827425000000001
20,2000,2,1,43,0.0,0.49815,1888,7.522746727175603,8.103130065032516,1000,6.907755278982134,10.001327327327328,2000,0.9835575
20,2000,2,1,44,0.0,0.49955,1888,7.522746727175603,8.103130065032516,999,6.906368984621015,10.001627627627627,2000,0.983212
20,2000,2,1,45,0.0,0.49455,1888,7.522746727175603,8.103130065032516,1000,6.907755278982134,9.9987007007007,2000,0.982621
20,2000,2,1,46,0.0,0.50015,1888,7.522746727175603,8.103130065032516,1000,6.907755278982134,9.997607607607607,2000,0.9828785
20,2000,2,1,47,0.0,0.50095,1888,7.522746727175603,8.103130065032516,1000,6.907755278982134,9.996494494494495,2000,0.9840585
20,2000,2,1,48,0.0,0.50005,1888,7.522746727175603,8.103130065032516,1000,6.907755278982134,9.99906906906907,2000,0.9839574999999999
20,2000,2,1,49,0.0,0.5003,1888,7.522746727175603,8.103130065032516,999,6.906368984621015,9.998662662662662,2000,0.9832975
20,2000,2,1,50,0.0,0.49585,1888,7.522746727175603,8.103130065032516,999,6.906368984621015,9.998716716716716,2000,0.9827064999999999
20,2000,2,1,51,0.0,0.49989999999999996,1888,7.522746727175603,8.103130065032516,1000,6.907755278982134,10.000164164164165,2000,0.982184
20,2000,2,1,52,0.0,0.49625,1888,7.522746727175603,8.103130065032516,1000,6.907755278982134,9.999821821821822,2000,0.9835035000000001
20,2000,2,1,53,0.0,0.50185,1888,7.522746727175603,8.103130065032516,1000,6.907755278982134,9.996026026026026,2000,0.9831804999999999
20,2000,2,1,54,0.0,0.5008,1888,7.522746727175603,8.103130065032516,999,6.906368984621015,9.999695695695696,2000,0.983275
20,2000,2,1,55,0.0,0.50305,1888,7.522746727175603,8.103130065032516,1000,6.907755278982134,9.998948948948948,2000,0.9842755
20,2000,2,1,56,0.0,0.49715,1888,7.522746727175603,8.103130065032516,1000,6.907755278982134,10.00296096096096,2000,0.9830385
20,2000,2,1,57,0.0,0.49695000000000006,1888,7.522746727175603,8.103130065032516,1000,6.907755278982134,10.003473473473473,2000,0.9828629999999999
20,2000,2,1,58,0.0,0.499,1888,7.522746727175603,8.103130065032516,1000,6.907755278982134,10.00422022022022,2000,0.9834489999999999
20,2000,2,1,59,0.0,0.5044,1888,7.522746727175603,8.103130065032516,1000,6.907755278982134,9.994222222222222,2000,0.9834089999999999
20,2000,2,1,60,0.0,0.5023,1888,7.522746727175603,8.103130065032516,1000,6.907755278982134,10.000436436436436,2000,0.983517
20,2000,2,1,61,0.0,0.49715000000000004,1888,7.522746727175603,8.103130065032516,1000,6.907755278982134,9.999421421421422,2000,0.983089
20,2000,2,1,62,0.0,0.49905,1888,7.522746727175603,8.103130065032516,999,6.906368984621015,10.00336936936937,2000,0.9837294999999999
20,2000,2,1,63,0.0,0.5008,1888,7.522746727175603,8.103130065032516,1000,6.907755278982134,9.996776776776777,2000,0.9831235
20,2000,2,1,64,0.0,0.50145,1888,7.522746727175603,8.103130065032516,1000,6.907755278982134,9.999229229229229,2000,0.983741
20,2000,2,1,65,0.0,0.4974,1888,7.522746727175603,8.103130065032516,1000,6.907755278982134,9.995583583583583,2000,0.9824244999999999
20,2000,2,1,66,0.0,0.49515,1888,7.522746727175603,8.103130065032516,1000,6.907755278982134,9.999653653653654,2000,0.9825444999999999
20,2000,2,1,67,0.0,0.49695,1888,7.522746727175603,8.103130065032516,1000,6.907755278982134,10.001235235235235,2000,0.9829395
20,2000,2,1,68,0.0,0.5053500000000001,1888,7.522746727175603,8.103130065032516,1000,6.907755278982134,10.002268268268269,2000,0.9841224999999999
20,2000,2,1,69,0.0,0.50205,1888,7.522746727175603,8.103130065032516,1000,6.907755278982134,9.99685885885886,2000,0.9836794999999999
20,2000,2,1,70,0.0,0.50295,1888,7.522746727175603,8.103130065032516,998,6.904982690259894,9.997327327327328,2000,0.983945
20,2000,2,1,71,0.0,0.49945,1888,7.522746727175603,8.103130065032516,1000,6.907755278982134,10.000866866866867,2000,0.9838579999999999
20,2000,2,1,72,0.0,0.49635,1888,7.522746727175603,8.103130065032516,999,6.906368984621015,9.999825825825825,2000,0.982803
20,2000,2,1,73,0.0,0.49925,1888,7.522746727175603,8.103130065032516,999,6.906368984621015,10.004698698698698,2000,0.9828619999999999
20,2000,2,1,74,0.0,0.49865000000000004,1888,7.522746727175603,8.103130065032516,998,6.904982690259894,9.9986006006006,2000,0.9825929999999999
20,2000,2,1,75,0.0,0.49795000000000006,1888,7.522746727175603,8.103130065032516,999,6.906368984621015,10.000606606606606,2000,0.983202
20,2000,2,1,76,0.0,0.49560000000000004,1888,7.522746727175603,8.103130065032516,999,6.906368984621015,10.002102102102102,2000,0.9831519999999999
20,2000,2,1,77,0.0,0.5052000000000001,1888,7.522746727175603,8.103130065032516,1000,6.907755278982134,9.998958958958958,2000,0.9838465
20,2000,2,1,78,0.0,0.49560000000000004,1888,7.522746727175603,8.103130065032516,999,6.906368984621015,9.994494494494495,2000,0.9828545
20,2000,2,1,79,0.0,0.49860000000000004,1888,7.522746727175603,8.103130065032516,1000,6.907755278982134,10.004956956956956,2000,0.982819
20,2000,2,1,80,0.0,0.4988,1888,7.522746727175603,8.103130065032516,1000,6.907755278982134,10.002338338338339,2000,0.9837829999999999
20,2000,2,1,81,0.0,0.49989999999999996,1888,7.522746727175603,8.103130065032516,1000,6.907755278982134,9.99941941941942,2000,0.983011
20,2000,2,1,82,0.0,0.49910000000000004,1888,7.522746727175603,8.103130065032516,999,6.906368984621015,10.003551551551551,2000,0.983687
20,2000,2,1,83,0.0,0.49989999999999996,1888,7.522746727175603,8.103130065032516,1000,6.907755278982134,10.000392392392392,2000,0.9835425
20,2000,2,1,84,0.0,0.49710000000000004,1888,7.522746727175603,8.103130065032516,1000,6.907755278982134,9.997253253253254,2000,0.9829984999999999
20,2000,2,1,85,0.0,0.50275,1888,7.522746727175603,8.103130065032516,1000,6.907755278982134,10.00005005005005,2000,0.9839175
20,2000,2,1,86,0.0,0.50085,1888,7.522746727175603,8.103130065032516,1000,6.907755278982134,9.99808008008008,2000,0.9831875
20,2000,2,1,87,0.0,0.5003,1888,7.522746727175603,8.103130065032516,1000,6.907755278982134,9.995787787787787,2000,0.983481
20,2000,2,1,88,0.0,0.4983,1888,7.522746727175603,8.103130065032516,1000,6.907755278982134,9.99760960960961,2000,0.9834279999999999
20,2000,2,1,89,0.0,0.5034,1888,7.522746727175603,8.103130065032516,1000,6.907755278982134,9.995147147147147,2000,0.9842079999999999
20,2000,2,1,90,0.0,0.49865,1888,7.522746727175603,8.103130065032516,1000,6.907755278982134,10.001347347347348,2000,0.9836520000000001
20,2000,2,1,91,0.0,0.5023,1888,7.522746727175603,8.103130065032516,999,6.906368984621015,9.99991991991992,2000,0.9831374999999999
20,2000,2,1,92,0.0,0.49675,1888,7.522746727175603,8.103130065032516,999,6.906368984621015,10.001035035035034,2000,0.982808
20,2000,2,1,93,0.0,0.5027,1888,7.522746727175603,8.103130065032516,1000,6.907755278982134,9.996648648648648,2000,0.9838705
20,2000,2,1,94,0.0,0.50355,1888,7.522746727175603,8.103130065032516,1000,6.907755278982134,9.99940940940941,2000,0.983749
20,2000,2,1,95,0.0,0.49929999999999997,1888,7.522746727175603,8.103130065032516,1000,6.907755278982134,10.00182982982983,2000,0.9831614999999999
20,2000,2,1,96,0.0,0.49710000000000004,1888,7.522746727175603,8.103130065032516,1000,6.907755278982134,9.997677677677677,2000,0.9830285
20,2000,2,1,97,0.0,0.49765000000000004,1888,7.522746727175603,8.103130065032516,1000,6.907755278982134,9.997591591591592,2000,0.98309
20,2000,2,1,98,0.0,0.49875,1888,7.522746727175603,8.103130065032516,999,6.906368984621015,9.992174174174174,2000,0.9835505000000001
20,2000,2,1,99,0.0,0.50105,1888,7.522746727175603,8.103130065032516,1000,6.907755278982134,10.003961961961961,2000,0.9829459999999999
20,2000,2,2,0,0.0,0.49420000000000003,1886,7.520313936526954,8.090995497748874,1000,6.907755278982134,9.999391391391391,2000,0.9820844999999999
20,2000,2,2,1,0.0,0.4961500000000001,1886,7.520313936526954,8.090995497748874,1000,6.907755278982134,9.993187187187187,2000,0.9825695
20,2000,2,2,2,0.0,0.49645000000000006,1886,7.520313936526954,8.090995497748874,1000,6.907755278982134,10.002412412412413,2000,0.98278
20,2000,2,2,3,0.0,0.5027,1886,7.520313936526954,8.090995497748874,1000,6.907755278982134,10.000032032032031,2000,0.9834745
20,2000,2,2,4,0.0,0.5051,1886,7.520313936526954,8.090995497748874,1000,6.907755278982134,10.002298298298298,2000,0.9835295
20,2000,2,2,5,0.0,0.49705,1886,7.520313936526954,8.090995497748874,999,6.906368984621015,10.004866866866866,2000,0.9824195
20,2000,2,2,6,0.0,0.5005,1886,7.520313936526954,8.090995497748874,998,6.904982690259894,10.002526526526527,2000,0.9830114999999999
20,2000,2,2,7,0.0,0.499,1886,7.520313936526954,8.090995497748874,998,6.904982690259894,9.991691691691692,2000,0.9829005
20,2000,2,2,8,0.0,0.49745000000000006,1886,7.520313936526954,8.090995497748874,1000,6.907755278982134,9.9991011011011,2000,0.9831365
20,2000,2,2,9,0.0,0.5045,1886,7.520313936526954,8.090995497748874,1000,6.907755278982134,9.994782782782783,2000,0.9838680000000001
20,2000,2,2,10,0.0,0.49910000000000004,1886,7.520313936526954,8.090995497748874,1000,6.907755278982134,10.003507507507507,2000,0.9828239999999999
20,2000,2,2,11,0.0,0.50315,1886,7.520313936526954,8.090995497748874,998,6.904982690259894,10.004126126126126,2000,0.983889
20,2000,2,2,12,0.0,0.4989,1886,7.520313936526954,8.090995497748874,1000,6.907755278982134,9.995867867867869,2000,0.98327
20,2000,2,2,13,0.0,0.4964,1886,7.520313936526954,8.090995497748874,1000,6.907755278982134,10.0014014014014,2000,0.9830260000000001
20,2000,2,2,14,0.0,0.49495000000000006,1886,7.520313936526954,8.090995497748874,1000,6.907755278982134,10.000178178178178,2000,0.9827515
20,2000,2,2,15,0.0,0.49945000000000006,1886,7.520313936526954,8.090995497748874,998,6.904982690259894,9.999821821821822,2000,0.9837349999999999
20,2000,2,2,16,0.0,0.50015,1886,7.520313936526954,8.090995497748874,1000,6.907755278982134,10.000362362362363,2000,0.9832474999999999
20,2000,2,2,17,0.0,0.49960000000000004,1886,7.520313936526954,8.090995497748874,1000,6.907755278982134,9.998294294294295,2000,0.9828899999999998
20,2000,2,2,18,0.0,0.49470000000000003,1886,7.520313936526954,8.090995497748874,1000,6.907755278982134,10.002602602602602,2000,0.9822049999999999
20,2000,2,2,19,0.0,0.5017,1886,7.520313936526954,8.090995497748874,1000,6.907755278982134,10.00174974974975,2000,0.983467
20,2000,2,2,20,0.0,0.49860000000000004,1886,7.520313936526954,8.090995497748874,1000,6.907755278982134,9.996688688688689,2000,0.9831879999999998
20,2000,2,2,21,0.0,0.50215,1886,7.520313936526954,8.090995497748874,1000,6.907755278982134,9.998964964964966,2000,0.983121
20,2000,2,2,22,0.0,0.49525,1886,7.520313936526954,8.090995497748874,1000,6.907755278982134,9.992794794794795,2000,0.9829675
20,2000,2,2,23,0.0,0.4988000000000001,1886,7.520313936526954,8.090995497748874,999,6.906368984621015,9.996648648648648,2000,0.9828060000000001
20,2000,2,2,24,0.0,0.50095,1886,7.520313936526954,8.090995497748874,1000,6.907755278982134,9.999525525525526,2000,0.983047
20,2000,2,2,25,0.0,0.50195,1886,7.520313936526954,8.090995497748874,1000,6.907755278982134,9.99944144144144,2000,0.9838225
20,2000,2,2,26,0.0,0.49835,1886,7.520313936526954,8.090995497748874,1000,6.907755278982134,9.997091091091091,2000,0.983643
20,2000,2,2,27,0.0,0.5045,1886,7.520313936526954,8.090995497748874,999,6.906368984621015,9.997181181181181,2000,0.9842415
20,2000,2,2,28,0.0,0.49935,1886,7.520313936526954,8.090995497748874,1000,6.907755278982134,9.996430430430431,2000,0.983008
20,2000,2,2,29,0.0,0.5042000000000001,1886,7.520313936526954,8.090995497748874,1000,6.907755278982134,9.995815815815815,2000,0.9833299999999999
20,2000,2,2,30,0.0,0.4958000000000001,1886,7.520313936526954,8.090995497748874,1000,6.907755278982134,9.995627627627627,2000,0.9827545
20,2000,2,2,31,0.0,0.49390000000000006,1886,7.520313936526954,8.090995497748874,999,6.906368984621015,9.997425425425426,2000,0.9823025
20,2000,2,2,32,0.0,0.49735,1886,7.520313936526954,8.090995497748874,1000,6.907755278982134,9.999977977977977,2000,0.9834590000000001
20,2000,2,2,33,0.0,0.4977,1886,7.520313936526954,8.090995497748874,998,6.904982690259894,10.0001001001001,2000,0.983482
20,2000,2,2,34,0.0,0.49365000000000003,1886,7.520313936526954,8.090995497748874,999,6.906368984621015,10.000438438438438,2000,0.9831369999999999
20,2000,2,2,35,0.0,0.495,1886,7.520313936526954,8.090995497748874,999,6.906368984621015,9.998138138138138,2000,0.9827639999999999
20,2000,2,2,36,0.0,0.49839999999999995,1886,7.520313936526954,8.090995497748874,1000,6.907755278982134,9.99951951951952,2000,0.9828245
20,2000,2,2,37,0.0,0.50285,1886,7.520313936526954,8.090995497748874,1000,6.907755278982134,9.997463463463463,2000,0.9831705
20,2000,2,2,38,0.0,0.501,1886,7.520313936526954,8.090995497748874,999,6.906368984621015,9.996536536536537,2000,0.9825955000000001
20,2000,2,2,39,0.0,0.49750000000000005,1886,7.520313936526954,8.090995497748874,999,6.906368984621015,9.994862862862863,2000,0.9826389999999999
20,2000,2,2,40,0.0,0.5009,1886,7.520313936526954,8.090995497748874,1000,6.907755278982134,10.000960960960962,2000,0.983352
20,2000,2,2,41,0.0,0.4983000000000001,1886,7.520313936526954,8.090995497748874,1000,6.907755278982134,10.002386386386386,2000,0.9830174999999999
20,2000,2,2,42,0.0,0.4973,1886,7.520313936526954,8.090995497748874,1000,6.907755278982134,10.002518518518519,2000,0.983293
20,2000,2,2,43,0.0,0.5002000000000001,1886,7.520313936526954,8.090995497748874,1000,6.907755278982134,9.99515915915916,2000,0.9837614999999998
20,2000,2,2,44,0.0,0.5074000000000001,1886,7.520313936526954,8.090995497748874,1000,6.907755278982134,9.99555955955956,2000,0.9835444999999999
20,2000,2,2,45,0.0,0.4994,1886,7.520313936526954,8.090995497748874,1000,6.907755278982134,9.999627627627628,2000,0.9831449999999999
20,2000,2,2,46,0.0,0.5002000000000001,1886,7.520313936526954,8.090995497748874,1000,6.907755278982134,10.002266266266266,2000,0.9833105000000001
20,2000,2,2,47,0.0,0.49870000000000003,1886,7.520313936526954,8.090995497748874,1000,6.907755278982134,10.002302302302303,2000,0.9833419999999999
20,2000,2,2,48,0.0,0.49915000000000004,1886,7.520313936526954,8.090995497748874,1000,6.907755278982134,10.000222222222222,2000,0.9828920000000001
20,2000,2,2,49,0.0,0.49745000000000006,1886,7.520313936526954,8.090995497748874,1000,6.907755278982134,9.999537537537538,2000,0.9827625
20,2000,2,2,50,0.0,0.50325,1886,7.520313936526954,8.090995497748874,1000,6.907755278982134,9.997443443443444,2000,0.9834045000000001
20,2000,2,2,51,0.0,0.5010000000000001,1886,7.520313936526954,8.090995497748874,1000,6.907755278982134,10.003191191191192,2000,0.9832669999999999
20,2000,2,2,52,0.0,0.49825,1886,7.520313936526954,8.090995497748874,1000,6.907755278982134,10.00067067067067,2000,0.9835005
20,2000,2,2,53,0.0,0.5,1886,7.520313936526954,8.090995497748874,1000,6.907755278982134,9.995691691691691,2000,0.9831449999999999
20,2000,2,2,54,0.0,0.4989,1886,7.520313936526954,8.090995497748874,1000,6.907755278982134,10.003567567567568,2000,0.9832525
20,2000,2,2,55,0.0,0.5008,1886,7.520313936526954,8.090995497748874,999,6.906368984621015,9.99481881881882,2000,0.9838525
20,2000,2,2,56,0.0,0.5006,1886,7.520313936526954,8.090995497748874,999,6.906368984621015,10.00295895895896,2000,0.983327
20,2000,2,2,57,0.0,0.5009,1886,7.520313936526954,8.090995497748874,1000,6.907755278982134,10.002262262262262,2000,0.9831389999999999
20,2000,2,2,58,0.0,0.50105,1886,7.520313936526954,8.090995497748874,1000,6.907755278982134,10.001763763763764,2000,0.9837039999999999
20,2000,2,2,59,0.0,0.49985,1886,7.520313936526954,8.090995497748874,1000,6.907755278982134,10.000474474474474,2000,0.9825989999999999
20,2000,2,2,60,0.0,0.49985,1886,7.520313936526954,8.090995497748874,1000,6.907755278982134,10.00212012012012,2000,0.9829049999999999
20,2000,2,2,61,0.0,0.5004500000000001,1886,7.520313936526954,8.090995497748874,1000,6.907755278982134,10.001875875875875,2000,0.982844
20,2000,2,2,62,0.0,0.499,1886,7.520313936526954,8.090995497748874,1000,6.907755278982134,9.998658658658659,2000,0.983234
20,2000,2,2,63,0.0,0.50165,1886,7.520313936526954,8.090995497748874,1000,6.907755278982134,10.00284884884885,2000,0.9835855
20,2000,2,2,64,0.0,0.49925,1886,7.520313936526954,8.090995497748874,1000,6.907755278982134,10.000282282282281,2000,0.9829804999999999
20,2000,2,2,65,0.0,0.49720000000000003,1886,7.520313936526954,8.090995497748874,999,6.906368984621015,10.000832832832833,2000,0.983185
20,2000,2,2,66,0.0,0.4985,1886,7.520313936526954,8.090995497748874,999,6.906368984621015,9.999183183183183,2000,0.9828720000000001
20,2000,2,2,67,0.0,0.5007,1886,7.520313936526954,8.090995497748874,1000,6.907755278982134,10.00052052052052,2000,0.9828545
20,2000,2,2,68,0.0,0.49765000000000004,1886,7.520313936526954,8.090995497748874,1000,6.907755278982134,10.00336936936937,2000,0.9827024999999999
20,2000,2,2,69,0.0,0.5024500000000001,1886,7.520313936526954,8.090995497748874,998,6.904982690259894,9.999129129129129,2000,0.98352
20,2000,2,2,70,0.0,0.5,1886,7.520313936526954,8.090995497748874,999,6.906368984621015,9.998474474474474,2000,0.982424
20,2000,2,2,71,0.0,0.49885,1886,7.520313936526954,8.090995497748874,1000,6.907755278982134,9.999965965965966,2000,0.9834085
20,2000,2,2,72,0.0,0.49635,1886,7.520313936526954,8.090995497748874,1000,6.907755278982134,10.000770770770771,2000,0.9833864999999999
20,2000,2,2,73,0.0,0.4988000000000001,1886,7.520313936526954,8.090995497748874,999,6.906368984621015,10.000892892892892,2000,0.9828735000000001
20,2000,2,2,74,0.0,0.5044000000000001,1886,7.520313936526954,8.090995497748874,1000,6.907755278982134,9.997601601601602,2000,0.9837315
20,2000,2,2,75,0.0,0.49625,1886,7.520313936526954,8.090995497748874,1000,6.907755278982134,9.996902902902903,2000,0.982679
20,2000,2,2,76,0.0,0.5018,1886,7.520313936526954,8.090995497748874,1000,6.907755278982134,10.00058058058058,2000,0.983394
20,2000,2,2,77,0.0,0.49935,1886,7.520313936526954,8.090995497748874,1000,6.907755278982134,10.0003983983984,2000,0.98254
20,2000,2,2,78,0.0,0.50095,1886,7.520313936526954,8.090995497748874,999,6.906368984621015,10.002388388388388,2000,0.9827905
20,2000,2,2,79,0.0,0.49970000000000003,1886,7.520313936526954,8.090995497748874,999,6.906368984621015,9.998582582582582,2000,0.9831605
20,2000,2,2,80,0.0,0.50015,1886,7.520313936526954,8.090995497748874,999,6.906368984621015,9.996038038038039,2000,0.983288
20,2000,2,2,81,0.0,0.49675,1886,7.520313936526954,8.090995497748874,1000,6.907755278982134,9.99838038038038,2000,0.982942
20,2000,2,2,82,0.0,0.5019,1886,7.520313936526954,8.090995497748874,999,6.906368984621015,10.001141141141142,2000,0.983443
20,2000,2,2,83,0.0,0.50185,1886,7.520313936526954,8.090995497748874,1000,6.907755278982134,9.993227227227226,2000,0.9832219999999999
20,2000,2,2,84,0.0,0.49855000000000005,1886,7.520313936526954,8.090995497748874,1000,6.907755278982134,10.002940940940942,2000,0.9825114999999999
20,2000,2,2,85,0.0,0.4995,1886,7.520313936526954,8.090995497748874,1000,6.907755278982134,9.999983983983984,2000,0.982146
20,2000,2,2,86,0.0,0.50115,1886,7.520313936526954,8.090995497748874,1000,6.907755278982134,9.997395395395396,2000,0.9835965
20,2000,2,2,87,0.0,0.4964,1886,7.520313936526954,8.090995497748874,1000,6.907755278982134,9.995427427427428,2000,0.983097
20,2000,2,2,88,0.0,0.4954,1886,7.520313936526954,8.090995497748874,1000,6.907755278982134,9.995363363363364,2000,0.9826024999999999
20,2000,2,2,89,0.0,0.50085,1886,7.520313936526954,8.090995497748874,1000,6.907755278982134,10.003813813813814,2000,0.983611
20,2000,2,2,90,0.0,0.4994,1886,7.520313936526954,8.090995497748874,1000,6.907755278982134,10.000924924924925,2000,0.9827529999999999
20,2000,2,2,91,0.0,0.49875,1886,7.520313936526954,8.090995497748874,999,6.906368984621015,9.996534534534534,2000,0.9829604999999999
20,2000,2,2,92,0.0,0.49855,1886,7.520313936526954,8.090995497748874,999,6.906368984621015,9.999481481481482,2000,0.983
20,2000,2,2,93,0.0,0.4985,1886,7.520313936526954,8.090995497748874,1000,6.907755278982134,10.001493493493493,2000,0.9829880000000001
20,2000,2,2,94,0.0,0.5033000000000001,1886,7.520313936526954,8.090995497748874,999,6.906368984621015,9.998994994994995,2000,0.983405
20,2000,2,2,95,0.0,0.5002,1886,7.520313936526954,8.090995497748874,999,6.906368984621015,9.999451451451451,2000,0.983684
20,2000,2,2,96,0.0,0.49695000000000006,1886,7.520313936526954,8.090995497748874,1000,6.907755278982134,9.999369369369369,2000,0.9830025
20,2000,2,2,97,0.0,0.49835,1886,7.520313936526954,8.090995497748874,999,6.906368984621015,10.002244244244244,2000,0.9828245
20,2000,2,2,98,0.0,0.49855000000000005,1886,7.520313936526954,8.090995497748874,1000,6.907755278982134,9.993755755755755,2000,0.9830474999999999
20,2000,2,2,99,0.0,0.50015,1886,7.520313936526954,8.090995497748874,1000,6.907755278982134,10.001227227227227,2000,0.9827635
20,2000,2,3,0,0.0,0.5007,1888,7.522746727175603,8.079298649324663,1000,6.907755278982134,10.003635635635636,2000,0.9835985
20,2000,2,3,1,0.0,0.49685,1888,7.522746727175603,8.079298649324663,1000,6.907755278982134,10.001487487487488,2000,0.9832775
20,2000,2,3,2,0.0,0.5032000000000001,1888,7.522746727175603,8.079298649324663,1000,6.907755278982134,9.995035035035036,2000,0.98381
20,2000,2,3,3,0.0,0.50225,1888,7.522746727175603,8.079298649324663,1000,6.907755278982134,9.997167167167166,2000,0.9839275
20,2000,2,3,4,0.0,0.5057999999999999,1888,7.522746727175603,8.079298649324663,1000,6.907755278982134,9.999763763763763,2000,0.9840519999999999
20,2000,2,3,5,0.0,0.5007,1888,7.522746727175603,8.079298649324663,999,6.906368984621015,9.999063063063064,2000,0.9831599999999999
20,2000,2,3,6,0.0,0.502,1888,7.522746727175603,8.079298649324663,1000,6.907755278982134,9.997089089089089,2000,0.983745
20,2000,2,3,7,0.0,0.5032000000000001,1888,7.522746727175603,8.079298649324663,999,6.906368984621015,10.000836836836838,2000,0.9834504999999999
20,2000,2,3,8,0.0,0.5007,1888,7.522746727175603,8.079298649324663,1000,6.907755278982134,10.00156956956957,2000,0.983585
20,2000,2,3,9,0.0,0.49885,1888,7.522746727175603,8.079298649324663,999,6.906368984621015,9.998136136136136,2000,0.983077
20,2000,2,3,10,0.0,0.49895000000000006,1888,7.522746727175603,8.079298649324663,1000,6.907755278982134,10.001611611611612,2000,0.9826995
20,2000,2,3,11,0.0,0.5018,1888,7.522746727175603,8.079298649324663,1000,6.907755278982134,9.998974974974974,2000,0.98322
20,2000,2,3,12,0.0,0.49839999999999995,1888,7.522746727175603,8.079298649324663,1000,6.907755278982134,10.003307307307308,2000,0.9833025
20,2000,2,3,13,0.0,0.49815,1888,7.522746727175603,8.079298649324663,1000,6.907755278982134,10.002612612612612,2000,0.9828060000000001
20,2000,2,3,14,0.0,0.49775,1888,7.522746727175603,8.079298649324663,999,6.906368984621015,9.999477477477477,2000,0.9829644999999999
20,2000,2,3,15,0.0,0.49670000000000003,1888,7.522746727175603,8.079298649324663,1000,6.907755278982134,10.003323323323324,2000,0.9824225
20,2000,2,3,16,0.0,0.5013500000000001,1888,7.522746727175603,8.079298649324663,999,6.906368984621015,10.002684684684684,2000,0.982957
20,2000,2,3,17,0.0,0.5004500000000001,1888,7.522746727175603,8.079298649324663,999,6.906368984621015,9.998184184184185,2000,0.9831914999999999
20,2000,2,3,18,0.0,0.49554999999999993,1888,7.522746727175603,8.079298649324663,1000,6.907755278982134,9.99998998998999,2000,0.9826589999999998
20,2000,2,3,19,0.0,0.5056499999999999,1888,7.522746727175603,8.079298649324663,1000,6.907755278982134,10.000766766766766,2000,0.9840355
20,2000,2,3,20,0.0,0.49460000000000004,1888,7.522746727175603,8.079298649324663,999,6.906368984621015,9.996136136136137,2000,0.98246
20,2000,2,3,21,0.0,0.49915,1888,7.522746727175603,8.079298649324663,1000,6.907755278982134,10.001131131131132,2000,0.9832494999999999
20,2000,2,3,22,0.0,0.49995000000000006,1888,7.522746727175603,8.079298649324663,999,6.906368984621015,9.997723723723723,2000,0.9833445
20,2000,2,3,23,0.0,0.50325,1888,7.522746727175603,8.079298649324663,1000,6.907755278982134,10.00057057057057,2000,0.983219
20,2000,2,3,24,0.0,0.50305,1888,7.522746727175603,8.079298649324663,1000,6.907755278982134,10.001643643643643,2000,0.9833025
20,2000,2,3,25,0.0,0.49429999999999996,1888,7.522746727175603,8.079298649324663,1000,6.907755278982134,10.002514514514514,2000,0.9824685
20,2000,2,3,26,0.0,0.50025,1888,7.522746727175603,8.079298649324663,1000,6.907755278982134,9.997115115115115,2000,0.9834955
20,2000,2,3,27,0.0,0.49554999999999993,1888,7.522746727175603,8.079298649324663,1000,6.907755278982134,10.00312912912913,2000,0.9827725
20,2000,2,3,28,0.0,0.5046999999999999,1888,7.522746727175603,8.079298649324663,1000,6.907755278982134,9.995907907907908,2000,0.983606
20,2000,2,3,29,0.0,0.49939999999999996,1888,7.522746727175603,8.079298649324663,999,6.906368984621015,10.002914914914914,2000,0.9829199999999999
20,2000,2,3,30,0.0,0.49825,1888,7.522746727175603,8.079298649324663,1000,6.907755278982134,10.003513513513514,2000,0.982975
20,2000,2,3,31,0.0,0.503,1888,7.522746727175603,8.079298649324663,1000,6.907755278982134,10.000476476476477,2000,0.9838254999999999
20,2000,2,3,32,0.0,0.5015,1888,7.522746727175603,8.079298649324663,999,6.906368984621015,10.003235235235236,2000,0.9838545
20,2000,2,3,33,0.0,0.50125,1888,7.522746727175603,8.079298649324663,1000,6.907755278982134,9.99570970970971,2000,0.983563
20,2000,2,3,34,0.0,0.5018,1888,7.522746727175603,8.079298649324663,1000,6.907755278982134,10.001893893893893,2000,0.9832015000000001
20,2000,2,3,35,0.0,0.5032,1888,7.522746727175603,8.079298649324663,1000,6.907755278982134,10.000632632632632,2000,0.9834475
20,2000,2,3,36,0.0,0.49820000000000003,1888,7.522746727175603,8.079298649324663,1000,6.907755278982134,10.001341341341341,2000,0.9832315
20,2000,2,3,37,0.0,0.502,1888,7.522746727175603,8.079298649324663,1000,6.907755278982134,10.004264264264265,2000,0.9840905
20,2000,2,3,38,0.0,0.49970000000000003,1888,7.522746727175603,8.079298649324663,1000,6.907755278982134,10.002242242242243,2000,0.9833339999999999
20,2000,2,3,39,0.0,0.49870000000000003,1888,7.522746727175603,8.079298649324663,1000,6.907755278982134,10.000184184184183,2000,0.983654
20,2000,2,3,40,0.0,0.50415,1888,7.522746727175603,8.079298649324663,1000,6.907755278982134,9.999225225225226,2000,0.9835055
20,2000,2,3,41,0.0,0.50075,1888,7.522746727175603,8.079298649324663,1000,6.907755278982134,9.999317317317317,2000,0.9835435
20,2000,2,3,42,0.0,0.49870000000000003,1888,7.522746727175603,8.079298649324663,999,6.906368984621015,10.002914914914914,2000,0.9833565
20,2000,2,3,43,0.0,0.50005,1888,7.522746727175603,8.079298649324663,1000,6.907755278982134,10.00437037037037,2000,0.983677
20,2000,2,3,44,0.0,0.5047999999999999,1888,7.522746727175603,8.079298649324663,1000,6.907755278982134,9.999487487487487,2000,0.9836739999999999
20,2000,2,3,45,0.0,0.49895000000000006,1888,7.522746727175603,8.079298649324663,999,6.906368984621015,10.001371371371372,2000,0.982742
20,2000,2,3,46,0.0,0.502,1888,7.522746727175603,8.079298649324663,1000,6.907755278982134,10.002238238238238,2000,0.9832989999999999
20,2000,2,3,47,0.0,0.50225,1888,7.522746727175603,8.079298649324663,1000,6.907755278982134,9.998128128128128,2000,0.9836055000000001
20,2000,2,3,48,0.0,0.5003,1888,7.522746727175603,8.079298649324663,1000,6.907755278982134,10.003415415415416,2000,0.983152
20,2000,2,3,49,0.0,0.5039,1888,7.522746727175603,8.079298649324663,1000,6.907755278982134,9.99801001001001,2000,0.9836050000000001
20,2000,2,3,50,0.0,0.49879999999999997,1888,7.522746727175603,8.079298649324663,999,6.906368984621015,10.001393393393393,2000,0.983022
20,2000,2,3,51,0.0,0.49735,1888,7.522746727175603,8.079298649324663,1000,6.907755278982134,10.000218218218219,2000,0.9826125
20,2000,2,3,52,0.0,0.50115,1888,7.522746727175603,8.079298649324663,1000,6.907755278982134,10.004178178178178,2000,0.9833115
20,2000,2,3,53,0.0,0.49915000000000004,1888,7.522746727175603,8.079298649324663,1000,6.907755278982134,10.00195995995996,2000,0.983089
20,2000,2,3,54,0.0,0.5057,1888,7.522746727175603,8.079298649324663,1000,6.907755278982134,10.002462462462463,2000,0.9839765
20,2000,2,3,55,0.0,0.5034500000000001,1888,7.522746727175603,8.079298649324663,1000,6.907755278982134,10.001811811811812,2000,0.9837385000000001
20,2000,2,3,56,0.0,0.49879999999999997,1888,7.522746727175603,8.079298649324663,999,6.906368984621015,9.998242242242242,2000,0.9833624999999999
20,2000,2,3,57,0.0,0.49835,1888,7.522746727175603,8.079298649324663,1000,6.907755278982134,9.999125125125126,2000,0.9821504999999999
20,2000,2,3,58,0.0,0.5036,1888,7.522746727175603,8.079298649324663,999,6.906368984621015,9.99887087087087,2000,0.9840595
20,2000,2,3,59,0.0,0.50175,1888,7.522746727175603,8.079298649324663,1000,6.907755278982134,10.003101101101102,2000,0.9834360000000001
20,2000,2,3,60,0.0,0.498,1888,7.522746727175603,8.079298649324663,1000,6.907755278982134,10.002106106106107,2000,0.9832730000000001
20,2000,2,3,61,0.0,0.5006499999999999,1888,7.522746727175603,8.079298649324663,999,6.906368984621015,10.003809809809809,2000,0.9831270000000001
20,2000,2,3,62,0.0,0.498,1888,7.522746727175603,8.079298649324663,1000,6.907755278982134,10.00132932932933,2000,0.983303
20,2000,2,3,63,0.0,0.50085,1888,7.522746727175603,8.079298649324663,1000,6.907755278982134,10.002444444444444,2000,0.9836904999999999
20,2000,2,3,64,0.0,0.49754999999999994,1888,7.522746727175603,8.079298649324663,1000,6.907755278982134,10.00109109109109,2000,0.9828535
20,2000,2,3,65,0.0,0.49560000000000004,1888,7.522746727175603,8.079298649324663,1000,6.907755278982134,10.001665665665666,2000,0.9827809999999999
20,2000,2,3,66,0.0,0.49965,1888,7.522746727175603,8.079298649324663,999,6.906368984621015,9.998068068068068,2000,0.9828495
20,2000,2,3,67,0.0,0.5023500000000001,1888,7.522746727175603,8.079298649324663,999,6.906368984621015,10.000642642642642,2000,0.9832375000000001
20,2000,2,3,68,0.0,0.5004,1888,7.522746727175603,8.079298649324663,1000,6.907755278982134,10.00289089089089,2000,0.9838914999999999
20,2000,2,3,69,0.0,0.5,1888,7.522746727175603,8.079298649324663,1000,6.907755278982134,10.004284284284283,2000,0.9831669999999999
20,2000,2,3,70,0.0,0.49965,1888,7.522746727175603,8.079298649324663,999,6.906368984621015,10.004926926926927,2000,0.9833635
20,2000,2,3,71,0.0,0.50315,1888,7.522746727175603,8.079298649324663,1000,6.907755278982134,10.002496496496496,2000,0.9835114999999999
20,2000,2,3,72,0.0,0.4975,1888,7.522746727175603,8.079298649324663,1000,6.907755278982134,9.991751751751751,2000,0.9829925
20,2000,2,3,73,0.0,0.5049,1888,7.522746727175603,8.079298649324663,999,6.906368984621015,10.000668668668668,2000,0.9840765
20,2000,2,3,74,0.0,0.50005,1888,7.522746727175603,8.079298649324663,1000,6.907755278982134,10.001927927927929,2000,0.9834939999999999
20,2000,2,3,75,0.0,0.5065,1888,7.522746727175603,8.079298649324663,1000,6.907755278982134,9.995915915915916,2000,0.984106
20,2000,2,3,76,0.0,0.50275,1888,7.522746727175603,8.079298649324663,1000,6.907755278982134,9.99908908908909,2000,0.984328
20,2000,2,3,77,0.0,0.50415,1888,7.522746727175603,8.079298649324663,1000,6.907755278982134,10.00131931931932,2000,0.9838144999999999
20,2000,2,3,78,0.0,0.50745,1888,7.522746727175603,8.079298649324663,999,6.906368984621015,9.999117117117118,2000,0.9844145000000001
20,2000,2,3,79,0.0,0.50205,1888,7.522746727175603,8.079298649324663,1000,6.907755278982134,10.000862862862864,2000,0.9834714999999999
20,2000,2,3,80,0.0,0.5023,1888,7.522746727175603,8.079298649324663,999,6.906368984621015,10.000356356356356,2000,0.984025
20,2000,2,3,81,0.0,0.49889999999999995,1888,7.522746727175603,8.079298649324663,999,6.906368984621015,10.00201001001001,2000,0.983251
20,2000,2,3,82,0.0,0.50025,1888,7.522746727175603,8.079298649324663,1000,6.907755278982134,9.999625625625626,2000,0.9834660000000001
20,2000,2,3,83,0.0,0.5032000000000001,1888,7.522746727175603,8.079298649324663,1000,6.907755278982134,10.004496496496497,2000,0.9840205
20,2000,2,3,84,0.0,0.5016,1888,7.522746727175603,8.079298649324663,999,6.906368984621015,10.004036036036036,2000,0.9831340000000001
20,2000,2,3,85,0.0,0.50215,1888,7.522746727175603,8.079298649324663,1000,6.907755278982134,9.999685685685685,2000,0.983705
20,2000,2,3,86,0.0,0.49889999999999995,1888,7.522746727175603,8.079298649324663,1000,6.907755278982134,10.00096896896897,2000,0.9827435
20,2000,2,3,87,0.0,0.49639999999999995,1888,7.522746727175603,8.079298649324663,999,6.906368984621015,9.995967967967967,2000,0.982183
20,2000,2,3,88,0.0,0.49260000000000004,1888,7.522746727175603,8.079298649324663,1000,6.907755278982134,9.995063063063062,2000,0.9821479999999999
20,2000,2,3,89,0.0,0.49555,1888,7.522746727175603,8.079298649324663,1000,6.907755278982134,10.0012992992993,2000,0.9825184999999999
20,2000,2,3,90,0.0,0.5021,1888,7.522746727175603,8.079298649324663,1000,6.907755278982134,10.001185185185186,2000,0.98293
20,2000,2,3,91,0.0,0.49915,1888,7.522746727175603,8.079298649324663,1000,6.907755278982134,10.002096096096096,2000,0.9823419999999998
20,2000,2,3,92,0.0,0.49765,1888,7.522746727175603,8.079298649324663,1000,6.907755278982134,9.997783783783785,2000,0.9825335
20,2000,2,3,93,0.0,0.50085,1888,7.522746727175603,8.079298649324663,1000,6.907755278982134,10.000402402402402,2000,0.9835825
20,2000,2,3,94,0.0,0.50105,1888,7.522746727175603,8.079298649324663,999,6.906368984621015,10.00095895895896,2000,0.9837104999999999
20,2000,2,3,95,0.0,0.5002000000000001,1888,7.522746727175603,8.079298649324663,998,6.904982690259894,9.997457457457458,2000,0.9835525
20,2000,2,3,96,0.0,0.5013500000000001,1888,7.522746727175603,8.079298649324663,1000,6.907755278982134,10.001187187187186,2000,0.9836174999999999
20,2000,2,3,97,0.0,0.5,1888,7.522746727175603,8.079298649324663,1000,6.907755278982134,9.99919119119119,2000,0.9827555
20,2000,2,3,98,0.0,0.5011,1888,7.522746727175603,8.079298649324663,1000,6.907755278982134,10.001673673673674,2000,0.9832975
20,2000,2,3,99,0.0,0.4988,1888,7.522746727175603,8.079298649324663,1000,6.907755278982134,9.998198198198198,2000,0.9833485000000001
20,2000,3,1,0,0.0,0.4999,1989,7.593277840555921,9.501394197098548,999,6.906368984621015,10.000032032032031,2000,0.789262
20,2000,3,1,1,0.0,0.50525,1989,7.593277840555921,9.501394197098548,999,6.906368984621015,10.003745745745746,2000,0.7894705
20,2000,3,1,2,0.0,0.5008,1989,7.593277840555921,9.501394197098548,999,6.906368984621015,10.003791791791793,2000,0.7879705000000001
20,2000,3,1,3,0.0,0.49795000000000006,1989,7.593277840555921,9.501394197098548,999,6.906368984621015,9.999997997997998,2000,0.7873285000000001
20,2000,3,1,4,0.0,0.5013000000000001,1989,7.593277840555921,9.501394197098548,998,6.904982690259894,10.002906906906906,2000,0.7881645
20,2000,3,1,5,0.0,0.49855000000000005,1989,7.593277840555921,9.501394197098548,999,6.906368984621015,10.002872872872873,2000,0.7876695
20,2000,3,1,6,0.0,0.49785,1989,7.593277840555921,9.501394197098548,999,6.906368984621015,10.002512512512512,2000,0.7883235
20,2000,3,1,7,0.0,0.4963,1989,7.593277840555921,9.501394197098548,998,6.904982690259894,10.005533533533534,2000,0.787548
20,2000,3,1,8,0.0,0.5003500000000001,1989,7.593277840555921,9.501394197098548,999,6.906368984621015,10.00350950950951,2000,0.7877850000000001
20,2000,3,1,9,0.0,0.5023500000000001,1989,7.593277840555921,9.501394197098548,999,6.906368984621015,10.004318318318319,2000,0.7903815
20,2000,3,1,10,0.0,0.5017,1989,7.593277840555921,9.501394197098548,999,6.906368984621015,10.00271071071071,2000,0.788129
20,2000,3,1,11,0.0,0.506,1989,7.593277840555921,9.501394197098548,999,6.906368984621015,10.004072072072072,2000,0.7899060000000002
20,2000,3,1,12,0.0,0.49970000000000003,1989,7.593277840555921,9.501394197098548,999,6.906368984621015,10.002002002002001,2000,0.7882355
20,2000,3,1,13,0.0,0.49925,1989,7.593277840555921,9.501394197098548,999,6.906368984621015,9.997595595595596,2000,0.7858295000000001
20,2000,3,1,14,0.0,0.5016,1989,7.593277840555921,9.501394197098548,999,6.906368984621015,10.004900900900902,2000,0.788324
20,2000,3,1,15,0.0,0.49960000000000004,1989,7.593277840555921,9.501394197098548,999,6.906368984621015,10.005425425425425,2000,0.7877815
20,2000,3,1,16,0.0,0.49835,1989,7.593277840555921,9.501394197098548,999,6.906368984621015,10.003001001001001,2000,0.7867139999999999
20,2000,3,1,17,0.0,0.5017,1989,7.593277840555921,9.501394197098548,999,6.906368984621015,10.001445445445446,2000,0.7890495
20,2000,3,1,18,0.0,0.49805,1989,7.593277840555921,9.501394197098548,998,6.904982690259894,10.003565565565566,2000,0.7872065
20,2000,3,1,19,0.0,0.5017,1989,7.593277840555921,9.501394197098548,999,6.906368984621015,10.001137137137137,2000,0.7894350000000001
20,2000,3,1,20,0.0,0.49875,1989,7.593277840555921,9.501394197098548,999,6.906368984621015,10.000678678678678,2000,0.7891370000000001
20,2000,3,1,21,0.0,0.49325,1989,7.593277840555921,9.501394197098548,998,6.904982690259894,9.996206206206207,2000,0.784251
20,2000,3,1,22,0.0,0.50485,1989,7.593277840555921,9.501394197098548,999,6.906368984621015,10.003117117117117,2000,0.7903990000000001
20,2000,3,1,23,0.0,0.49575,1989,7.593277840555921,9.501394197098548,998,6.904982690259894,10.000970970970972,2000,0.7856325000000001
20,2000,3,1,24,0.0,0.49825,1989,7.593277840555921,9.501394197098548,997,6.903596395898775,10.001407407407408,2000,0.7856475
20,2000,3,1,25,0.0,0.49285,1989,7.593277840555921,9.501394197098548,999,6.906368984621015,10.000138138138139,2000,0.7849875000000001
20,2000,3,1,26,0.0,0.49975,1989,7.593277840555921,9.501394197098548,999,6.906368984621015,10.003913913913914,2000,0.787812
20,2000,3,1,27,0.0,0.499,1989,7.593277840555921,9.501394197098548,999,6.906368984621015,10.000452452452452,2000,0.787883
20,2000,3,1,28,0.0,0.5026,1989,7.593277840555921,9.501394197098548,998,6.904982690259894,9.999415415415415,2000,0.7897805000000001
20,2000,3,1,29,0.0,0.49889999999999995,1989,7.593277840555921,9.501394197098548,997,6.903596395898775,10.005753753753753,2000,0.788184
20,2000,3,1,30,0.0,0.49960000000000004,1989,7.593277840555921,9.501394197098548,997,6.903596395898775,10.002174174174174,2000,0.7870339999999999
20,2000,3,1,31,0.0,0.5004500000000001,1989,7.593277840555921,9.501394197098548,999,6.906368984621015,10.003653653653654,2000,0.7883925
20,2000,3,1,32,0.0,0.49845000000000006,1989,7.593277840555921,9.501394197098548,998,6.904982690259894,10.00525125125125,2000,0.787434
20,2000,3,1,33,0.0,0.50285,1989,7.593277840555921,9.501394197098548,999,6.906368984621015,10.002224224224225,2000,0.789671
20,2000,3,1,34,0.0,0.49705000000000005,1989,7.593277840555921,9.501394197098548,999,6.906368984621015,10.001911911911911,2000,0.786366
20,2000,3,1,35,0.0,0.5002000000000001,1989,7.593277840555921,9.501394197098548,999,6.906368984621015,10.004148148148149,2000,0.7892480000000001
20,2000,3,1,36,0.0,0.49565,1989,7.593277840555921,9.501394197098548,998,6.904982690259894,10.003309309309309,2000,0.786826
20,2000,3,1,37,0.0,0.50005,1989,7.593277840555921,9.501394197098548,999,6.906368984621015,9.997615615615615,2000,0.788335
20,2000,3,1,38,0.0,0.49695000000000006,1989,7.593277840555921,9.501394197098548,999,6.906368984621015,10.000218218218219,2000,0.7873975000000001
20,2000,3,1,39,0.0,0.493,1989,7.593277840555921,9.501394197098548,999,6.906368984621015,10.00084084084084,2000,0.7851589999999999
20,2000,3,1,40,0.0,0.50115,1989,7.593277840555921,9.501394197098548,999,6.906368984621015,10.002504504504504,2000,0.789561
20,2000,3,1,41,0.0,0.49935,1989,7.593277840555921,9.501394197098548,999,6.906368984621015,10.003357357357357,2000,0.7873184999999999
20,2000,3,1,42,0.0,0.5003000000000001,1989,7.593277840555921,9.501394197098548,999,6.906368984621015,10.00556956956957,2000,0.789092
20,2000,3,1,43,0.0,0.49705000000000005,1989,7.593277840555921,9.501394197098548,997,6.903596395898775,10.006396396396397,2000,0.7873025
20,2000,3,1,44,0.0,0.496,1989,7.593277840555921,9.501394197098548,998,6.904982690259894,10.001817817817818,2000,0.7868695
20,2000,3,1,45,0.0,0.49720000000000003,1989,7.593277840555921,9.501394197098548,999,6.906368984621015,10.003703703703703,2000,0.7877885000000001
20,2000,3,1,46,0.0,0.5005,1989,7.593277840555921,9.501394197098548,998,6.904982690259894,10.003535535535535,2000,0.7885264999999999
20,2000,3,1,47,0.0,0.49610000000000004,1989,7.593277840555921,9.501394197098548,999,6.906368984621015,10.002162162162163,2000,0.7857710000000001
20,2000,3,1,48,0.0,0.50375,1989,7.593277840555921,9.501394197098548,999,6.906368984621015,10.004026026026025,2000,0.787943
20,2000,3,1,49,0.0,0.49935,1989,7.593277840555921,9.501394197098548,998,6.904982690259894,10.005283283283283,2000,0.7875730000000001
20,2000,3,1,50,0.0,0.49610000000000004,1989,7.593277840555921,9.501394197098548,999,6.906368984621015,10.005317317317317,2000,0.785431
20,2000,3,1,51,0.0,0.49770000000000003,1989,7.593277840555921,9.501394197098548,999,6.906368984621015,10.004648648648649,2000,0.787416
20,2000,3,1,52,0.0,0.49910000000000004,1989,7.593277840555921,9.501394197098548,999,6.906368984621015,10.00018018018018,2000,0.7880029999999999
20,2000,3,1,53,0.0,0.49795000000000006,1989,7.593277840555921,9.501394197098548,998,6.904982690259894,10.002152152152153,2000,0.7870695000000001
20,2000,3,1,54,0.0,0.50305,1989,7.593277840555921,9.501394197098548,999,6.906368984621015,10.004742742742742,2000,0.789871
20,2000,3,1,55,0.0,0.4988,1989,7.593277840555921,9.501394197098548,999,6.906368984621015,10.00393993993994,2000,0.7872725
20,2000,3,1,56,0.0,0.49670000000000003,1989,7.593277840555921,9.501394197098548,999,6.906368984621015,9.998746746746747,2000,0.7872745
20,2000,3,1,57,0.0,0.5018,1989,7.593277840555921,9.501394197098548,997,6.9035963958987745,10.001225225225225,2000,0.7904615000000002
20,2000,3,1,58,0.0,0.49589999999999995,1989,7.593277840555921,9.501394197098548,999,6.906368984621015,10.003827827827827,2000,0.786404
20,2000,3,1,59,0.0,0.49789999999999995,1989,7.593277840555921,9.501394197098548,998,6.904982690259894,9.998718718718719,2000,0.787726
20,2000,3,1,60,0.0,0.49570000000000003,1989,7.593277840555921,9.501394197098548,996,6.902210101537655,10.000884884884885,2000,0.7872965000000001
20,2000,3,1,61,0.0,0.5017,1989,7.593277840555921,9.501394197098548,998,6.904982690259894,10.002882882882883,2000,0.789376
20,2000,3,1,62,0.0,0.5014,1989,7.593277840555921,9.501394197098548,998,6.904982690259894,10.003023023023022,2000,0.7881625
20,2000,3,1,63,0.0,0.50215,1989,7.593277840555921,9.501394197098548,999,6.906368984621015,10.008022022022022,2000,0.788895
20,2000,3,1,64,0.0,0.506,1989,7.593277840555921,9.501394197098548,999,6.906368984621015,9.999487487487487,2000,0.7895930000000001
20,2000,3,1,65,0.0,0.49535,1989,7.593277840555921,9.501394197098548,998,6.904982690259894,10.00073073073073,2000,0.785877
20,2000,3,1,66,0.0,0.49960000000000004,1989,7.593277840555921,9.501394197098548,998,6.904982690259894,10.004820820820822,2000,0.7882720000000001
20,2000,3,1,67,0.0,0.50085,1989,7.593277840555921,9.501394197098548,997,6.903596395898775,10.005851851851851,2000,0.7882835
20,2000,3,1,68,0.0,0.49625,1989,7.593277840555921,9.501394197098548,999,6.906368984621015,10.005835835835835,2000,0.7860360000000001
20,2000,3,1,69,0.0,0.5003500000000001,1989,7.593277840555921,9.501394197098548,997,6.903596395898775,10.002344344344344,2000,0.7886645000000001
20,2000,3,1,70,0.0,0.5008,1989,7.593277840555921,9.501394197098548,998,6.904982690259894,9.999443443443443,2000,0.7891295
20,2000,3,1,71,0.0,0.501,1989,7.593277840555921,9.501394197098548,999,6.906368984621015,10.003643643643644,2000,0.7889355
20,2000,3,1,72,0.0,0.5017,1989,7.593277840555921,9.501394197098548,999,6.906368984621015,10.001941941941942,2000,0.7871945
20,2000,3,1,73,0.0,0.50305,1989,7.593277840555921,9.501394197098548,999,6.906368984621015,10.003457457457458,2000,0.789795
20,2000,3,1,74,0.0,0.5004500000000001,1989,7.593277840555921,9.501394197098548,999,6.906368984621015,10.001963963963965,2000,0.7876590000000001
20,2000,3,1,75,0.0,0.4975,1989,7.593277840555921,9.501394197098548,999,6.906368984621015,10.002346346346346,2000,0.7870014999999999
20,2000,3,1,76,0.0,0.50325,1989,7.593277840555921,9.501394197098548,999,6.906368984621015,10.002932932932932,2000,0.7891900000000001
20,2000,3,1,77,0.0,0.50285,1989,7.593277840555921,9.501394197098548,999,6.906368984621015,10.005131131131131,2000,0.78859
20,2000,3,1,78,0.0,0.50105,1989,7.593277840555921,9.501394197098548,998,6.904982690259894,10.00310910910911,2000,0.7877970000000001
20,2000,3,1,79,0.0,0.49815,1989,7.593277840555921,9.501394197098548,999,6.906368984621015,10.003765765765765,2000,0.7886145
20,2000,3,1,80,0.0,0.5023500000000001,1989,7.593277840555921,9.501394197098548,998,6.904982690259894,10.004102102102102,2000,0.7871395
20,2000,3,1,81,0.0,0.49975,1989,7.593277840555921,9.501394197098548,999,6.906368984621015,9.999741741741742,2000,0.7891410000000001
20,2000,3,1,82,0.0,0.5015,1989,7.593277840555921,9.501394197098548,999,6.906368984621015,10.003159159159159,2000,0.7877935
20,2000,3,1,83,0.0,0.4985,1989,7.593277840555921,9.501394197098548,998,6.904982690259894,9.998922922922922,2000,0.787355
20,2000,3,1,84,0.0,0.49820000000000003,1989,7.593277840555921,9.501394197098548,998,6.904982690259894,9.998990990990992,2000,0.7866145
20,2000,3,1,85,0.0,0.50415,1989,7.593277840555921,9.501394197098548,997,6.903596395898775,10.002260260260261,2000,0.7900925000000001
20,2000,3,1,86,0.0,0.49925,1989,7.593277840555921,9.501394197098548,999,6.906368984621015,10.003809809809809,2000,0.7865740000000001
20,2000,3,1,87,0.0,0.4991500000000001,1989,7.593277840555921,9.501394197098548,999,6.906368984621015,10.004038038038038,2000,0.7896025
20,2000,3,1,88,0.0,0.5001,1989,7.593277840555921,9.501394197098548,999,6.906368984621015,10.00028028028028,2000,0.7894970000000001
20,2000,3,1,89,0.0,0.501,1989,7.593277840555921,9.501394197098548,999,6.906368984621015,10.006478478478478,2000,0.7888165000000001
20,2000,3,1,90,0.0,0.49785,1989,7.593277840555921,9.501394197098548,999,6.906368984621015,9.999745745745745,2000,0.7861255
20,2000,3,1,91,0.0,0.5012000000000001,1989,7.593277840555921,9.501394197098548,999,6.906368984621015,10.005917917917918,2000,0.7892065
20,2000,3,1,92,0.0,0.50255,1989,7.593277840555921,9.501394197098548,999,6.906368984621015,10.006168168168168,2000,0.7899864999999999
20,2000,3,1,93,0.0,0.50685,1989,7.593277840555921,9.501394197098548,999,6.906368984621015,9.99816016016016,2000,0.7912045000000001
20,2000,3,1,94,0.0,0.49860000000000004,1989,7.593277840555921,9.501394197098548,999,6.906368984621015,10.001157157157158,2000,0.7875415
20,2000,3,1,95,0.0,0.49625,1989,7.593277840555921,9.501394197098548,998,6.904982690259894,10.001611611611612,2000,0.7869325000000001
20,2000,3,1,96,0.0,0.50225,1989,7.593277840555921,9.501394197098548,999,6.906368984621015,10.00352952952953,2000,0.7895610000000001
20,2000,3,1,97,0.0,0.5042000000000001,1989,7.593277840555921,9.501394197098548,999,6.906368984621015,10.003811811811811,2000,0.7903885
20,2000,3,1,98,0.0,0.49815,1989,7.593277840555921,9.501394197098548,999,6.906368984621015,10.0064004004004,2000,0.786318
20,2000,3,1,99,0.0,0.49989999999999996,1989,7.593277840555921,9.501394197098548,999,6.906368984621015,10.005593593593593,2000,0.7881500000000001
20,2000,3,2,0,0.0,0.50275,1994,7.596743576458721,9.481524262131066,1000,6.907755278982134,10.002612612612612,2000,0.7880969999999999
20,2000,3,2,1,0.0,0.5005,1994,7.596743576458721,9.481524262131066,1000,6.907755278982134,9.99975975975976,2000,0.7878105000000001
20,2000,3,2,2,0.0,0.503,1994,7.596743576458721,9.481524262131066,1000,6.907755278982134,10.001965965965965,2000,0.7886660000000001
20,2000,3,2,3,0.0,0.49939999999999996,1994,7.596743576458721,9.481524262131066,1000,6.907755278982134,10.001349349349349,2000,0.787873
20,2000,3,2,4,0.0,0.49885,1994,7.596743576458721,9.481524262131066,998,6.904982690259894,10.001303303303303,2000,0.7883389999999999
20,2000,3,2,5,0.0,0.5001,1994,7.596743576458721,9.481524262131066,1000,6.907755278982134,9.99097897897898,2000,0.7882509999999999
20,2000,3,2,6,0.0,0.5014500000000001,1994,7.596743576458721,9.481524262131066,1000,6.907755278982134,10.000814814814815,2000,0.788262
20,2000,3,2,7,0.0,0.4975,1994,7.596743576458721,9.481524262131066,1000,6.907755278982134,10.00249049049049,2000,0.785652
20,2000,3,2,8,0.0,0.49965,1994,7.596743576458721,9.481524262131066,999,6.906368984621015,9.999053053053053,2000,0.7865930000000001
20,2000,3,2,9,0.0,0.499,1994,7.596743576458721,9.481524262131066,998,6.904982690259894,10.002146146146146,2000,0.787639
20,2000,3,2,10,0.0,0.49995000000000006,1994,7.596743576458721,9.481524262131066,999,6.906368984621015,9.999773773773773,2000,0.7866960000000001
20,2000,3,2,11,0.0,0.5031,1994,7.596743576458721,9.481524262131066,1000,6.907755278982134,9.99523923923924,2000,0.789644
20,2000,3,2,12,0.0,0.49839999999999995,1994,7.596743576458721,9.481524262131066,999,6.906368984621015,10.002174174174174,2000,0.7860945
20,2000,3,2,13,0.0,0.49560000000000004,1994,7.596743576458721,9.481524262131066,1000,6.907755278982134,10.001249249249248,2000,0.7854165000000001
20,2000,3,2,14,0.0,0.49839999999999995,1994,7.596743576458721,9.481524262131066,1000,6.907755278982134,10.005245245245245,2000,0.7872695000000001
20,2000,3,2,15,0.0,0.4985,1994,7.596743576458721,9.481524262131066,1000,6.907755278982134,9.998766766766767,2000,0.7866034999999999
20,2000,3,2,16,0.0,0.4988,1994,7.596743576458721,9.481524262131066,1000,6.907755278982134,10.00237037037037,2000,0.787446
20,2000,3,2,17,0.0,0.5026499999999999,1994,7.596743576458721,9.481524262131066,1000,6.907755278982134,10.003105105105105,2000,0.7879200000000001
20,2000,3,2,18,0.0,0.49835,1994,7.596743576458721,9.481524262131066,999,6.906368984621015,10.003025025025025,2000,0.7868645000000002
20,2000,3,2,19,0.0,0.49415,1994,7.596743576458721,9.481524262131066,999,6.906368984621015,10.003617617617618,2000,0.7849360000000001
20,2000,3,2,20,0.0,0.495,1994,7.596743576458721,9.481524262131066,1000,6.907755278982134,9.99869069069069,2000,0.785001
20,2000,3,2,21,0.0,0.5023,1994,7.596743576458721,9.481524262131066,998,6.904982690259894,9.999967967967969,2000,0.7890205000000001
20,2000,3,2,22,0.0,0.49739999999999995,1994,7.596743576458721,9.481524262131066,999,6.906368984621015,10.000700700700701,2000,0.7873400000000002
20,2000,3,2,23,0.0,0.49535,1994,7.596743576458721,9.481524262131066,999,6.906368984621015,9.997203203203203,2000,0.78547
20,2000,3,2,24,0.0,0.49775,1994,7.596743576458721,9.481524262131066,1000,6.907755278982134,9.999977977977977,2000,0.7869090000000001
20,2000,3,2,25,0.0,0.49985,1994,7.596743576458721,9.481524262131066,1000,6.907755278982134,10.000378378378379,2000,0.787296
20,2000,3,2,26,0.0,0.5003500000000001,1994,7.596743576458721,9.481524262131066,1000,6.907755278982134,10.001987987987988,2000,0.7877810000000001
20,2000,3,2,27,0.0,0.502,1994,7.596743576458721,9.481524262131066,1000,6.907755278982134,9.994338338338338,2000,0.788146
20,2000,3,2,28,0.0,0.50085,1994,7.596743576458721,9.481524262131066,1000,6.907755278982134,9.99611011011011,2000,0.7873435000000001
20,2000,3,2,29,0.0,0.50055,1994,7.596743576458721,9.481524262131066,1000,6.907755278982134,9.999217217217216,2000,0.78799
20,2000,3,2,30,0.0,0.49510000000000004,1994,7.596743576458721,9.481524262131066,1000,6.907755278982134,9.99941941941942,2000,0.786752
20,2000,3,2,31,0.0,0.4995,1994,7.596743576458721,9.481524262131066,999,6.906368984621015,10.00221021021021,2000,0.7886475000000001
20,2000,3,2,32,0.0,0.49495000000000006,1994,7.596743576458721,9.481524262131066,1000,6.907755278982134,10.00103903903904,2000,0.7851330000000001
20,2000,3,2,33,0.0,0.49605000000000005,1994,7.596743576458721,9.481524262131066,1000,6.907755278982134,9.99761961961962,2000,0.7859935
20,2000,3,2,34,0.0,0.5012000000000001,1994,7.596743576458721,9.481524262131066,1000,6.907755278982134,10.00297097097097,2000,0.7889895000000001
20,2000,3,2,35,0.0,0.49645000000000006,1994,7.596743576458721,9.481524262131066,1000,6.907755278982134,10.002604604604604,2000,0.7864795000000001
20,2000,3,2,36,0.0,0.49839999999999995,1994,7.596743576458721,9.481524262131066,998,6.904982690259894,10.001341341341341,2000,0.7866885000000001
20,2000,3,2,37,0.0,0.50145,1994,7.596743576458721,9.481524262131066,1000,6.907755278982134,10.001047047047047,2000,0.788644
20,2000,3,2,38,0.0,0.49945000000000006,1994,7.596743576458721,9.481524262131066,999,6.906368984621015,9.99617017017017,2000,0.7869280000000001
20,2000,3,2,39,0.0,0.49810000000000004,1994,7.596743576458721,9.481524262131066,999,6.906368984621015,9.999163163163162,2000,0.7871485
20,2000,3,2,40,0.0,0.49775,1994,7.596743576458721,9.481524262131066,1000,6.907755278982134,10.003865865865865,2000,0.7863355000000001
20,2000,3,2,41,0.0,0.49339999999999995,1994,7.596743576458721,9.481524262131066,1000,6.907755278982134,9.99925925925926,2000,0.7838425
20,2000,3,2,42,0.0,0.49785,1994,7.596743576458721,9.481524262131066,1000,6.907755278982134,9.998980980980981,2000,0.7875019999999999
20,2000,3,2,43,0.0,0.49620000000000003,1994,7.596743576458721,9.481524262131066,1000,6.907755278982134,10.00281081081081,2000,0.78533
20,2000,3,2,44,0.0,0.4993,1994,7.596743576458721,9.481524262131066,999,6.906368984621015,10.001613613613614,2000,0.787519
20,2000,3,2,45,0.0,0.498,1994,7.596743576458721,9.481524262131066,1000,6.907755278982134,10.003491491491491,2000,0.7863135
20,2000,3,2,46,0.0,0.49729999999999996,1994,7.596743576458721,9.481524262131066,999,6.906368984621015,10.002766766766767,2000,0.7860265
20,2000,3,2,47,0.0,0.49585,1994,7.596743576458721,9.481524262131066,1000,6.907755278982134,9.9966986986987,2000,0.785995
20,2000,3,2,48,0.0,0.50055,1994,7.596743576458721,9.481524262131066,1000,6.907755278982134,9.999413413413414,2000,0.7874289999999999
20,2000,3,2,49,0.0,0.49475,1994,7.596743576458721,9.481524262131066,1000,6.907755278982134,10.001827827827828,2000,0.7853795
20,2000,3,2,50,0.0,0.49925,1994,7.596743576458721,9.481524262131066,999,6.906368984621015,10.002776776776777,2000,0.7883005
20,2000,3,2,51,0.0,0.49570000000000003,1994,7.596743576458721,9.481524262131066,1000,6.907755278982134,10.001041041041042,2000,0.7851015
20,2000,3,2,52,0.0,0.50125,1994,7.596743576458721,9.481524262131066,999,6.906368984621015,10.000082082082082,2000,0.7869790000000001
20,2000,3,2,53,0.0,0.49645000000000006,1994,7.596743576458721,9.481524262131066,999,6.906368984621015,10.001815815815815,2000,0.7869155000000001
20,2000,3,2,54,0.0,0.49420000000000003,1994,7.596743576458721,9.481524262131066,1000,6.907755278982134,10.002674674674674,2000,0.7849715000000002
20,2000,3,2,55,0.0,0.49735,1994,7.596743576458721,9.481524262131066,999,6.906368984621015,9.998472472472473,2000,0.786613
20,2000,3,2,56,0.0,0.49979999999999997,1994,7.596743576458721,9.481524262131066,1000,6.907755278982134,9.998718718718719,2000,0.786421
20,2000,3,2,57,0.0,0.5024,1994,7.596743576458721,9.481524262131066,1000,6.907755278982134,10.00114914914915,2000,0.7885075
20,2000,3,2,58,0.0,0.4945,1994,7.596743576458721,9.481524262131066,1000,6.907755278982134,9.997273273273274,2000,0.7872315000000001
20,2000,3,2,59,0.0,0.5025,1994,7.596743576458721,9.481524262131066,998,6.904982690259894,9.994966966966967,2000,0.7879729999999999
20,2000,3,2,60,0.0,0.50415,1994,7.596743576458721,9.481524262131066,1000,6.907755278982134,10.000358358358358,2000,0.7883580000000001
20,2000,3,2,61,0.0,0.49935,1994,7.596743576458721,9.481524262131066,1000,6.907755278982134,9.994608608608608,2000,0.786819
20,2000,3,2,62,0.0,0.5009,1994,7.596743576458721,9.481524262131066,1000,6.907755278982134,10.003743743743744,2000,0.7885935
20,2000,3,2,63,0.0,0.49560000000000004,1994,7.596743576458721,9.481524262131066,1000,6.907755278982134,10.0031991991992,2000,0.7854655
20,2000,3,2,64,0.0,0.5003500000000001,1994,7.596743576458721,9.481524262131066,1000,6.907755278982134,9.998348348348348,2000,0.787716
20,2000,3,2,65,0.0,0.5001,1994,7.596743576458721,9.481524262131066,1000,6.907755278982134,9.999887887887889,2000,0.7878415
20,2000,3,2,66,0.0,0.5033500000000001,1994,7.596743576458721,9.481524262131066,1000,6.907755278982134,9.997783783783785,2000,0.7876635
20,2000,3,2,67,0.0,0.4973,1994,7.596743576458721,9.481524262131066,1000,6.907755278982134,10.001169169169168,2000,0.7873880000000001
20,2000,3,2,68,0.0,0.49685,1994,7.596743576458721,9.481524262131066,1000,6.907755278982134,10.000794794794794,2000,0.7866965
20,2000,3,2,69,0.0,0.49670000000000003,1994,7.596743576458721,9.481524262131066,1000,6.907755278982134,10.000564564564565,2000,0.7855260000000001
20,2000,3,2,70,0.0,0.5003,1994,7.596743576458721,9.481524262131066,1000,6.907755278982134,10.001073073073073,2000,0.7866065000000001
20,2000,3,2,71,0.0,0.5004500000000001,1994,7.596743576458721,9.481524262131066,1000,6.907755278982134,9.99878078078078,2000,0.7893225
20,2000,3,2,72,0.0,0.5006499999999999,1994,7.596743576458721,9.481524262131066,1000,6.907755278982134,10.00336936936937,2000,0.7884305
20,2000,3,2,73,0.0,0.49229999999999996,1994,7.596743576458721,9.481524262131066,1000,6.907755278982134,9.994526526526526,2000,0.783018
20,2000,3,2,74,0.0,0.5029,1994,7.596743576458721,9.481524262131066,1000,6.907755278982134,10.000784784784784,2000,0.787776
20,2000,3,2,75,0.0,0.5037999999999999,1994,7.596743576458721,9.481524262131066,999,6.906368984621015,10.005053053053054,2000,0.789057
20,2000,3,2,76,0.0,0.49560000000000004,1994,7.596743576458721,9.481524262131066,998,6.904982690259894,10.000608608608609,2000,0.7854705
20,2000,3,2,77,0.0,0.4982,1994,7.596743576458721,9.481524262131066,999,6.906368984621015,9.995227227227227,2000,0.7866455000000001
20,2000,3,2,78,0.0,0.49865,1994,7.596743576458721,9.481524262131066,1000,6.907755278982134,10.002444444444444,2000,0.7879115
20,2000,3,2,79,0.0,0.49655,1994,7.596743576458721,9.481524262131066,999,6.906368984621015,10.00017017017017,2000,0.7870064999999999
20,2000,3,2,80,0.0,0.49929999999999997,1994,7.596743576458721,9.481524262131066,1000,6.907755278982134,10.002842842842842,2000,0.7873215
20,2000,3,2,81,0.0,0.4965,1994,7.596743576458721,9.481524262131066,999,6.906368984621015,9.99933933933934,2000,0.7855085
20,2000,3,2,82,0.0,0.49970000000000003,1994,7.596743576458721,9.481524262131066,1000,6.907755278982134,10.000056056056057,2000,0.7863210000000002
20,2000,3,2,83,0.0,0.5004500000000001,1994,7.596743576458721,9.481524262131066,999,6.906368984621015,9.998800800800801,2000,0.7871885
20,2000,3,2,84,0.0,0.4975,1994,7.596743576458721,9.481524262131066,1000,6.907755278982134,9.999771771771771,2000,0.7864065
20,2000,3,2,85,0.0,0.49760000000000004,1994,7.596743576458721,9.481524262131066,1000,6.907755278982134,10.00295095095095,2000,0.7875979999999999
20,2000,3,2,86,0.0,0.5013500000000001,1994,7.596743576458721,9.481524262131066,1000,6.907755278982134,9.995785785785786,2000,0.7896010000000001
20,2000,3,2,87,0.0,0.49995000000000006,1994,7.596743576458721,9.481524262131066,1000,6.907755278982134,10.001531531531532,2000,0.7876065
20,2000,3,2,88,0.0,0.49570000000000003,1994,7.596743576458721,9.481524262131066,1000,6.907755278982134,10.001913913913913,2000,0.7852660000000001
20,2000,3,2,89,0.0,0.49965,1994,7.596743576458721,9.481524262131066,1000,6.907755278982134,10.00023023023023,2000,0.7883855000000001
20,2000,3,2,90,0.0,0.50145,1994,7.596743576458721,9.481524262131066,1000,6.907755278982134,9.99574974974975,2000,0.7882574999999999
20,2000,3,2,91,0.0,0.49785,1994,7.596743576458721,9.481524262131066,1000,6.907755278982134,10.001099099099099,2000,0.786594
20,2000,3,2,92,0.0,0.49875,1994,7.596743576458721,9.481524262131066,999,6.906368984621015,10.003257257257257,2000,0.787412
20,2000,3,2,93,0.0,0.4983000000000001,1994,7.596743576458721,9.481524262131066,1000,6.907755278982134,10.002022022022022,2000,0.7880965
20,2000,3,2,94,0.0,0.50005,1994,7.596743576458721,9.481524262131066,1000,6.907755278982134,9.998448448448448,2000,0.7880860000000001
20,2000,3,2,95,0.0,0.50085,1994,7.596743576458721,9.481524262131066,1000,6.907755278982134,10.002088088088088,2000,0.787087
20,2000,3,2,96,0.0,0.5011,1994,7.596743576458721,9.481524262131066,1000,6.907755278982134,9.999331331331332,2000,0.787975
20,2000,3,2,97,0.0,0.49970000000000003,1994,7.596743576458721,9.481524262131066,999,6.906368984621015,10.002238238238238,2000,0.7878705
20,2000,3,2,98,0.0,0.49795000000000006,1994,7.596743576458721,9.481524262131066,999,6.906368984621015,10.004214214214214,2000,0.786145
20,2000,3,2,99,0.0,0.50285,1994,7.596743576458721,9.481524262131066,1000,6.907755278982134,10.00286086086086,2000,0.7901085000000001
20,2000,3,3,0,0.0,0.50025,1984,7.589812104653122,9.463934467233617,1000,6.907755278982134,10.004662662662662,2000,0.7880730000000001
20,2000,3,3,1,0.0,0.49595000000000006,1984,7.589812104653122,9.463934467233617,1000,6.907755278982134,10.000098098098098,2000,0.7872025000000001
20,2000,3,3,2,0.0,0.49570000000000003,1984,7.589812104653122,9.463934467233617,997,6.903596395898775,10.000484484484485,2000,0.787354
20,2000,3,3,3,0.0,0.5022000000000001,1984,7.589812104653122,9.463934467233617,1000,6.907755278982134,10.004348348348348,2000,0.7891555000000001
20,2000,3,3,4,0.0,0.49860000000000004,1984,7.589812104653122,9.463934467233617,1000,6.907755278982134,10.004716716716716,2000,0.788285
20,2000,3,3,5,0.0,0.5002,1984,7.589812104653122,9.463934467233617,999,6.906368984621015,10.000496496496497,2000,0.78699
20,2000,3,3,6,0.0,0.5003,1984,7.589812104653122,9.463934467233617,1000,6.907755278982134,10.001517517517518,2000,0.7887055000000001
20,2000,3,3,7,0.0,0.50295,1984,7.589812104653122,9.463934467233617,1000,6.907755278982134,10.000322322322322,2000,0.7893625000000001
20,2000,3,3,8,0.0,0.50405,1984,7.589812104653122,9.463934467233617,1000,6.907755278982134,10.000618618618619,2000,0.7910545
20,2000,3,3,9,0.0,0.49804999999999994,1984,7.589812104653122,9.463934467233617,1000,6.907755278982134,10.000146146146147,2000,0.7882450000000001
20,2000,3,3,10,0.0,0.49915,1984,7.589812104653122,9.463934467233617,1000,6.907755278982134,10.003813813813814,2000,0.788104
20,2000,3,3,11,0.0,0.49854999999999994,1984,7.589812104653122,9.463934467233617,999,6.906368984621015,10.002116116116117,2000,0.7869760000000001
20,2000,3,3,12,0.0,0.49660000000000004,1984,7.589812104653122,9.463934467233617,999,6.906368984621015,10.004364364364365,2000,0.7864375
20,2000,3,3,13,0.0,0.5007,1984,7.589812104653122,9.463934467233617,1000,6.907755278982134,10.003915915915917,2000,0.78808
20,2000,3,3,14,0.0,0.49989999999999996,1984,7.589812104653122,9.463934467233617,1000,6.907755278982134,10.004736736736737,2000,0.7880360000000001
20,2000,3,3,15,0.0,0.50215,1984,7.589812104653122,9.463934467233617,999,6.906368984621015,10.003721721721721,2000,0.7895355
20,2000,3,3,16,0.0,0.5045,1984,7.589812104653122,9.463934467233617,999,6.906368984621015,10.001005005005005,2000,0.790197
20,2000,3,3,17,0.0,0.49854999999999994,1984,7.589812104653122,9.463934467233617,1000,6.907755278982134,10.002744744744744,2000,0.7875325000000001
20,2000,3,3,18,0.0,0.5014500000000001,1984,7.589812104653122,9.463934467233617,1000,6.907755278982134,10.002512512512512,2000,0.7889515
20,2000,3,3,19,0.0,0.5022000000000001,1984,7.589812104653122,9.463934467233617,1000,6.907755278982134,10.005085085085085,2000,0.788404
20,2000,3,3,20,0.0,0.49739999999999995,1984,7.589812104653122,9.463934467233617,1000,6.907755278982134,10.002306306306306,2000,0.7854194999999999
20,2000,3,3,21,0.0,0.495,1984,7.589812104653122,9.463934467233617,1000,6.907755278982134,10.004016016016015,2000,0.7857795
20,2000,3,3,22,0.0,0.49885,1984,7.589812104653122,9.463934467233617,1000,6.907755278982134,9.999305305305306,2000,0.787063
20,2000,3,3,23,0.0,0.49860000000000004,1984,7.589812104653122,9.463934467233617,999,6.906368984621015,10.001653653653653,2000,0.7878605
20,2000,3,3,24,0.0,0.50015,1984,7.589812104653122,9.463934467233617,999,6.906368984621015,10.002104104104104,2000,0.787665
20,2000,3,3,25,0.0,0.50625,1984,7.589812104653122,9.463934467233617,1000,6.907755278982134,10.004146146146146,2000,0.7904505000000001
20,2000,3,3,26,0.0,0.498,1984,7.589812104653122,9.463934467233617,999,6.906368984621015,10.004904904904905,2000,0.786996
20,2000,3,3,27,0.0,0.49929999999999997,1984,7.589812104653122,9.463934467233617,1000,6.907755278982134,10.002398398398398,2000,0.788146
20,2000,3,3,28,0.0,0.49915,1984,7.589812104653122,9.463934467233617,1000,6.907755278982134,9.999813813813814,2000,0.7892735
20,2000,3,3,29,0.0,0.502,1984,7.589812104653122,9.463934467233617,1000,6.907755278982134,10.000824824824825,2000,0.7897390000000001
20,2000,3,3,30,0.0,0.503,1984,7.589812104653122,9.463934467233617,1000,6.907755278982134,10.002082082082081,2000,0.7897560000000001
20,2000,3,3,31,0.0,0.49775,1984,7.589812104653122,9.463934467233617,1000,6.907755278982134,10.002180180180181,2000,0.788394
20,2000,3,3,32,0.0,0.5013,1984,7.589812104653122,9.463934467233617,999,6.906368984621015,10.006018018018018,2000,0.788125
20,2000,3,3,33,0.0,0.49810000000000004,1984,7.589812104653122,9.463934467233617,1000,6.907755278982134,10.001925925925926,2000,0.7877875000000001
20,2000,3,3,34,0.0,0.49660000000000004,1984,7.589812104653122,9.463934467233617,1000,6.907755278982134,10.005513513513513,2000,0.7863935
20,2000,3,3,35,0.0,0.5024,1984,7.589812104653122,9.463934467233617,999,6.906368984621015,10.004476476476476,2000,0.7888605
20,2000,3,3,36,0.0,0.5031,1984,7.589812104653122,9.463934467233617,998,6.904982690259894,10.005297297297297,2000,0.7895795000000001
20,2000,3,3,37,0.0,0.5033500000000001,1984,7.589812104653122,9.463934467233617,1000,6.907755278982134,10.001895895895895,2000,0.78959
20,2000,3,3,38,0.0,0.5025,1984,7.589812104653122,9.463934467233617,1000,6.907755278982134,10.001965965965965,2000,0.7897115
20,2000,3,3,39,0.0,0.49829999999999997,1984,7.589812104653122,9.463934467233617,999,6.906368984621015,10.004132132132131,2000,0.7875610000000001
20,2000,3,3,40,0.0,0.49654999999999994,1984,7.589812104653122,9.463934467233617,1000,6.907755278982134,10.003285285285285,2000,0.784845
20,2000,3,3,41,0.0,0.49825,1984,7.589812104653122,9.463934467233617,999,6.906368984621015,10.003073073073073,2000,0.786836
20,2000,3,3,42,0.0,0.5027,1984,7.589812104653122,9.463934467233617,1000,6.907755278982134,9.998346346346347,2000,0.790309
20,2000,3,3,43,0.0,0.49925,1984,7.589812104653122,9.463934467233617,1000,6.907755278982134,9.999197197197198,2000,0.7869680000000001
20,2000,3,3,44,0.0,0.50405,1984,7.589812104653122,9.463934467233617,1000,6.907755278982134,10.002616616616617,2000,0.789169
20,2000,3,3,45,0.0,0.5013500000000001,1984,7.589812104653122,9.463934467233617,999,6.906368984621015,10.001503503503503,2000,0.7891615
20,2000,3,3,46,0.0,0.50005,1984,7.589812104653122,9.463934467233617,999,6.906368984621015,10.0053993993994,2000,0.7880900000000001
20,2000,3,3,47,0.0,0.50015,1984,7.589812104653122,9.463934467233617,999,6.906368984621015,10.0033013013013,2000,0.7871624999999999
20,2000,3,3,48,0.0,0.49804999999999994,1984,7.589812104653122,9.463934467233617,1000,6.907755278982134,9.998436436436437,2000,0.7877149999999999
20,2000,3,3,49,0.0,0.49805,1984,7.589812104653122,9.463934467233617,1000,6.907755278982134,10.003921921921922,2000,0.7868835000000001
20,2000,3,3,50,0.0,0.4998,1984,7.589812104653122,9.463934467233617,1000,6.907755278982134,10.004704704704706,2000,0.7876700000000001
20,2000,3,3,51,0.0,0.49995000000000006,1984,7.589812104653122,9.463934467233617,999,6.906368984621015,9.999721721721722,2000,0.7885095000000001
20,2000,3,3,52,0.0,0.50015,1984,7.589812104653122,9.463934467233617,1000,6.907755278982134,10.000534534534534,2000,0.7875735
20,2000,3,3,53,0.0,0.5017,1984,7.589812104653122,9.463934467233617,1000,6.907755278982134,9.995403403403403,2000,0.7887205
20,2000,3,3,54,0.0,0.5003500000000001,1984,7.589812104653122,9.463934467233617,1000,6.907755278982134,10.002076076076076,2000,0.7879635
20,2000,3,3,55,0.0,0.5016499999999999,1984,7.589812104653122,9.463934467233617,999,6.906368984621015,9.99968968968969,2000,0.7896715000000001
20,2000,3,3,56,0.0,0.49575,1984,7.589812104653122,9.463934467233617,1000,6.907755278982134,10.002056056056055,2000,0.7861985
20,2000,3,3,57,0.0,0.5006499999999999,1984,7.589812104653122,9.463934467233617,1000,6.907755278982134,9.993047047047048,2000,0.7870105000000001
20,2000,3,3,58,0.0,0.5017999999999999,1984,7.589812104653122,9.463934467233617,1000,6.907755278982134,10.004476476476476,2000,0.789732
20,2000,3,3,59,0.0,0.49775,1984,7.589812104653122,9.463934467233617,997,6.903596395898775,10.000866866866867,2000,0.786685
20,2000,3,3,60,0.0,0.5035499999999999,1984,7.589812104653122,9.463934467233617,999,6.906368984621015,10.002148148148148,2000,0.789124
20,2000,3,3,61,0.0,0.50075,1984,7.589812104653122,9.463934467233617,1000,6.907755278982134,10.002084084084084,2000,0.7882635
20,2000,3,3,62,0.0,0.5008,1984,7.589812104653122,9.463934467233617,1000,6.907755278982134,9.999807807807807,2000,0.7886875
20,2000,3,3,63,0.0,0.49804999999999994,1984,7.589812104653122,9.463934467233617,1000,6.907755278982134,10.001167167167168,2000,0.7881255
20,2000,3,3,64,0.0,0.5022,1984,7.589812104653122,9.463934467233617,1000,6.907755278982134,10.005221221221221,2000,0.789506
20,2000,3,3,65,0.0,0.49735,1984,7.589812104653122,9.463934467233617,1000,6.907755278982134,9.99974974974975,2000,0.78727
20,2000,3,3,66,0.0,0.5006499999999999,1984,7.589812104653122,9.463934467233617,999,6.906368984621015,10.001203203203204,2000,0.78937
20,2000,3,3,67,0.0,0.5014,1984,7.589812104653122,9.463934467233617,1000,6.907755278982134,9.996364364364364,2000,0.789885
20,2000,3,3,68,0.0,0.50195,1984,7.589812104653122,9.463934467233617,998,6.904982690259894,10.00533933933934,2000,0.788611
20,2000,3,3,69,0.0,0.5006999999999999,1984,7.589812104653122,9.463934467233617,1000,6.907755278982134,10.000344344344345,2000,0.7893775000000001
20,2000,3,3,70,0.0,0.5023500000000001,1984,7.589812104653122,9.463934467233617,1000,6.907755278982134,10.003049049049048,2000,0.788788
20,2000,3,3,71,0.0,0.4994,1984,7.589812104653122,9.463934467233617,999,6.906368984621015,10.003207207207208,2000,0.787736
20,2000,3,3,72,0.0,0.4995,1984,7.589812104653122,9.463934467233617,1000,6.907755278982134,10.00201001001001,2000,0.7878290000000001
20,2000,3,3,73,0.0,0.498,1984,7.589812104653122,9.463934467233617,1000,6.907755278982134,10.003319319319319,2000,0.7871045
20,2000,3,3,74,0.0,0.4988000000000001,1984,7.589812104653122,9.463934467233617,1000,6.907755278982134,10.000472472472472,2000,0.787614
20,2000,3,3,75,0.0,0.4995,1984,7.589812104653122,9.463934467233617,1000,6.907755278982134,10.000736736736737,2000,0.7888245
20,2000,3,3,76,0.0,0.49915,1984,7.589812104653122,9.463934467233617,999,6.906368984621015,10.001991991991993,2000,0.7885990000000002
20,2000,3,3,77,0.0,0.49920000000000003,1984,7.589812104653122,9.463934467233617,999,6.906368984621015,10.00213013013013,2000,0.7875059999999999
20,2000,3,3,78,0.0,0.49604999999999994,1984,7.589812104653122,9.463934467233617,1000,6.907755278982134,10.002828828828829,2000,0.7863455
20,2000,3,3,79,0.0,0.4993,1984,7.589812104653122,9.463934467233617,1000,6.907755278982134,10.003283283283283,2000,0.7872245
20,2000,3,3,80,0.0,0.5004,1984,7.589812104653122,9.463934467233617,1000,6.907755278982134,10.002910910910911,2000,0.788035
20,2000,3,3,81,0.0,0.49935,1984,7.589812104653122,9.463934467233617,1000,6.907755278982134,10.004514514514515,2000,0.788738
20,2000,3,3,82,0.0,0.5007999999999999,1984,7.589812104653122,9.463934467233617,1000,6.907755278982134,10.003635635635636,2000,0.789329
20,2000,3,3,83,0.0,0.49710000000000004,1984,7.589812104653122,9.463934467233617,1000,6.907755278982134,10.000436436436436,2000,0.7868035
20,2000,3,3,84,0.0,0.49895,1984,7.589812104653122,9.463934467233617,999,6.906368984621015,9.99775975975976,2000,0.7881325
20,2000,3,3,85,0.0,0.5016499999999999,1984,7.589812104653122,9.463934467233617,1000,6.907755278982134,10.002628628628628,2000,0.7894070000000001
20,2000,3,3,86,0.0,0.5003,1984,7.589812104653122,9.463934467233617,1000,6.907755278982134,10.00343943943944,2000,0.7872165
20,2000,3,3,87,0.0,0.5046499999999999,1984,7.589812104653122,9.463934467233617,1000,6.907755278982134,10.003625625625626,2000,0.790942
20,2000,3,3,88,0.0,0.4997,1984,7.589812104653122,9.463934467233617,1000,6.907755278982134,10.002706706706707,2000,0.7879775
20,2000,3,3,89,0.0,0.49775,1984,7.589812104653122,9.463934467233617,1000,6.907755278982134,9.999541541541541,2000,0.7865350000000001
20,2000,3,3,90,0.0,0.50295,1984,7.589812104653122,9.463934467233617,999,6.906368984621015,10.004342342342342,2000,0.789643
20,2000,3,3,91,0.0,0.5013,1984,7.589812104653122,9.463934467233617,999,6.906368984621015,10.001777777777777,2000,0.7872709999999999
20,2000,3,3,92,0.0,0.5024,1984,7.589812104653122,9.463934467233617,1000,6.907755278982134,10.001637637637637,2000,0.7898769999999999
20,2000,3,3,93,0.0,0.49810000000000004,1984,7.589812104653122,9.463934467233617,1000,6.907755278982134,9.997045045045045,2000,0.788953
20,2000,3,3,94,0.0,0.49910000000000004,1984,7.589812104653122,9.463934467233617,1000,6.907755278982134,9.999703703703704,2000,0.7877575
20,2000,3,3,95,0.0,0.50345,1984,7.589812104653122,9.463934467233617,999,6.906368984621015,10.003793793793793,2000,0.7896025000000001
20,2000,3,3,96,0.0,0.49945000000000006,1984,7.589812104653122,9.463934467233617,1000,6.907755278982134,9.999881881881882,2000,0.7889305000000001
20,2000,3,3,97,0.0,0.49854999999999994,1984,7.589812104653122,9.463934467233617,1000,6.907755278982134,10.003821821821822,2000,0.7881610000000001
20,2000,3,3,98,0.0,0.5004500000000001,1984,7.589812104653122,9.463934467233617,998,6.904982690259895,9.998292292292293,2000,0.788294
20,2000,3,3,99,0.0,0.5003500000000001,1984,7.589812104653122,9.463934467233617,1000,6.907755278982134,10.002748748748749,2000,0.7884825000000001
20,2000,8,1,0,0.0,0.49875,1997,7.598823018000401,9.99820460230115,1000,6.907755278982134,10.0044984984985,2000,0.027350500000000003
20,2000,8,1,1,0.0,0.5015,1997,7.598823018000401,9.99820460230115,999,6.906368984621015,10.004560560560561,2000,0.027414000000000008
20,2000,8,1,2,0.0,0.5038,1997,7.598823018000401,9.99820460230115,1000,6.907755278982134,9.99987987987988,2000,0.027167500000000008
20,2000,8,1,3,0.0,0.5007,1997,7.598823018000401,9.99820460230115,1000,6.907755278982134,10.00034034034034,2000,0.02725550000000001
20,2000,8,1,4,0.0,0.49925,1997,7.598823018000401,9.99820460230115,1000,6.907755278982134,9.999005005005005,2000,0.027130000000000005
20,2000,8,1,5,0.0,0.50025,1997,7.598823018000401,9.99820460230115,1000,6.907755278982134,10.004486486486487,2000,0.027438500000000005
20,2000,8,1,6,0.0,0.499,1997,7.598823018000401,9.99820460230115,1000,6.907755278982134,9.994550550550551,2000,0.027208500000000007
20,2000,8,1,7,0.0,0.5015,1997,7.598823018000401,9.99820460230115,1000,6.907755278982134,10.004168168168167,2000,0.02725150000000001
20,2000,8,1,8,0.0,0.5014,1997,7.598823018000401,9.99820460230115,1000,6.907755278982134,10.004576576576577,2000,0.027289500000000008
20,2000,8,1,9,0.0,0.5003,1997,7.598823018000401,9.99820460230115,1000,6.907755278982134,10.002098098098099,2000,0.027288500000000007
20,2000,8,1,10,0.0,0.4957,1997,7.598823018000401,9.99820460230115,1000,6.907755278982134,9.999647647647647,2000,0.027378000000000006
20,2000,8,1,11,0.0,0.5047,1997,7.598823018000401,9.99820460230115,999,6.906368984621015,10.002514514514514,2000,0.027348000000000008
20,2000,8,1,12,0.0,0.50115,1997,7.598823018000401,9.99820460230115,999,6.906368984621015,10.003421421421422,2000,0.027434000000000007
20,2000,8,1,13,0.0,0.505,1997,7.598823018000401,9.99820460230115,1000,6.907755278982134,9.996856856856857,2000,0.027363000000000005
20,2000,8,1,14,0.0,0.50405,1997,7.598823018000401,9.99820460230115,1000,6.907755278982134,10.001203203203204,2000,0.027451500000000007
20,2000,8,1,15,0.0,0.4955,1997,7.598823018000401,9.99820460230115,999,6.906368984621015,9.995375375375376,2000,0.027276500000000006
20,2000,8,1,16,0.0,0.49954999999999994,1997,7.598823018000401,9.99820460230115,1000,6.907755278982134,9.997603603603604,2000,0.02731600000000001
20,2000,8,1,17,0.0,0.49785,1997,7.598823018000401,9.99820460230115,999,6.906368984621015,10.00047047047047,2000,0.027323500000000008
20,2000,8,1,18,0.0,0.50045,1997,7.598823018000401,9.99820460230115,1000,6.907755278982134,10.002036036036037,2000,0.027240000000000007
20,2000,8,1,19,0.0,0.49665,1997,7.598823018000401,9.99820460230115,1000,6.907755278982134,10.004682682682683,2000,0.02728450000000001
20,2000,8,1,20,0.0,0.50305,1997,7.598823018000401,9.99820460230115,1000,6.907755278982134,10.000762762762763,2000,0.027367500000000006
20,2000,8,1,21,0.0,0.4967,1997,7.598823018000401,9.99820460230115,996,6.902210101537655,10.001673673673674,2000,0.02736350000000001
20,2000,8,1,22,0.0,0.49825,1997,7.598823018000401,9.99820460230115,1000,6.907755278982134,10.003333333333334,2000,0.027279500000000005
20,2000,8,1,23,0.0,0.50005,1997,7.598823018000401,9.99820460230115,999,6.906368984621015,9.997075075075076,2000,0.02731800000000001
20,2000,8,1,24,0.0,0.50015,1997,7.598823018000401,9.99820460230115,1000,6.907755278982134,10.003377377377378,2000,0.02732650000000001
20,2000,8,1,25,0.0,0.50125,1997,7.598823018000401,9.99820460230115,1000,6.907755278982134,10.000546546546547,2000,0.027339000000000006
20,2000,8,1,26,0.0,0.50005,1997,7.598823018000401,9.99820460230115,1000,6.907755278982134,10.00358958958959,2000,0.02734800000000001
20,2000,8,1,27,0.0,0.50215,1997,7.598823018000401,9.99820460230115,1000,6.907755278982134,10.00059059059059,2000,0.027418000000000005
20,2000,8,1,28,0.0,0.50225,1997,7.598823018000401,9.99820460230115,998,6.904982690259894,10.000038038038038,2000,0.027219500000000008
20,2000,8,1,29,0.0,0.5009,1997,7.598823018000401,9.99820460230115,1000,6.907755278982134,9.999143143143144,2000,0.027320000000000007
20,2000,8,1,30,0.0,0.5033,1997,7.598823018000401,9.99820460230115,1000,6.907755278982134,9.999035035035035,2000,0.027276500000000006
20,2000,8,1,31,0.0,0.5002,1997,7.598823018000401,9.99820460230115,1000,6.907755278982134,9.999115115115115,2000,0.027363000000000005
20,2000,8,1,32,0.0,0.49729999999999996,1997,7.598823018000401,9.99820460230115,1000,6.907755278982134,9.998614614614615,2000,0.027294000000000006
20,2000,8,1,33,0.0,0.4962,1997,7.598823018000401,9.99820460230115,1000,6.907755278982134,10.000472472472472,2000,0.027344000000000007
20,2000,8,1,34,0.0,0.4997,1997,7.598823018000401,9.99820460230115,1000,6.907755278982134,10.003995995995997,2000,0.027398000000000006
20,2000,8,1,35,0.0,0.49695,1997,7.598823018000401,9.99820460230115,1000,6.907755278982134,9.999785785785786,2000,0.02744950000000001
20,2000,8,1,36,0.0,0.5015499999999999,1997,7.598823018000401,9.99820460230115,1000,6.907755278982134,9.99657057057057,2000,0.027168000000000005
20,2000,8,1,37,0.0,0.50105,1997,7.598823018000401,9.99820460230115,1000,6.907755278982134,10.002404404404404,2000,0.027317500000000005
20,2000,8,1,38,0.0,0.49679999999999996,1997,7.598823018000401,9.99820460230115,1000,6.907755278982134,10.003855855855855,2000,0.027298500000000003
20,2000,8,1,39,0.0,0.50115,1997,7.598823018000401,9.99820460230115,1000,6.907755278982134,10.004478478478479,2000,0.027202000000000004
20,2000,8,1,40,0.0,0.4985,1997,7.598823018000401,9.99820460230115,1000,6.907755278982134,9.999771771771771,2000,0.02732450000000001
20,2000,8,1,41,0.0,0.5025,1997,7.598823018000401,9.99820460230115,999,6.906368984621015,10.000860860860861,2000,0.02739850000000001
20,2000,8,1,42,0.0,0.49995,1997,7.598823018000401,9.99820460230115,1000,6.907755278982134,10.00342942942943,2000,0.02737700000000001
20,2000,8,1,43,0.0,0.50195,1997,7.598823018000401,9.99820460230115,999,6.906368984621015,9.997807807807808,2000,0.02737100000000001
20,2000,8,1,44,0.0,0.49825,1997,7.598823018000401,9.99820460230115,1000,6.907755278982134,9.997515515515515,2000,0.02730400000000001
20,2000,8,1,45,0.0,0.4993,1997,7.598823018000401,9.99820460230115,1000,6.907755278982134,10.002006006006006,2000,0.027392000000000007
20,2000,8,1,46,0.0,0.50145,1997,7.598823018000401,9.99820460230115,1000,6.907755278982134,9.996026026026026,2000,0.027358000000000007
20,2000,8,1,47,0.0,0.49785,1997,7.598823018000401,9.99820460230115,999,6.906368984621015,9.997495495495496,2000,0.027225500000000003
20,2000,8,1,48,0.0,0.49910000000000004,1997,7.598823018000401,9.99820460230115,998,6.904982690259894,10.005657657657657,2000,0.027410500000000008
20,2000,8,1,49,0.0,0.49885,1997,7.598823018000401,9.99820460230115,1000,6.907755278982134,10.001851851851852,2000,0.02729800000000001
20,2000,8,1,50,0.0,0.49960000000000004,1997,7.598823018000401,9.99820460230115,998,6.904982690259894,10.00116116116116,2000,0.027408000000000005
20,2000,8,1,51,0.0,0.49729999999999996,1997,7.598823018000401,9.99820460230115,999,6.906368984621015,9.99682082082082,2000,0.027425500000000005
20,2000,8,1,52,0.0,0.50125,1997,7.598823018000401,9.99820460230115,1000,6.907755278982134,10.00017017017017,2000,0.027411000000000005
20,2000,8,1,53,0.0,0.4955,1997,7.598823018000401,9.99820460230115,1000,6.907755278982134,10.000796796796797,2000,0.027506500000000007
20,2000,8,1,54,0.0,0.49884999999999996,1997,7.598823018000401,9.99820460230115,999,6.906368984621015,10.000302302302302,2000,0.027273000000000006
20,2000,8,1,55,0.0,0.49895,1997,7.598823018000401,9.99820460230115,1000,6.907755278982134,10.00208008008008,2000,0.027247500000000008
20,2000,8,1,56,0.0,0.50115,1997,7.598823018000401,9.99820460230115,1000,6.907755278982134,10.004026026026025,2000,0.027336000000000006
20,2000,8,1,57,0.0,0.49629999999999996,1997,7.598823018000401,9.99820460230115,999,6.906368984621015,9.999119119119118,2000,0.027445000000000008
20,2000,8,1,58,0.0,0.4988,1997,7.598823018000401,9.99820460230115,1000,6.907755278982134,9.999683683683683,2000,0.027215500000000007
20,2000,8,1,59,0.0,0.497,1997,7.598823018000401,9.99820460230115,1000,6.907755278982134,9.998338338338339,2000,0.027399000000000007
20,2000,8,1,60,0.0,0.49815,1997,7.598823018000401,9.99820460230115,999,6.906368984621015,10.00543143143143,2000,0.02731400000000001
20,2000,8,1,61,0.0,0.5045999999999999,1997,7.598823018000401,9.99820460230115,1000,6.907755278982134,9.997605605605605,2000,0.027293500000000005
20,2000,8,1,62,0.0,0.50445,1997,7.598823018000401,9.99820460230115,999,6.906368984621015,10.002832832832834,2000,0.027320500000000005
20,2000,8,1,63,0.0,0.5037,1997,7.598823018000401,9.99820460230115,999,6.906368984621015,10.003399399399399,2000,0.027355500000000005
20,2000,8,1,64,0.0,0.5003,1997,7.598823018000401,9.99820460230115,1000,6.907755278982134,10.00122922922923,2000,0.027339000000000006
20,2000,8,1,65,0.0,0.5024,1997,7.598823018000401,9.99820460230115,1000,6.907755278982134,10.002002002002001,2000,0.027389000000000007
20,2000,8,1,66,0.0,0.49945,1997,7.598823018000401,9.99820460230115,1000,6.907755278982134,10.002256256256256,2000,0.027378000000000006
20,2000,8,1,67,0.0,0.49539999999999995,1997,7.598823018000401,9.99820460230115,1000,6.907755278982134,9.999323323323324,2000,0.027406000000000007
20,2000,8,1,68,0.0,0.49845,1997,7.598823018000401,9.99820460230115,1000,6.907755278982134,10.001803803803805,2000,0.027391000000000006
20,2000,8,1,69,0.0,0.5009,1997,7.598823018000401,9.99820460230115,1000,6.907755278982134,9.997073073073073,2000,0.027192000000000008
20,2000,8,1,70,0.0,0.5023,1997,7.598823018000401,9.99820460230115,1000,6.907755278982134,9.995963963963964,2000,0.027202000000000004
20,2000,8,1,71,0.0,0.4978,1997,7.598823018000401,9.99820460230115,999,6.906368984621015,10.002918918918919,2000,0.027469000000000007
20,2000,8,1,72,0.0,0.49889999999999995,1997,7.598823018000401,9.99820460230115,1000,6.907755278982134,10.001085085085085,2000,0.027381000000000006
20,2000,8,1,73,0.0,0.49834999999999996,1997,7.598823018000401,9.99820460230115,1000,6.907755278982134,10.005071071071072,2000,0.027194000000000006
20,2000,8,1,74,0.0,0.49610000000000004,1997,7.598823018000401,9.99820460230115,1000,6.907755278982134,9.998834834834835,2000,0.027268000000000008
20,2000,8,1,75,0.0,0.5062,1997,7.598823018000401,9.99820460230115,1000,6.907755278982134,9.997985985985986,2000,0.027401000000000002
20,2000,8,1,76,0.0,0.5009,1997,7.598823018000401,9.99820460230115,1000,6.907755278982134,9.99780980980981,2000,0.027459500000000005
20,2000,8,1,77,0.0,0.49855,1997,7.598823018000401,9.99820460230115,999,6.906368984621015,10.004282282282283,2000,0.027313500000000004
20,2000,8,1,78,0.0,0.50105,1997,7.598823018000401,9.99820460230115,998,6.904982690259894,10.004482482482482,2000,0.02742300000000001
20,2000,8,1,79,0.0,0.50155,1997,7.598823018000401,9.99820460230115,1000,6.907755278982134,9.997635635635636,2000,0.027320500000000005
20,2000,8,1,80,0.0,0.49639999999999995,1997,7.598823018000401,9.99820460230115,999,6.906368984621015,10.00146946946947,2000,0.027326500000000007
20,2000,8,1,81,0.0,0.49884999999999996,1997,7.598823018000401,9.99820460230115,999,6.906368984621015,9.99707107107107,2000,0.027312000000000006
20,2000,8,1,82,0.0,0.50415,1997,7.598823018000401,9.99820460230115,1000,6.907755278982134,10.00081881881882,2000,0.027353500000000006
20,2000,8,1,83,0.0,0.49865,1997,7.598823018000401,9.99820460230115,998,6.904982690259894,10.001435435435436,2000,0.027315500000000006
20,2000,8,1,84,0.0,0.499,1997,7.598823018000401,9.99820460230115,1000,6.907755278982134,10.00311911911912,2000,0.027416500000000007
20,2000,8,1,85,0.0,0.50275,1997,7.598823018000401,9.99820460230115,1000,6.907755278982134,10.002468468468468,2000,0.027230000000000008
20,2000,8,1,86,0.0,0.4985,1997,7.598823018000401,9.99820460230115,1000,6.907755278982134,9.999531531531531,2000,0.027418000000000005
20,2000,8,1,87,0.0,0.5019,1997,7.598823018000401,9.99820460230115,1000,6.907755278982134,9.997405405405406,2000,0.027245500000000006
20,2000,8,1,88,0.0,0.50025,1997,7.598823018000401,9.99820460230115,999,6.906368984621015,9.999405405405405,2000,0.027308000000000006
20,2000,8,1,89,0.0,0.49625,1997,7.598823018000401,9.99820460230115,999,6.906368984621015,10.00003003003003,2000,0.027235500000000006
20,2000,8,1,90,0.0,0.49960000000000004,1997,7.598823018000401,9.99820460230115,1000,6.907755278982134,9.997273273273274,2000,0.027251000000000004
20,2000,8,1,91,0.0,0.49810000000000004,1997,7.598823018000401,9.99820460230115,998,6.904982690259894,10.002502502502503,2000,0.027247000000000007
20,2000,8,1,92,0.0,0.50105,1997,7.598823018000401,9.99820460230115,1000,6.907755278982134,10.00415015015015,2000,0.027279000000000005
20,2000,8,1,93,0.0,0.49585,1997,7.598823018000401,9.99820460230115,1000,6.907755278982134,9.9966986986987,2000,0.02726300000000001
20,2000,8,1,94,0.0,0.50085,1997,7.598823018000401,9.99820460230115,999,6.906368984621015,9.995033033033033,2000,0.027375500000000007
20,2000,8,1,95,0.0,0.49805,1997,7.598823018000401,9.99820460230115,1000,6.907755278982134,10.000302302302302,2000,0.027254500000000008
20,2000,8,1,96,0.0,0.49905,1997,7.598823018000401,9.99820460230115,1000,6.907755278982134,10.0048988988989,2000,0.02734550000000001
20,2000,8,1,97,0.0,0.49784999999999996,1997,7.598823018000401,9.99820460230115,1000,6.907755278982134,9.997987987987988,2000,0.027292000000000007
20,2000,8,1,98,0.0,0.49935,1997,7.598823018000401,9.99820460230115,1000,6.907755278982134,9.997583583583584,2000,0.027184500000000007
20,2000,8,1,99,0.0,0.5005,1997,7.598823018000401,9.99820460230115,999,6.906368984621015,9.997113113113112,2000,0.02718600000000001
20,2000,8,2,0,0.0,0.49520000000000003,1994,7.596743576458721,10.00051675837919,1000,6.907755278982134,9.999087087087087,2000,0.027228500000000003
20,2000,8,2,1,0.0,0.49760000000000004,1994,7.596743576458721,10.00051675837919,1000,6.907755278982134,10.002206206206207,2000,0.027277500000000003
20,2000,8,2,2,0.0,0.49789999999999995,1994,7.596743576458721,10.00051675837919,1000,6.907755278982134,10.002638638638638,2000,0.027272000000000005
20,2000,8,2,3,0.0,0.49854999999999994,1994,7.596743576458721,10.00051675837919,999,6.906368984621015,9.9972992992993,2000,0.02726600000000001
20,2000,8,2,4,0.0,0.5033000000000001,1994,7.596743576458721,10.00051675837919,1000,6.907755278982134,10.003403403403404,2000,0.027296500000000005
20,2000,8,2,5,0.0,0.49860000000000004,1994,7.596743576458721,10.00051675837919,1000,6.907755278982134,10.001297297297297,2000,0.027265500000000005
20,2000,8,2,6,0.0,0.49735,1994,7.596743576458721,10.00051675837919,1000,6.907755278982134,9.998188188188188,2000,0.027351500000000004
20,2000,8,2,7,0.0,0.4985,1994,7.596743576458721,10.00051675837919,999,6.906368984621015,9.995183183183183,2000,0.02732150000000001
20,2000,8,2,8,0.0,0.49710000000000004,1994,7.596743576458721,10.00051675837919,999,6.906368984621015,10.00006006006006,2000,0.027106000000000005
20,2000,8,2,9,0.0,0.50075,1994,7.596743576458721,10.00051675837919,999,6.906368984621015,9.99735935935936,2000,0.027208500000000007
20,2000,8,2,10,0.0,0.49625,1994,7.596743576458721,10.00051675837919,998,6.904982690259894,9.999921921921922,2000,0.02735950000000001
20,2000,8,2,11,0.0,0.50215,1994,7.596743576458721,10.00051675837919,999,6.906368984621015,10.000242242242242,2000,0.027108000000000004
20,2000,8,2,12,0.0,0.49915,1994,7.596743576458721,10.00051675837919,999,6.906368984621015,9.99958958958959,2000,0.027275500000000008
20,2000,8,2,13,0.0,0.5016499999999999,1994,7.596743576458721,10.00051675837919,999,6.906368984621015,10.001803803803805,2000,0.027266500000000006
20,2000,8,2,14,0.0,0.49735,1994,7.596743576458721,10.00051675837919,1000,6.907755278982134,10.004018018018018,2000,0.027065000000000006
20,2000,8,2,15,0.0,0.49795000000000006,1994,7.596743576458721,10.00051675837919,1000,6.907755278982134,10.003069069069069,2000,0.027344500000000008
20,2000,8,2,16,0.0,0.49685,1994,7.596743576458721,10.00051675837919,1000,6.907755278982134,9.998332332332332,2000,0.027306000000000004
20,2000,8,2,17,0.0,0.5005,1994,7.596743576458721,10.00051675837919,1000,6.907755278982134,10.001445445445446,2000,0.027121500000000007
20,2000,8,2,18,0.0,0.50195,1994,7.596743576458721,10.00051675837919,1000,6.907755278982134,10.002396396396396,2000,0.027373500000000005
20,2000,8,2,19,0.0,0.49670000000000003,1994,7.596743576458721,10.00051675837919,999,6.906368984621015,10.004056056056056,2000,0.027199000000000004
20,2000,8,2,20,0.0,0.49705,1994,7.596743576458721,10.00051675837919,999,6.906368984621015,9.998628628628628,2000,0.02715100000000001
20,2000,8,2,21,0.0,0.50185,1994,7.596743576458721,10.00051675837919,999,6.906368984621015,9.996454454454454,2000,0.027144000000000005
20,2000,8,2,22,0.0,0.5017,1994,7.596743576458721,10.00051675837919,1000,6.907755278982134,9.999647647647647,2000,0.02726000000000001
20,2000,8,2,23,0.0,0.50125,1994,7.596743576458721,10.00051675837919,1000,6.907755278982134,10.001743743743743,2000,0.027172500000000006
20,2000,8,2,24,0.0,0.49815,1994,7.596743576458721,10.00051675837919,1000,6.907755278982134,9.998264264264265,2000,0.027156500000000007
20,2000,8,2,25,0.0,0.5033,1994,7.596743576458721,10.00051675837919,1000,6.907755278982134,9.995403403403403,2000,0.027312000000000006
20,2000,8,2,26,0.0,0.49989999999999996,1994,7.596743576458721,10.00051675837919,1000,6.907755278982134,10.001733733733733,2000,0.02715900000000001
20,2000,8,2,27,0.0,0.5002000000000001,1994,7.596743576458721,10.00051675837919,1000,6.907755278982134,10.0030990990991,2000,0.02735850000000001
20,2000,8,2,28,0.0,0.49935,1994,7.596743576458721,10.00051675837919,1000,6.907755278982134,9.996918918918919,2000,0.027353000000000006
20,2000,8,2,29,0.0,0.49429999999999996,1994,7.596743576458721,10.00051675837919,1000,6.907755278982134,9.996264264264264,2000,0.027324000000000005
20,2000,8,2,30,0.0,0.4965,1994,7.596743576458721,10.00051675837919,1000,6.907755278982134,10.00184984984985,2000,0.027263000000000006
20,2000,8,2,31,0.0,0.49745000000000006,1994,7.596743576458721,10.00051675837919,997,6.903596395898775,9.998688688688688,2000,0.02741500000000001
20,2000,8,2,32,0.0,0.49505,1994,7.596743576458721,10.00051675837919,1000,6.907755278982134,9.996930930930931,2000,0.027256500000000006
20,2000,8,2,33,0.0,0.4957,1994,7.596743576458721,10.00051675837919,999,6.906368984621015,10.00028028028028,2000,0.027206500000000005
20,2000,8,2,34,0.0,0.49715,1994,7.596743576458721,10.00051675837919,999,6.906368984621015,10.000054054054054,2000,0.027150500000000008
20,2000,8,2,35,0.0,0.5022000000000001,1994,7.596743576458721,10.00051675837919,1000,6.907755278982134,10.000568568568568,2000,0.027245500000000006
20,2000,8,2,36,0.0,0.49445,1994,7.596743576458721,10.00051675837919,1000,6.907755278982134,9.995921921921921,2000,0.027260500000000007
20,2000,8,2,37,0.0,0.4965,1994,7.596743576458721,10.00051675837919,1000,6.907755278982134,9.993337337337337,2000,0.027323000000000007
20,2000,8,2,38,0.0,0.49939999999999996,1994,7.596743576458721,10.00051675837919,1000,6.907755278982134,9.999903903903904,2000,0.02731150000000001
20,2000,8,2,39,0.0,0.49335,1994,7.596743576458721,10.00051675837919,999,6.906368984621015,9.997295295295295,2000,0.02726850000000001
20,2000,8,2,40,0.0,0.5025,1994,7.596743576458721,10.00051675837919,1000,6.907755278982134,10.002114114114114,2000,0.02737700000000001
20,2000,8,2,41,0.0,0.49960000000000004,1994,7.596743576458721,10.00051675837919,1000,6.907755278982134,10.001201201201201,2000,0.027160000000000007
20,2000,8,2,42,0.0,0.5021,1994,7.596743576458721,10.00051675837919,1000,6.907755278982134,10.00225025025025,2000,0.02733900000000001
20,2000,8,2,43,0.0,0.49655,1994,7.596743576458721,10.00051675837919,1000,6.907755278982134,9.997951951951952,2000,0.027331500000000005
20,2000,8,2,44,0.0,0.50025,1994,7.596743576458721,10.00051675837919,1000,6.907755278982134,9.997623623623623,2000,0.02729350000000001
20,2000,8,2,45,0.0,0.4997,1994,7.596743576458721,10.00051675837919,1000,6.907755278982134,10.001357357357357,2000,0.027380500000000006
20,2000,8,2,46,0.0,0.49720000000000003,1994,7.596743576458721,10.00051675837919,1000,6.907755278982134,9.993357357357358,2000,0.027282500000000005
20,2000,8,2,47,0.0,0.49795000000000006,1994,7.596743576458721,10.00051675837919,999,6.906368984621015,10.001595595595596,2000,0.02719650000000001
20,2000,8,2,48,0.0,0.5028,1994,7.596743576458721,10.00051675837919,1000,6.907755278982134,9.99766966966967,2000,0.027292500000000008
20,2000,8,2,49,0.0,0.4973000000000001,1994,7.596743576458721,10.00051675837919,1000,6.907755278982134,10.000448448448449,2000,0.027151500000000005
20,2000,8,2,50,0.0,0.50355,1994,7.596743576458721,10.00051675837919,1000,6.907755278982134,9.999773773773773,2000,0.02710750000000001
20,2000,8,2,51,0.0,0.49520000000000003,1994,7.596743576458721,10.00051675837919,1000,6.907755278982134,10.000944944944944,2000,0.027130500000000005
20,2000,8,2,52,0.0,0.5021,1994,7.596743576458721,10.00051675837919,1000,6.907755278982134,9.99531931931932,2000,0.027136500000000004
20,2000,8,2,53,0.0,0.4985,1994,7.596743576458721,10.00051675837919,1000,6.907755278982134,10.001153153153153,2000,0.027229500000000004
20,2000,8,2,54,0.0,0.5006499999999999,1994,7.596743576458721,10.00051675837919,999,6.906368984621015,9.999285285285286,2000,0.027246500000000003
20,2000,8,2,55,0.0,0.49845,1994,7.596743576458721,10.00051675837919,999,6.906368984621015,9.99952952952953,2000,0.027203500000000005
20,2000,8,2,56,0.0,0.49910000000000004,1994,7.596743576458721,10.00051675837919,1000,6.907755278982134,9.99778978978979,2000,0.027135000000000006
20,2000,8,2,57,0.0,0.5005,1994,7.596743576458721,10.00051675837919,1000,6.907755278982134,9.99861061061061,2000,0.027255500000000005
20,2000,8,2,58,0.0,0.5009,1994,7.596743576458721,10.00051675837919,1000,6.907755278982134,9.995947947947949,2000,0.02719600000000001
20,2000,8,2,59,0.0,0.49610000000000004,1994,7.596743576458721,10.00051675837919,1000,6.907755278982134,9.992760760760762,2000,0.02718250000000001
20,2000,8,2,60,0.0,0.49685,1994,7.596743576458721,10.00051675837919,999,6.906368984621015,9.997511511511512,2000,0.027257500000000007
20,2000,8,2,61,0.0,0.5002000000000001,1994,7.596743576458721,10.00051675837919,1000,6.907755278982134,9.99396996996997,2000,0.027228500000000003
20,2000,8,2,62,0.0,0.49870000000000003,1994,7.596743576458721,10.00051675837919,1000,6.907755278982134,10.002026026026027,2000,0.027111000000000003
20,2000,8,2,63,0.0,0.4979,1994,7.596743576458721,10.00051675837919,1000,6.907755278982134,9.99935135135135,2000,0.027361000000000007
20,2000,8,2,64,0.0,0.49905,1994,7.596743576458721,10.00051675837919,1000,6.907755278982134,9.999481481481482,2000,0.027030000000000005
20,2000,8,2,65,0.0,0.5008,1994,7.596743576458721,10.00051675837919,999,6.906368984621015,9.99423023023023,2000,0.027315500000000006
20,2000,8,2,66,0.0,0.49610000000000004,1994,7.596743576458721,10.00051675837919,1000,6.907755278982134,10.000008008008008,2000,0.027365500000000004
20,2000,8,2,67,0.0,0.5036,1994,7.596743576458721,10.00051675837919,1000,6.907755278982134,10.004792792792793,2000,0.027253000000000006
20,2000,8,2,68,0.0,0.49735,1994,7.596743576458721,10.00051675837919,1000,6.907755278982134,10.00161961961962,2000,0.027333000000000007
20,2000,8,2,69,0.0,0.49660000000000004,1994,7.596743576458721,10.00051675837919,999,6.906368984621015,10.000960960960962,2000,0.027312500000000007
20,2000,8,2,70,0.0,0.5018,1994,7.596743576458721,10.00051675837919,1000,6.907755278982134,10.000256256256256,2000,0.027237500000000005
20,2000,8,2,71,0.0,0.49695000000000006,1994,7.596743576458721,10.00051675837919,1000,6.907755278982134,10.000986986986987,2000,0.027192000000000008
20,2000,8,2,72,0.0,0.4983,1994,7.596743576458721,10.00051675837919,999,6.906368984621015,10.001157157157158,2000,0.02725250000000001
20,2000,8,2,73,0.0,0.49655000000000005,1994,7.596743576458721,10.00051675837919,1000,6.907755278982134,9.998948948948948,2000,0.027226000000000007
20,2000,8,2,74,0.0,0.49595000000000006,1994,7.596743576458721,10.00051675837919,999,6.906368984621015,10.001715715715715,2000,0.02727700000000001
20,2000,8,2,75,0.0,0.50025,1994,7.596743576458721,10.00051675837919,999,6.906368984621015,10.003925925925927,2000,0.027262000000000012
20,2000,8,2,76,0.0,0.49860000000000004,1994,7.596743576458721,10.00051675837919,1000,6.907755278982134,9.999615615615616,2000,0.02719650000000001
20,2000,8,2,77,0.0,0.50075,1994,7.596743576458721,10.00051675837919,1000,6.907755278982134,10.00133133133133,2000,0.02743350000000001
20,2000,8,2,78,0.0,0.49665,1994,7.596743576458721,10.00051675837919,999,6.906368984621015,9.99884084084084,2000,0.027209000000000007
20,2000,8,2,79,0.0,0.49779999999999996,1994,7.596743576458721,10.00051675837919,1000,6.907755278982134,9.998858858858858,2000,0.027288000000000007
20,2000,8,2,80,0.0,0.49865,1994,7.596743576458721,10.00051675837919,998,6.904982690259894,10.001535535535535,2000,0.02733200000000001
20,2000,8,2,81,0.0,0.49829999999999997,1994,7.596743576458721,10.00051675837919,1000,6.907755278982134,10.002422422422422,2000,0.027135000000000006
20,2000,8,2,82,0.0,0.49710000000000004,1994,7.596743576458721,10.00051675837919,1000,6.907755278982134,10.001201201201201,2000,0.02718950000000001
20,2000,8,2,83,0.0,0.5006499999999999,1994,7.596743576458721,10.00051675837919,1000,6.907755278982134,9.997687687687687,2000,0.027352000000000008
20,2000,8,2,84,0.0,0.5004,1994,7.596743576458721,10.00051675837919,1000,6.907755278982134,10.00203003003003,2000,0.02733400000000001
20,2000,8,2,85,0.0,0.5039,1994,7.596743576458721,10.00051675837919,999,6.906368984621015,9.995911911911913,2000,0.027233000000000007
20,2000,8,2,86,0.0,0.49495000000000006,1994,7.596743576458721,10.00051675837919,1000,6.907755278982134,10.001515515515516,2000,0.027279500000000005
20,2000,8,2,87,0.0,0.5019,1994,7.596743576458721,10.00051675837919,1000,6.907755278982134,9.999883883883884,2000,0.027289500000000008
20,2000,8,2,88,0.0,0.5001,1994,7.596743576458721,10.00051675837919,999,6.906368984621015,10.000268268268268,2000,0.02730350000000001
20,2000,8,2,89,0.0,0.5026499999999999,1994,7.596743576458721,10.00051675837919,1000,6.907755278982134,10.003445445445445,2000,0.027238000000000005
20,2000,8,2,90,0.0,0.50225,1994,7.596743576458721,10.00051675837919,1000,6.907755278982134,10.00047847847848,2000,0.02718800000000001
20,2000,8,2,91,0.0,0.49889999999999995,1994,7.596743576458721,10.00051675837919,1000,6.907755278982134,9.996472472472473,2000,0.027240500000000008
20,2000,8,2,92,0.0,0.49810000000000004,1994,7.596743576458721,10.00051675837919,999,6.906368984621015,9.992532532532532,2000,0.027276500000000006
20,2000,8,2,93,0.0,0.49905,1994,7.596743576458721,10.00051675837919,1000,6.907755278982134,9.99804004004004,2000,0.027246500000000007
20,2000,8,2,94,0.0,0.49760000000000004,1994,7.596743576458721,10.00051675837919,1000,6.907755278982134,9.9993993993994,2000,0.027341000000000004
20,2000,8,2,95,0.0,0.5047999999999999,1994,7.596743576458721,10.00051675837919,999,6.906368984621015,10.003931931931932,2000,0.027338000000000008
20,2000,8,2,96,0.0,0.49905,1994,7.596743576458721,10.00051675837919,1000,6.907755278982134,9.9986006006006,2000,0.027349000000000005
20,2000,8,2,97,0.0,0.49604999999999994,1994,7.596743576458721,10.00051675837919,998,6.904982690259894,9.998512512512512,2000,0.027215500000000007
20,2000,8,2,98,0.0,0.5002000000000001,1994,7.596743576458721,10.00051675837919,1000,6.907755278982134,9.997913913913914,2000,0.027298500000000007
20,2000,8,2,99,0.0,0.49965,1994,7.596743576458721,10.00051675837919,1000,6.907755278982134,9.99884884884885,2000,0.02718250000000001
20,2000,8,3,0,0.0,0.4962,1999,7.600209312361521,10.0010100050025,1000,6.907755278982134,10.000776776776776,2000,0.027442000000000008
20,2000,8,3,1,0.0,0.49915,1999,7.600209312361521,10.0010100050025,999,6.906368984621015,10.001675675675676,2000,0.027280500000000003
20,2000,8,3,2,0.0,0.5006499999999999,1999,7.600209312361521,10.0010100050025,999,6.906368984621015,9.997587587587587,2000,0.027290000000000005
20,2000,8,3,3,0.0,0.4962,1999,7.600209312361521,10.0010100050025,999,6.906368984621015,9.996048048048047,2000,0.027192000000000008
20,2000,8,3,4,0.0,0.4995,1999,7.600209312361521,10.0010100050025,999,6.906368984621015,9.99825025025025,2000,0.027387500000000006
20,2000,8,3,5,0.0,0.49715,1999,7.600209312361521,10.0010100050025,1000,6.907755278982134,10.00115915915916,2000,0.02724950000000001
20,2000,8,3,6,0.0,0.49675,1999,7.600209312361521,10.0010100050025,998,6.904982690259895,9.999413413413414,2000,0.02714850000000001
20,2000,8,3,7,0.0,0.50185,1999,7.600209312361521,10.0010100050025,999,6.906368984621015,9.9935995995996,2000,0.027487000000000008
20,2000,8,3,8,0.0,0.4953,1999,7.600209312361521,10.0010100050025,998,6.904982690259894,9.997205205205205,2000,0.027086000000000006
20,2000,8,3,9,0.0,0.49675,1999,7.600209312361521,10.0010100050025,1000,6.907755278982134,10.001127127127127,2000,0.027095000000000004
20,2000,8,3,10,0.0,0.49825,1999,7.600209312361521,10.0010100050025,999,6.906368984621015,10.003513513513514,2000,0.027255000000000005
20,2000,8,3,11,0.0,0.49844999999999995,1999,7.600209312361521,10.0010100050025,1000,6.907755278982134,9.996774774774774,2000,0.027274500000000007
20,2000,8,3,12,0.0,0.5004,1999,7.600209312361521,10.0010100050025,1000,6.907755278982134,10.00428028028028,2000,0.02733500000000001
20,2000,8,3,13,0.0,0.49660000000000004,1999,7.600209312361521,10.0010100050025,1000,6.907755278982134,9.995323323323323,2000,0.02717200000000001
20,2000,8,3,14,0.0,0.50175,1999,7.600209312361521,10.0010100050025,999,6.906368984621015,9.99940940940941,2000,0.027237500000000008
20,2000,8,3,15,0.0,0.5019499999999999,1999,7.600209312361521,10.0010100050025,1000,6.907755278982134,10.002264264264264,2000,0.02722400000000001
20,2000,8,3,16,0.0,0.5032,1999,7.600209312361521,10.0010100050025,1000,6.907755278982134,9.999043043043043,2000,0.027303000000000004
20,2000,8,3,17,0.0,0.49160000000000004,1999,7.600209312361521,10.0010100050025,1000,6.907755278982134,9.997245245245246,2000,0.027273500000000006
20,2000,8,3,18,0.0,0.49920000000000003,1999,7.600209312361521,10.0010100050025,1000,6.907755278982134,10.001917917917918,2000,0.02723850000000001
20,2000,8,3,19,0.0,0.49475,1999,7.600209312361521,10.0010100050025,999,6.906368984621015,9.998188188188188,2000,0.02721450000000001
20,2000,8,3,20,0.0,0.49715,1999,7.600209312361521,10.0010100050025,1000,6.907755278982134,10.002516516516517,2000,0.027254500000000008
20,2000,8,3,21,0.0,0.5004,1999,7.600209312361521,10.0010100050025,999,6.906368984621015,9.999243243243244,2000,0.027155500000000006
20,2000,8,3,22,0.0,0.49735,1999,7.600209312361521,10.0010100050025,1000,6.907755278982134,9.998488488488489,2000,0.027260000000000006
20,2000,8,3,23,0.0,0.5013500000000001,1999,7.600209312361521,10.0010100050025,998,6.904982690259894,10.002076076076076,2000,0.02718900000000001
20,2000,8,3,24,0.0,0.49925,1999,7.600209312361521,10.0010100050025,1000,6.907755278982134,9.999017017017017,2000,0.027347000000000007
20,2000,8,3,25,0.0,0.49954999999999994,1999,7.600209312361521,10.0010100050025,999,6.906368984621015,10.001123123123124,2000,0.02714400000000001
20,2000,8,3,26,0.0,0.494,1999,7.600209312361521,10.0010100050025,1000,6.907755278982134,9.999875875875876,2000,0.027109000000000008
20,2000,8,3,27,0.0,0.498,1999,7.600209312361521,10.0010100050025,1000,6.907755278982134,10.002898898898898,2000,0.02732100000000001
20,2000,8,3,28,0.0,0.49860000000000004,1999,7.600209312361521,10.0010100050025,1000,6.907755278982134,10.002418418418419,2000,0.027217000000000005
20,2000,8,3,29,0.0,0.50085,1999,7.600209312361521,10.0010100050025,1000,6.907755278982134,10.002196196196197,2000,0.027302000000000007
20,2000,8,3,30,0.0,0.4924,1999,7.600209312361521,10.0010100050025,999,6.906368984621015,9.998162162162162,2000,0.027403000000000007
20,2000,8,3,31,0.0,0.49539999999999995,1999,7.600209312361521,10.0010100050025,999,6.906368984621015,9.999983983983984,2000,0.02724200000000001
20,2000,8,3,32,0.0,0.50015,1999,7.600209312361521,10.0010100050025,1000,6.907755278982134,10.001595595595596,2000,0.02718050000000001
20,2000,8,3,33,0.0,0.49369999999999997,1999,7.600209312361521,10.0010100050025,1000,6.907755278982134,9.999591591591592,2000,0.027237000000000008
20,2000,8,3,34,0.0,0.49745,1999,7.600209312361521,10.0010100050025,1000,6.907755278982134,10.0024004004004,2000,0.027454000000000006
20,2000,8,3,35,0.0,0.4955,1999,7.600209312361521,10.0010100050025,1000,6.907755278982134,10.000696696696696,2000,0.02728800000000001
20,2000,8,3,36,0.0,0.5037,1999,7.600209312361521,10.0010100050025,1000,6.907755278982134,10.00237037037037,2000,0.027380500000000006
20,2000,8,3,37,0.0,0.49744999999999995,1999,7.600209312361521,10.0010100050025,1000,6.907755278982134,9.99566966966967,2000,0.027258000000000008
20,2000,8,3,38,0.0,0.4967,1999,7.600209312361521,10.0010100050025,1000,6.907755278982134,9.995675675675676,2000,0.027101000000000007
20,2000,8,3,39,0.0,0.49929999999999997,1999,7.600209312361521,10.0010100050025,1000,6.907755278982134,9.999039039039038,2000,0.027184000000000003
20,2000,8,3,40,0.0,0.5022000000000001,1999,7.600209312361521,10.0010100050025,1000,6.907755278982134,9.998766766766767,2000,0.02718050000000001
20,2000,8,3,41,0.0,0.4987,1999,7.600209312361521,10.0010100050025,998,6.904982690259894,10.001193193193194,2000,0.027285000000000007
20,2000,8,3,42,0.0,0.49715,1999,7.600209312361521,10.0010100050025,999,6.906368984621015,9.997055055055055,2000,0.027326500000000007
20,2000,8,3,43,0.0,0.49685,1999,7.600209312361521,10.0010100050025,999,6.906368984621015,9.9981001001001,2000,0.027110000000000006
20,2000,8,3,44,0.0,0.50225,1999,7.600209312361521,10.0010100050025,999,6.906368984621015,9.997087087087086,2000,0.026982000000000006
20,2000,8,3,45,0.0,0.49739999999999995,1999,7.600209312361521,10.0010100050025,1000,6.907755278982134,10.002078078078078,2000,0.027160000000000004
20,2000,8,3,46,0.0,0.49665,1999,7.600209312361521,10.0010100050025,1000,6.907755278982134,10.004714714714714,2000,0.02724950000000001
20,2000,8,3,47,0.0,0.49615,1999,7.600209312361521,10.0010100050025,999,6.906368984621015,10.001283283283284,2000,0.027314500000000005
20,2000,8,3,48,0.0,0.49745,1999,7.600209312361521,10.0010100050025,1000,6.907755278982134,10.00025025025025,2000,0.02718550000000001
20,2000,8,3,49,0.0,0.49589999999999995,1999,7.600209312361521,10.0010100050025,1000,6.907755278982134,9.995791791791792,2000,0.027208500000000004
20,2000,8,3,50,0.0,0.5025,1999,7.600209312361521,10.0010100050025,1000,6.907755278982134,10.003015015015015,2000,0.02726200000000001
20,2000,8,3,51,0.0,0.4935,1999,7.600209312361521,10.0010100050025,999,6.906368984621015,10.00028028028028,2000,0.027140500000000005
20,2000,8,3,52,0.0,0.49579999999999996,1999,7.600209312361521,10.0010100050025,1000,6.907755278982134,10.00385985985986,2000,0.027318500000000006
20,2000,8,3,53,0.0,0.49639999999999995,1999,7.600209312361521,10.0010100050025,999,6.906368984621015,9.998818818818819,2000,0.027340000000000007
20,2000,8,3,54,0.0,0.5019,1999,7.600209312361521,10.0010100050025,1000,6.907755278982134,9.999667667667667,2000,0.027208500000000007
20,2000,8,3,55,0.0,0.49815,1999,7.600209312361521,10.0010100050025,999,6.906368984621015,9.998728728728729,2000,0.027328500000000006
20,2000,8,3,56,0.0,0.50145,1999,7.600209312361521,10.0010100050025,1000,6.907755278982134,9.997403403403403,2000,0.027309500000000007
20,2000,8,3,57,0.0,0.5005499999999999,1999,7.600209312361521,10.0010100050025,1000,6.907755278982134,9.993635635635636,2000,0.02724450000000001
20,2000,8,3,58,0.0,0.497,1999,7.600209312361521,10.0010100050025,1000,6.907755278982134,10.004956956956956,2000,0.02715950000000001
20,2000,8,3,59,0.0,0.49905,1999,7.600209312361521,10.0010100050025,1000,6.907755278982134,9.996466466466467,2000,0.02719950000000001
20,2000,8,3,60,0.0,0.49839999999999995,1999,7.600209312361521,10.0010100050025,1000,6.907755278982134,9.997653653653654,2000,0.027352000000000008
20,2000,8,3,61,0.0,0.5,1999,7.600209312361521,10.0010100050025,1000,6.907755278982134,9.998026026026025,2000,0.027344000000000007
20,2000,8,3,62,0.0,0.4966999999999999,1999,7.600209312361521,10.0010100050025,999,6.906368984621015,9.999315315315314,2000,0.027218500000000007
20,2000,8,3,63,0.0,0.49865,1999,7.600209312361521,10.0010100050025,1000,6.907755278982134,9.999857857857858,2000,0.027253000000000006
20,2000,8,3,64,0.0,0.49935,1999,7.600209312361521,10.0010100050025,1000,6.907755278982134,9.997007007007007,2000,0.02734150000000001
20,2000,8,3,65,0.0,0.49854999999999994,1999,7.600209312361521,10.0010100050025,1000,6.907755278982134,10.000502502502503,2000,0.02720050000000001
20,2000,8,3,66,0.0,0.49979999999999997,1999,7.600209312361521,10.0010100050025,1000,6.907755278982134,10.000472472472472,2000,0.027132500000000007
20,2000,8,3,67,0.0,0.5021,1999,7.600209312361521,10.0010100050025,1000,6.907755278982134,10.001741741741741,2000,0.027233500000000008
20,2000,8,3,68,0.0,0.496,1999,7.600209312361521,10.0010100050025,999,6.906368984621015,9.994686686686686,2000,0.027072500000000006
20,2000,8,3,69,0.0,0.5007999999999999,1999,7.600209312361521,10.0010100050025,999,6.906368984621015,9.993401401401401,2000,0.027246500000000007
20,2000,8,3,70,0.0,0.49585,1999,7.600209312361521,10.0010100050025,999,6.906368984621015,10.00033033033033,2000,0.027099500000000006
20,2000,8,3,71,0.0,0.49905,1999,7.600209312361521,10.0010100050025,1000,6.907755278982134,10.00003003003003,2000,0.02714950000000001
20,2000,8,3,72,0.0,0.49995,1999,7.600209312361521,10.0010100050025,999,6.906368984621015,9.997583583583584,2000,0.02719750000000001
20,2000,8,3,73,0.0,0.49715,1999,7.600209312361521,10.0010100050025,1000,6.907755278982134,9.998336336336337,2000,0.027269000000000005
20,2000,8,3,74,0.0,0.49844999999999995,1999,7.600209312361521,10.0010100050025,1000,6.907755278982134,9.997863863863865,2000,0.02719100000000001
20,2000,8,3,75,0.0,0.49825,1999,7.600209312361521,10.0010100050025,998,6.904982690259894,10.002004004004004,2000,0.027214000000000006
20,2000,8,3,76,0.0,0.5019,1999,7.600209312361521,10.0010100050025,999,6.906368984621015,10.001493493493493,2000,0.02722050000000001
20,2000,8,3,77,0.0,0.50075,1999,7.600209312361521,10.0010100050025,1000,6.907755278982134,9.999285285285286,2000,0.027296500000000008
20,2000,8,3,78,0.0,0.49765,1999,7.600209312361521,10.0010100050025,1000,6.907755278982134,10.002864864864865,2000,0.02733850000000001
20,2000,8,3,79,0.0,0.5024,1999,7.600209312361521,10.0010100050025,1000,6.907755278982134,10.002562562562563,2000,0.02724300000000001
20,2000,8,3,80,0.0,0.49604999999999994,1999,7.600209312361521,10.0010100050025,1000,6.907755278982134,9.99771971971972,2000,0.02718650000000001
20,2000,8,3,81,0.0,0.49725,1999,7.600209312361521,10.0010100050025,998,6.904982690259894,10.001975975975975,2000,0.027414000000000008
20,2000,8,3,82,0.0,0.49889999999999995,1999,7.600209312361521,10.0010100050025,1000,6.907755278982134,9.996344344344344,2000,0.027489500000000007
20,2000,8,3,83,0.0,0.5005499999999999,1999,7.600209312361521,10.0010100050025,1000,6.907755278982134,9.99763963963964,2000,0.02706950000000001
20,2000,8,3,84,0.0,0.50185,1999,7.600209312361521,10.0010100050025,1000,6.907755278982134,9.99852052052052,2000,0.02708950000000001
20,2000,8,3,85,0.0,0.4967,1999,7.600209312361521,10.0010100050025,1000,6.907755278982134,10.002842842842842,2000,0.027288500000000007
20,2000,8,3,86,0.0,0.49989999999999996,1999,7.600209312361521,10.0010100050025,1000,6.907755278982134,10.004456456456456,2000,0.02719650000000001
20,2000,8,3,87,0.0,0.49565,1999,7.600209312361521,10.0010100050025,1000,6.907755278982134,9.993891891891892,2000,0.02718700000000001
20,2000,8,3,88,0.0,0.49704999999999994,1999,7.600209312361521,10.0010100050025,1000,6.907755278982134,10.001195195195196,2000,0.027260000000000006
20,2000,8,3,89,0.0,0.49704999999999994,1999,7.600209312361521,10.0010100050025,999,6.906368984621015,10.001227227227227,2000,0.027388000000000006
20,2000,8,3,90,0.0,0.49735,1999,7.600209312361521,10.0010100050025,1000,6.907755278982134,9.998752752752752,2000,0.027241000000000008
20,2000,8,3,91,0.0,0.49729999999999996,1999,7.600209312361521,10.0010100050025,1000,6.907755278982134,9.99563963963964,2000,0.027233500000000008
20,2000,8,3,92,0.0,0.49395,1999,7.600209312361521,10.0010100050025,1000,6.907755278982134,9.996882882882883,2000,0.027250500000000007
20,2000,8,3,93,0.0,0.50005,1999,7.600209312361521,10.0010100050025,1000,6.907755278982134,9.99665065065065,2000,0.02725150000000001
20,2000,8,3,94,0.0,0.49829999999999997,1999,7.600209312361521,10.0010100050025,999,6.906368984621015,9.994778778778779,2000,0.027254500000000008
20,2000,8,3,95,0.0,0.49860000000000004,1999,7.600209312361521,10.0010100050025,1000,6.907755278982134,9.998882882882883,2000,0.02718600000000001
20,2000,8,3,96,0.0,0.49979999999999997,1999,7.600209312361521,10.0010100050025,999,6.906368984621015,10.00028028028028,2000,0.027289500000000008
20,2000,8,3,97,0.0,0.5003,1999,7.600209312361521,10.0010100050025,999,6.906368984621015,9.999967967967969,2000,0.027156000000000007
20,2000,8,3,98,0.0,0.49725,1999,7.600209312361521,10.0010100050025,1000,6.907755278982134,10.002288288288288,2000,0.02722050000000001
20,2000,8,3,99,0.0,0.49535,1999,7.600209312361521,10.0010100050025,1000,6.907755278982134,9.996430430430431,2000,0.027214000000000006
